menu_item_key,restaurant_key,item_name,category,price,is_veg
1,1,Chole Bhature,Main,190,True
2,1,Masala Chai,Beverage,190,True
3,1,Cold Coffee,Beverage,220,False
4,1,Dal Makhani,Main,200,True
5,1,Tandoori Roti,Main,155,True
6,1,Butter Naan,Main,250,True
7,1,Rajma Chawal,Main,185,True
8,1,Paneer Butter Masala,Main,260,False
9,1,Chocolate Brownie,Dessert,125,False
10,1,Mango Lassi,Beverage,185,False
11,1,Shahi Paneer,Main,260,False
12,1,Chicken Curry,Main,240,True
13,1,Gulab Jamun,Dessert,165,False
14,2,Dal Makhani,Main,340,False
15,2,Paneer Butter Masala,Main,460,False
16,2,Chole Bhature,Main,445,True
17,2,Mango Lassi,Beverage,320,False
18,2,Cold Coffee,Beverage,395,False
19,2,Tandoori Roti,Main,410,False
20,2,Gulab Jamun,Dessert,485,True
21,2,Chocolate Brownie,Dessert,490,True
22,3,Boneless Biryani,Main,130,False
23,3,Cold Coffee,Beverage,150,False
24,3,Hyderabadi Dum Biryani,Main,65,False
25,3,Gulab Jamun,Dessert,120,True
26,3,Mutton Biryani,Main,115,False
27,3,Veg Biryani,Main,80,True
28,3,Chicken 65,Main,110,True
29,4,Cheese Sandwich,Main,480,True
30,4,Mango Lassi,Beverage,440,True
31,4,Veg Wrap,Main,500,True
32,4,Gulab Jamun,Dessert,380,True
33,4,French Fries,Main,340,False
34,4,Veg Burger,Main,245,True
35,4,Masala Chai,Beverage,295,False
36,4,Chicken Burger,Main,490,True
37,5,Mango Lassi,Beverage,390,True
38,5,Quinoa Salad,Main,515,True
39,5,Gulab Jamun,Dessert,490,False
40,5,Grilled Chicken Bowl,Main,390,False
41,5,Cold Coffee,Beverage,400,True
42,5,Chocolate Brownie,Dessert,505,True
43,5,Fruit Bowl,Main,490,False
44,5,Sprout Salad,Main,270,True
45,5,Masala Chai,Beverage,295,True
46,6,Gulab Jamun,Dessert,130,True
47,6,Veg Frankie,Main,85,True
48,6,Chicken Roll,Main,105,False
49,6,Chocolate Brownie,Dessert,135,False
50,6,Egg Roll,Main,105,True
51,6,Double Egg Roll,Main,65,False
52,6,Masala Chai,Beverage,100,True
53,6,Paneer Roll,Main,115,False
54,6,Cold Coffee,Beverage,105,True
55,6,Mango Lassi,Beverage,145,True
56,7,Masala Chai,Beverage,135,True
57,7,Buttermilk,Beverage,250,False
58,7,Fresh Lime Soda,Beverage,145,True
59,7,Mango Lassi,Beverage,170,True
60,7,Masala Chai,Beverage,125,True
61,7,Mango Lassi,Beverage,175,True
62,7,Gulab Jamun,Dessert,235,False
63,7,Chocolate Brownie,Dessert,190,True
64,7,Cold Drink,Beverage,235,True
65,7,Cold Coffee,Beverage,245,True
66,7,Cold Coffee,Beverage,250,True
67,8,Chicken Momos,Main,180,True
68,8,Veg Manchurian,Main,180,True
69,8,Chocolate Brownie,Dessert,230,False
70,8,Veg Hakka Noodles,Main,205,True
71,8,Masala Chai,Beverage,110,False
72,8,Chilli Paneer,Main,190,False
73,8,Chilli Chicken,Main,190,True
74,8,Cold Coffee,Beverage,215,False
75,8,Gulab Jamun,Dessert,120,False
76,8,Spring Roll,Main,140,True
77,8,Fried Rice,Main,115,False
78,9,Chocolate Brownie,Dessert,90,True
79,9,Cold Coffee,Beverage,80,True
80,9,Gulab Jamun,Dessert,95,True
81,9,Chicken 65,Main,105,True
82,9,Masala Chai,Beverage,105,True
83,9,Egg Biryani,Main,145,True
84,9,Veg Biryani,Main,115,True
85,9,Mutton Biryani,Main,95,True
86,10,Samosa,Main,95,True
87,10,Dahi Puri,Main,80,True
88,10,Chocolate Brownie,Dessert,100,False
89,10,Mango Lassi,Beverage,90,False
90,10,Masala Chai,Beverage,85,True
91,10,Kachori,Main,145,False
92,10,Gulab Jamun,Dessert,90,True
93,10,Pani Puri,Main,135,True
94,10,Pav Bhaji,Main,85,True
95,10,Cold Coffee,Beverage,135,True
96,10,Vada Pav,Main,105,False
97,11,Cold Coffee,Beverage,80,False
98,11,Mango Lassi,Beverage,85,True
99,11,Gulab Jamun,Dessert,95,True
100,11,Hyderabadi Dum Biryani,Main,145,True
101,11,Mutton Biryani,Main,80,False
102,11,Chicken Biryani,Main,85,False
103,11,Egg Biryani,Main,90,False
104,11,Veg Biryani,Main,140,False
105,11,Boneless Biryani,Main,65,False
106,12,Choco Lava Cake,Dessert,265,False
107,12,Masala Chai,Beverage,505,False
108,12,Chocolate Brownie,Dessert,490,True
109,12,Gulab Jamun,Dessert,380,False
110,12,Ice Cream Tub,Dessert,320,False
111,12,Gajar Halwa,Dessert,295,False
112,12,Chocolate Brownie,Dessert,390,False
113,12,Mango Lassi,Beverage,380,False
114,12,Cold Coffee,Beverage,500,True
115,12,Gulab Jamun,Dessert,300,True
116,13,Chicken Burger,Main,160,True
117,13,French Fries,Main,260,True
118,13,Cheese Sandwich,Main,190,False
119,13,Gulab Jamun,Dessert,135,True
120,13,Cold Coffee,Beverage,205,False
121,13,Chocolate Brownie,Dessert,135,True
122,13,Masala Chai,Beverage,245,False
123,13,Nuggets,Main,200,True
124,13,Veg Burger,Main,140,True
125,13,Mango Lassi,Beverage,150,False
126,13,Peri Peri Fries,Main,220,False
127,14,Chocolate Brownie,Dessert,115,True
128,14,Pongal,Main,255,True
129,14,Masala Dosa,Main,180,False
130,14,Medu Vada,Main,225,False
131,14,Curd Rice,Main,185,False
132,14,Gulab Jamun,Dessert,195,False
133,14,Rava Dosa,Main,230,True
134,14,Mango Lassi,Beverage,255,False
135,14,Cold Coffee,Beverage,200,True
136,14,Uttapam,Main,225,True
137,15,Peri Peri Fries,Main,205,True
138,15,Cheese Sandwich,Main,225,False
139,15,French Fries,Main,240,True
140,15,Nuggets,Main,200,False
141,15,Veg Wrap,Main,185,True
142,15,Cold Coffee,Beverage,125,False
143,15,Mango Lassi,Beverage,185,False
144,15,Masala Chai,Beverage,235,False
145,15,Gulab Jamun,Dessert,255,False
146,15,Chicken Burger,Main,125,True
147,15,Veg Burger,Main,230,True
148,16,Rava Dosa,Main,220,True
149,16,Masala Dosa,Main,260,True
150,16,Idli Sambar,Main,215,False
151,16,Gulab Jamun,Dessert,150,True
152,16,Pongal,Main,200,False
153,16,Filter Coffee,Main,220,True
154,16,Uttapam,Main,135,False
155,17,Cold Coffee,Beverage,130,False
156,17,Chicken Curry,Main,145,True
157,17,Dal Makhani,Main,140,True
158,17,Shahi Paneer,Main,110,True
159,17,Chocolate Brownie,Dessert,130,False
160,17,Paneer Butter Masala,Main,85,False
161,17,Gulab Jamun,Dessert,140,False
162,17,Mango Lassi,Beverage,100,False
163,17,Masala Chai,Beverage,130,False
164,17,Chole Bhature,Main,100,False
165,17,Tandoori Roti,Main,130,True
166,17,Butter Naan,Main,150,True
167,17,Rajma Chawal,Main,120,True
168,18,Chocolate Brownie,Dessert,190,True
169,18,Medu Vada,Main,215,False
170,18,Mango Lassi,Beverage,130,True
171,18,Curd Rice,Main,205,True
172,18,Rava Dosa,Main,130,False
173,18,Cold Coffee,Beverage,205,True
174,18,Gulab Jamun,Dessert,235,True
175,18,Masala Dosa,Main,160,False
176,18,Masala Chai,Beverage,200,False
177,18,Uttapam,Main,215,False
178,19,Uttapam,Main,65,False
179,19,Curd Rice,Main,110,True
180,19,Pongal,Main,95,True
181,19,Rava Dosa,Main,105,True
182,19,Medu Vada,Main,90,False
183,19,Masala Dosa,Main,95,True
184,19,Masala Chai,Beverage,140,True
185,19,Cold Coffee,Beverage,95,False
186,19,Filter Coffee,Main,90,True
187,19,Gulab Jamun,Dessert,130,True
188,19,Chocolate Brownie,Dessert,145,True
189,19,Mango Lassi,Beverage,105,True
190,19,Idli Sambar,Main,80,True
191,20,Veg Manchurian,Main,70,True
192,20,Veg Hakka Noodles,Main,130,False
193,20,Chilli Chicken,Main,85,True
194,20,Masala Chai,Beverage,70,False
195,20,Spring Roll,Main,140,True
196,20,Gulab Jamun,Dessert,130,True
197,20,Chicken Momos,Main,115,True
198,20,Chilli Paneer,Main,70,True
199,20,Schezwan Noodles,Main,135,True
200,20,Mango Lassi,Beverage,105,False
201,20,Chocolate Brownie,Dessert,130,True
202,21,Croissant,Main,115,True
203,21,Cold Coffee,Beverage,75,True
204,21,Gulab Jamun,Dessert,125,True
205,21,Masala Chai,Beverage,105,True
206,21,Pasta Alfredo,Main,100,True
207,21,Club Sandwich,Main,75,True
208,22,Veg Manchurian,Main,135,True
209,22,Spring Roll,Main,125,True
210,22,Schezwan Noodles,Main,80,True
211,22,Chocolate Brownie,Dessert,100,True
212,22,Masala Chai,Beverage,130,True
213,22,Veg Hakka Noodles,Main,105,True
214,22,Gulab Jamun,Dessert,80,False
215,22,Fried Rice,Main,135,True
216,22,Chicken Momos,Main,135,False
217,22,Mango Lassi,Beverage,135,True
218,22,Chilli Paneer,Main,90,False
219,22,Cold Coffee,Beverage,105,True
220,22,Chilli Chicken,Main,95,True
221,23,Fresh Lime Soda,Beverage,115,True
222,23,Cold Drink,Beverage,70,True
223,23,Mango Lassi,Beverage,145,True
224,23,Masala Chai,Beverage,125,True
225,23,Masala Chai,Beverage,130,True
226,23,Gulab Jamun,Dessert,145,True
227,23,Mango Lassi,Beverage,130,False
228,23,Cold Coffee,Beverage,105,False
229,23,Cold Coffee,Beverage,105,False
230,23,Buttermilk,Beverage,65,False
231,23,Chocolate Brownie,Dessert,140,False
232,24,Nuggets,Main,175,True
233,24,Veg Burger,Main,110,True
234,24,Peri Peri Fries,Main,220,True
235,24,French Fries,Main,190,True
236,24,Gulab Jamun,Dessert,190,False
237,24,Cheese Sandwich,Main,230,False
238,24,Mango Lassi,Beverage,140,True
239,24,Cold Coffee,Beverage,235,False
240,24,Veg Wrap,Main,190,True
241,24,Chicken Burger,Main,225,False
242,24,Masala Chai,Beverage,175,True
243,24,Chocolate Brownie,Dessert,235,False
244,25,Chole Bhature,Main,185,False
245,25,Tandoori Roti,Main,140,False
246,25,Gulab Jamun,Dessert,140,False
247,25,Masala Chai,Beverage,115,True
248,25,Dal Makhani,Main,135,True
249,25,Chocolate Brownie,Dessert,130,True
250,25,Cold Coffee,Beverage,120,True
251,25,Rajma Chawal,Main,220,True
252,25,Shahi Paneer,Main,115,False
253,25,Chicken Curry,Main,210,True
254,26,Masala Chai,Beverage,75,True
255,26,Pongal,Main,80,False
256,26,Curd Rice,Main,145,True
257,26,Filter Coffee,Main,95,False
258,26,Gulab Jamun,Dessert,120,False
259,26,Medu Vada,Main,90,True
260,26,Cold Coffee,Beverage,120,True
261,26,Uttapam,Main,135,False
262,26,Idli Sambar,Main,85,True
263,26,Rava Dosa,Main,130,False
264,26,Masala Dosa,Main,90,False
265,26,Chocolate Brownie,Dessert,80,False
266,26,Mango Lassi,Beverage,120,True
267,27,Pani Puri,Main,510,False
268,27,Samosa,Main,300,False
269,27,Gulab Jamun,Dessert,500,False
270,27,Cold Coffee,Beverage,275,True
271,27,Chocolate Brownie,Dessert,450,False
272,27,Dahi Puri,Main,300,True
273,27,Pav Bhaji,Main,285,True
274,27,Vada Pav,Main,420,True
275,27,Mango Lassi,Beverage,420,False
276,27,Masala Chai,Beverage,365,False
277,27,Kachori,Main,280,True
278,28,Mango Lassi,Beverage,145,True
279,28,Gulab Jamun,Dessert,210,True
280,28,Cold Coffee,Beverage,190,False
281,28,French Fries,Main,145,True
282,28,Cheese Sandwich,Main,230,True
283,28,Nuggets,Main,135,True
284,29,Chicken Korma,Main,290,True
285,29,Galouti Kebab,Main,395,True
286,29,Seekh Kebab,Main,405,True
287,29,Gulab Jamun,Dessert,440,True
288,29,Cold Coffee,Beverage,505,True
289,29,Chocolate Brownie,Dessert,245,True
290,29,Mango Lassi,Beverage,295,False
291,29,Masala Chai,Beverage,305,True
292,29,Mutton Rogan Josh,Main,290,True
293,30,Mango Lassi,Beverage,130,True
294,30,Masala Chai,Beverage,120,True
295,30,Veg Manchurian,Main,130,False
296,30,Veg Hakka Noodles,Main,115,False
297,30,Fried Rice,Main,165,True
298,30,Schezwan Noodles,Main,180,True
299,30,Chocolate Brownie,Dessert,175,True
300,30,Spring Roll,Main,160,True
301,30,Gulab Jamun,Dessert,115,False
302,30,Cold Coffee,Beverage,205,False
303,31,Paneer Roll,Main,145,False
304,31,Double Egg Roll,Main,120,True
305,31,Chicken Roll,Main,95,True
306,31,Veg Frankie,Main,130,True
307,31,Chocolate Brownie,Dessert,130,True
308,31,Gulab Jamun,Dessert,140,True
309,31,Cold Coffee,Beverage,100,True
310,31,Masala Chai,Beverage,115,False
311,31,Egg Roll,Main,100,False
312,31,Mango Lassi,Beverage,95,True
313,32,Choco Lava Cake,Dessert,440,False
314,32,Ice Cream Tub,Dessert,335,True
315,32,Chocolate Brownie,Dessert,345,True
316,32,Chocolate Brownie,Dessert,450,True
317,32,Gulab Jamun,Dessert,490,False
318,32,Masala Chai,Beverage,285,True
319,32,Cold Coffee,Beverage,355,True
320,32,Mango Lassi,Beverage,435,False
321,32,Rasmalai,Dessert,440,True
322,32,Gulab Jamun,Dessert,475,False
323,32,Gajar Halwa,Dessert,520,False
324,33,Dahi Puri,Main,515,False
325,33,Cold Coffee,Beverage,270,False
326,33,Vada Pav,Main,260,False
327,33,Pav Bhaji,Main,415,True
328,33,Pani Puri,Main,470,True
329,33,Masala Chai,Beverage,255,False
330,33,Samosa,Main,460,True
331,33,Kachori,Main,445,True
332,33,Gulab Jamun,Dessert,330,False
333,33,Mango Lassi,Beverage,305,True
334,33,Chocolate Brownie,Dessert,500,False
335,34,Cold Coffee,Beverage,130,False
336,34,Chocolate Brownie,Dessert,160,True
337,34,Masala Chai,Beverage,240,False
338,34,Mango Lassi,Beverage,145,False
339,34,Tandoori Roti,Main,150,False
340,34,Rajma Chawal,Main,110,True
341,34,Dal Makhani,Main,220,False
342,34,Paneer Butter Masala,Main,235,True
343,34,Chicken Curry,Main,240,True
344,34,Butter Naan,Main,145,True
345,34,Chole Bhature,Main,145,True
346,34,Shahi Paneer,Main,210,True
347,34,Gulab Jamun,Dessert,200,True
348,35,Kachori,Main,130,True
349,35,Vada Pav,Main,200,False
350,35,Gulab Jamun,Dessert,195,False
351,35,Masala Chai,Beverage,140,False
352,35,Pani Puri,Main,120,True
353,35,Pav Bhaji,Main,180,True
354,35,Mango Lassi,Beverage,210,False
355,35,Samosa,Main,140,True
356,35,Cold Coffee,Beverage,120,True
357,36,Egg Biryani,Main,140,False
358,36,Veg Biryani,Main,130,False
359,36,Gulab Jamun,Dessert,225,True
360,36,Masala Chai,Beverage,145,True
361,36,Chicken 65,Main,155,False
362,36,Chocolate Brownie,Dessert,115,True
363,36,Mango Lassi,Beverage,155,True
364,36,Chicken Biryani,Main,135,False
365,36,Cold Coffee,Beverage,115,False
366,36,Boneless Biryani,Main,225,True
367,36,Mutton Biryani,Main,240,False
368,36,Hyderabadi Dum Biryani,Main,195,True
369,37,Masala Chai,Beverage,215,True
370,37,Chocolate Brownie,Dessert,235,False
371,37,Buttermilk,Beverage,230,False
372,37,Mango Lassi,Beverage,240,False
373,37,Fresh Lime Soda,Beverage,150,True
374,37,Cold Drink,Beverage,125,True
375,37,Cold Coffee,Beverage,255,False
376,38,French Fries,Main,225,False
377,38,Nuggets,Main,190,False
378,38,Chicken Burger,Main,165,True
379,38,Veg Burger,Main,225,True
380,38,Peri Peri Fries,Main,115,False
381,38,Veg Wrap,Main,125,False
382,38,Chocolate Brownie,Dessert,140,True
383,38,Cold Coffee,Beverage,155,True
384,38,Masala Chai,Beverage,235,False
385,38,Mango Lassi,Beverage,145,True
386,38,Cheese Sandwich,Main,235,True
387,38,Gulab Jamun,Dessert,130,True
388,39,French Fries,Main,120,False
389,39,Masala Chai,Beverage,260,False
390,39,Gulab Jamun,Dessert,240,False
391,39,Veg Wrap,Main,180,False
392,39,Nuggets,Main,160,True
393,39,Chocolate Brownie,Dessert,190,True
394,39,Peri Peri Fries,Main,170,True
395,39,Chicken Burger,Main,160,True
396,39,Cheese Sandwich,Main,175,True
397,39,Mango Lassi,Beverage,245,True
398,39,Cold Coffee,Beverage,235,True
399,39,Veg Burger,Main,240,False
400,40,Mango Lassi,Beverage,85,True
401,40,Chocolate Brownie,Dessert,65,True
402,40,Veg Manchurian,Main,140,True
403,40,Fried Rice,Main,70,True
404,40,Schezwan Noodles,Main,85,True
405,40,Chilli Chicken,Main,115,True
406,40,Masala Chai,Beverage,135,True
407,40,Veg Hakka Noodles,Main,115,True
408,40,Chicken Momos,Main,85,True
409,40,Gulab Jamun,Dessert,125,False
410,40,Spring Roll,Main,65,True
411,40,Chilli Paneer,Main,115,True
412,40,Cold Coffee,Beverage,135,True
413,41,Mango Lassi,Beverage,130,False
414,41,Chocolate Brownie,Dessert,85,True
415,41,Mango Lassi,Beverage,100,False
416,41,Fresh Lime Soda,Beverage,135,False
417,41,Masala Chai,Beverage,80,False
418,41,Cold Coffee,Beverage,140,True
419,41,Buttermilk,Beverage,65,True
420,41,Masala Chai,Beverage,115,True
421,42,Chocolate Brownie,Dessert,65,False
422,42,Idli Sambar,Main,120,False
423,42,Masala Chai,Beverage,100,True
424,42,Gulab Jamun,Dessert,85,False
425,42,Masala Dosa,Main,70,False
426,42,Cold Coffee,Beverage,80,True
427,42,Mango Lassi,Beverage,60,True
428,42,Medu Vada,Main,70,False
429,42,Filter Coffee,Main,70,True
430,42,Uttapam,Main,60,False
431,42,Curd Rice,Main,120,False
432,42,Pongal,Main,105,False
433,43,Boneless Biryani,Main,95,True
434,43,Mutton Biryani,Main,140,True
435,43,Egg Biryani,Main,120,False
436,43,Gulab Jamun,Dessert,115,True
437,43,Cold Coffee,Beverage,70,True
438,43,Chicken Biryani,Main,125,False
439,43,Hyderabadi Dum Biryani,Main,120,True
440,43,Mango Lassi,Beverage,130,False
441,43,Veg Biryani,Main,150,False
442,44,Peri Peri Fries,Main,230,True
443,44,Mango Lassi,Beverage,145,False
444,44,Veg Burger,Main,180,True
445,44,Veg Wrap,Main,165,True
446,44,French Fries,Main,260,False
447,44,Cheese Sandwich,Main,135,False
448,44,Chicken Burger,Main,200,False
449,44,Nuggets,Main,200,True
450,44,Gulab Jamun,Dessert,140,False
451,44,Cold Coffee,Beverage,225,False
452,44,Chocolate Brownie,Dessert,110,False
453,44,Masala Chai,Beverage,175,False
454,45,Chocolate Brownie,Dessert,385,False
455,45,Egg Roll,Main,250,True
456,45,Gulab Jamun,Dessert,415,False
457,45,Cold Coffee,Beverage,350,False
458,45,Paneer Roll,Main,450,True
459,45,Veg Frankie,Main,360,True
460,45,Double Egg Roll,Main,410,True
461,45,Mango Lassi,Beverage,360,True
462,45,Masala Chai,Beverage,510,True
463,45,Chicken Roll,Main,375,True
464,46,Gulab Jamun,Dessert,90,True
465,46,Chicken 65,Main,65,True
466,46,Mutton Biryani,Main,65,False
467,46,Egg Biryani,Main,95,True
468,46,Cold Coffee,Beverage,60,False
469,46,Hyderabadi Dum Biryani,Main,110,False
470,46,Chicken Biryani,Main,130,False
471,46,Chocolate Brownie,Dessert,95,False
472,46,Masala Chai,Beverage,85,True
473,46,Mango Lassi,Beverage,80,False
474,47,Mango Lassi,Beverage,150,True
475,47,Farmhouse Pizza,Main,175,True
476,47,Cold Coffee,Beverage,175,True
477,47,Masala Chai,Beverage,190,False
478,47,Gulab Jamun,Dessert,155,True
479,47,Peppy Paneer Pizza,Main,190,True
480,47,Garlic Bread,Main,160,True
481,47,Chicken Supreme Pizza,Main,170,False
482,47,Cheese Burst Pizza,Main,235,True
483,47,Chocolate Brownie,Dessert,175,False
484,47,Margherita Pizza,Main,185,False
485,48,Mutton Biryani,Main,100,True
486,48,Chicken Biryani,Main,140,True
487,48,Boneless Biryani,Main,135,True
488,48,Veg Biryani,Main,115,True
489,48,Masala Chai,Beverage,95,True
490,48,Mango Lassi,Beverage,125,True
491,48,Chocolate Brownie,Dessert,85,True
492,48,Cold Coffee,Beverage,100,True
493,48,Hyderabadi Dum Biryani,Main,120,False
494,48,Gulab Jamun,Dessert,100,True
495,48,Egg Biryani,Main,75,True
496,48,Chicken 65,Main,140,True
497,49,Farmhouse Pizza,Main,155,True
498,49,Margherita Pizza,Main,140,False
499,49,Chocolate Brownie,Dessert,220,False
500,49,Masala Chai,Beverage,195,True
501,49,Garlic Bread,Main,120,True
502,49,Peppy Paneer Pizza,Main,205,False
503,49,Gulab Jamun,Dessert,120,True
504,49,Cheese Burst Pizza,Main,210,True
505,50,Chicken Supreme Pizza,Main,135,True
506,50,Peppy Paneer Pizza,Main,255,True
507,50,Mango Lassi,Beverage,150,True
508,50,Cold Coffee,Beverage,110,True
509,50,Masala Chai,Beverage,190,True
510,50,Chocolate Brownie,Dessert,250,False
511,50,Margherita Pizza,Main,250,True
512,50,Farmhouse Pizza,Main,175,True
513,50,Cheese Burst Pizza,Main,165,True
514,50,Gulab Jamun,Dessert,235,False
515,50,Garlic Bread,Main,160,True
516,51,Egg Roll,Main,210,True
517,51,Chicken Roll,Main,125,True
518,51,Masala Chai,Beverage,110,True
519,51,Chocolate Brownie,Dessert,165,False
520,51,Paneer Roll,Main,200,True
521,51,Gulab Jamun,Dessert,210,True
522,51,Mango Lassi,Beverage,110,False
523,51,Cold Coffee,Beverage,115,True
524,51,Double Egg Roll,Main,205,True
525,51,Veg Frankie,Main,165,False
526,52,Cold Coffee,Beverage,340,False
527,52,Chocolate Brownie,Dessert,490,True
528,52,Mango Lassi,Beverage,375,False
529,52,Fresh Lime Soda,Beverage,430,False
530,52,Cold Drink,Beverage,425,False
531,52,Gulab Jamun,Dessert,385,True
532,52,Masala Chai,Beverage,370,False
533,52,Buttermilk,Beverage,380,True
534,52,Mango Lassi,Beverage,425,True
535,52,Masala Chai,Beverage,510,True
536,52,Cold Coffee,Beverage,440,True
537,53,Chocolate Brownie,Dessert,430,False
538,53,Veg Wrap,Main,450,False
539,53,Nuggets,Main,475,True
540,53,Cheese Sandwich,Main,340,True
541,53,Cold Coffee,Beverage,365,True
542,53,Masala Chai,Beverage,355,True
543,53,Mango Lassi,Beverage,270,False
544,53,French Fries,Main,450,True
545,53,Gulab Jamun,Dessert,505,False
546,53,Chicken Burger,Main,480,True
547,53,Peri Peri Fries,Main,345,True
548,53,Veg Burger,Main,440,False
549,54,Filter Coffee,Main,140,True
550,54,Uttapam,Main,230,True
551,54,Pongal,Main,195,True
552,54,Rava Dosa,Main,185,False
553,54,Gulab Jamun,Dessert,175,True
554,54,Idli Sambar,Main,155,True
555,54,Chocolate Brownie,Dessert,125,True
556,54,Medu Vada,Main,130,True
557,54,Cold Coffee,Beverage,135,False
558,54,Mango Lassi,Beverage,175,True
559,54,Masala Chai,Beverage,195,True
560,54,Curd Rice,Main,155,True
561,54,Masala Dosa,Main,190,True
562,55,Chocolate Brownie,Dessert,170,True
563,55,Mango Lassi,Beverage,120,False
564,55,Gulab Jamun,Dessert,215,True
565,55,Margherita Pizza,Main,185,True
566,55,Masala Chai,Beverage,160,True
567,55,Peppy Paneer Pizza,Main,215,True
568,55,Farmhouse Pizza,Main,110,True
569,55,Garlic Bread,Main,140,True
570,55,Cheese Burst Pizza,Main,210,True
571,55,Cold Coffee,Beverage,170,True
572,55,Chicken Supreme Pizza,Main,200,False
573,56,Mango Lassi,Beverage,115,True
574,56,Masala Chai,Beverage,115,True
575,56,Paneer Butter Masala,Main,205,True
576,56,Cold Coffee,Beverage,250,False
577,56,Tandoori Roti,Main,145,True
578,56,Chicken Curry,Main,125,True
579,56,Gulab Jamun,Dessert,245,False
580,56,Butter Naan,Main,225,False
581,56,Shahi Paneer,Main,245,False
582,56,Dal Makhani,Main,120,True
583,56,Rajma Chawal,Main,170,True
584,56,Chocolate Brownie,Dessert,190,True
585,56,Chole Bhature,Main,230,True
586,57,Idli Sambar,Main,165,False
587,57,Masala Dosa,Main,250,True
588,57,Medu Vada,Main,110,False
589,57,Gulab Jamun,Dessert,220,True
590,57,Uttapam,Main,185,True
591,57,Masala Chai,Beverage,200,False
592,58,Gulab Jamun,Dessert,125,False
593,58,Rasmalai,Dessert,205,True
594,58,Cold Coffee,Beverage,175,True
595,58,Chocolate Brownie,Dessert,185,True
596,58,Mango Lassi,Beverage,235,False
597,58,Choco Lava Cake,Dessert,245,True
598,58,Gajar Halwa,Dessert,170,False
599,58,Gulab Jamun,Dessert,165,True
600,58,Masala Chai,Beverage,260,False
601,58,Chocolate Brownie,Dessert,240,True
602,58,Ice Cream Tub,Dessert,200,True
603,59,Masala Chai,Beverage,350,True
604,59,Gulab Jamun,Dessert,515,False
605,59,Chicken Biryani,Main,510,True
606,59,Chocolate Brownie,Dessert,300,True
607,59,Mutton Biryani,Main,345,True
608,59,Chicken 65,Main,265,True
609,59,Cold Coffee,Beverage,345,False
610,59,Boneless Biryani,Main,440,False
611,59,Egg Biryani,Main,305,False
612,59,Veg Biryani,Main,355,True
613,59,Hyderabadi Dum Biryani,Main,350,True
614,60,Gulab Jamun,Dessert,125,True
615,60,Mutton Biryani,Main,75,False
616,60,Chicken 65,Main,140,True
617,60,Veg Biryani,Main,95,True
618,60,Egg Biryani,Main,145,True
619,60,Mango Lassi,Beverage,70,False
620,60,Boneless Biryani,Main,125,True
621,60,Masala Chai,Beverage,90,True
622,60,Cold Coffee,Beverage,85,True
623,60,Chocolate Brownie,Dessert,130,False
624,60,Hyderabadi Dum Biryani,Main,120,False
625,60,Chicken Biryani,Main,105,True
626,61,Fruit Bowl,Main,145,True
627,61,Masala Chai,Beverage,140,False
628,61,Sprout Salad,Main,140,True
629,61,Grilled Chicken Bowl,Main,105,True
630,61,Chocolate Brownie,Dessert,85,True
631,61,Quinoa Salad,Main,95,True
632,61,Gulab Jamun,Dessert,115,True
633,62,Uttapam,Main,145,False
634,62,Filter Coffee,Main,115,True
635,62,Gulab Jamun,Dessert,90,False
636,62,Pongal,Main,125,True
637,62,Medu Vada,Main,70,False
638,62,Masala Dosa,Main,110,False
639,62,Curd Rice,Main,95,True
640,62,Rava Dosa,Main,85,True
641,63,Cold Coffee,Beverage,180,False
642,63,Chole Bhature,Main,250,False
643,63,Paneer Butter Masala,Main,170,False
644,63,Dal Makhani,Main,190,True
645,63,Tandoori Roti,Main,175,False
646,63,Masala Chai,Beverage,155,False
647,64,Mango Lassi,Beverage,225,True
648,64,Paneer Butter Masala,Main,235,False
649,64,Chocolate Brownie,Dessert,245,False
650,64,Rajma Chawal,Main,250,True
651,64,Shahi Paneer,Main,220,False
652,64,Cold Coffee,Beverage,150,False
653,64,Dal Makhani,Main,225,False
654,64,Gulab Jamun,Dessert,165,False
655,64,Butter Naan,Main,155,False
656,64,Chicken Curry,Main,115,False
657,64,Masala Chai,Beverage,125,False
658,65,Medu Vada,Main,105,True
659,65,Idli Sambar,Main,140,False
660,65,Pongal,Main,135,True
661,65,Filter Coffee,Main,110,True
662,65,Uttapam,Main,120,False
663,65,Rava Dosa,Main,75,True
664,65,Masala Chai,Beverage,65,True
665,65,Masala Dosa,Main,80,True
666,65,Cold Coffee,Beverage,90,False
667,65,Mango Lassi,Beverage,130,True
668,65,Chocolate Brownie,Dessert,70,False
669,65,Curd Rice,Main,95,True
670,65,Gulab Jamun,Dessert,100,False
671,66,Veg Frankie,Main,180,True
672,66,Masala Chai,Beverage,195,True
673,66,Mango Lassi,Beverage,155,True
674,66,Gulab Jamun,Dessert,150,True
675,66,Double Egg Roll,Main,200,True
676,66,Chocolate Brownie,Dessert,170,False
677,66,Chicken Roll,Main,125,True
678,66,Cold Coffee,Beverage,240,True
679,66,Egg Roll,Main,250,False
680,66,Paneer Roll,Main,190,True
681,67,Cold Coffee,Beverage,130,True
682,67,Gulab Jamun,Dessert,110,False
683,67,Chocolate Brownie,Dessert,115,False
684,67,Gajar Halwa,Dessert,195,True
685,67,Masala Chai,Beverage,165,True
686,67,Gulab Jamun,Dessert,255,False
687,67,Rasmalai,Dessert,250,False
688,67,Mango Lassi,Beverage,235,False
689,67,Ice Cream Tub,Dessert,180,False
690,67,Chocolate Brownie,Dessert,115,True
691,67,Choco Lava Cake,Dessert,185,True
692,68,Masala Chai,Beverage,175,True
693,68,Peri Peri Fries,Main,225,True
694,68,Cheese Sandwich,Main,150,True
695,68,Cold Coffee,Beverage,175,False
696,68,Nuggets,Main,165,True
697,68,French Fries,Main,160,False
698,68,Veg Wrap,Main,115,False
699,68,Gulab Jamun,Dessert,165,True
700,68,Chicken Burger,Main,220,True
701,68,Veg Burger,Main,200,False
702,68,Mango Lassi,Beverage,235,True
703,68,Chocolate Brownie,Dessert,215,True
704,69,Chocolate Brownie,Dessert,100,True
705,69,Cold Coffee,Beverage,130,True
706,69,Pongal,Main,145,True
707,69,Uttapam,Main,125,True
708,69,Rava Dosa,Main,70,True
709,69,Masala Dosa,Main,105,True
710,69,Gulab Jamun,Dessert,90,True
711,69,Mango Lassi,Beverage,150,True
712,70,Nuggets,Main,150,True
713,70,Masala Chai,Beverage,125,True
714,70,Chocolate Brownie,Dessert,135,True
715,70,Gulab Jamun,Dessert,140,False
716,70,Veg Burger,Main,115,True
717,70,French Fries,Main,85,False
718,70,Chicken Burger,Main,145,True
719,70,Cold Coffee,Beverage,80,True
720,70,Peri Peri Fries,Main,80,True
721,70,Mango Lassi,Beverage,135,True
722,70,Veg Wrap,Main,140,False
723,70,Cheese Sandwich,Main,85,True
724,71,Cold Coffee,Beverage,170,False
725,71,Mango Lassi,Beverage,225,False
726,71,Shahi Paneer,Main,155,True
727,71,Butter Naan,Main,235,False
728,71,Dal Makhani,Main,215,True
729,71,Tandoori Roti,Main,120,True
730,71,Chole Bhature,Main,110,True
731,71,Rajma Chawal,Main,115,True
732,71,Masala Chai,Beverage,200,True
733,71,Paneer Butter Masala,Main,195,True
734,71,Chocolate Brownie,Dessert,190,False
735,71,Gulab Jamun,Dessert,175,False
736,71,Chicken Curry,Main,165,False
737,72,Farmhouse Pizza,Main,215,True
738,72,Cheese Burst Pizza,Main,210,False
739,72,Cold Coffee,Beverage,160,True
740,72,Mango Lassi,Beverage,245,True
741,72,Chicken Supreme Pizza,Main,175,False
742,72,Gulab Jamun,Dessert,255,False
743,72,Peppy Paneer Pizza,Main,155,True
744,72,Margherita Pizza,Main,160,True
745,72,Chocolate Brownie,Dessert,235,True
746,72,Garlic Bread,Main,125,False
747,72,Masala Chai,Beverage,115,True
748,73,Mango Lassi,Beverage,155,True
749,73,Chicken Burger,Main,110,True
750,73,Cold Coffee,Beverage,160,True
751,73,Veg Burger,Main,110,True
752,73,Nuggets,Main,140,True
753,73,Chocolate Brownie,Dessert,145,True
754,74,Cold Coffee,Beverage,210,False
755,74,Mango Lassi,Beverage,250,True
756,74,Tandoori Roti,Main,245,False
757,74,Masala Chai,Beverage,240,False
758,74,Rajma Chawal,Main,150,False
759,74,Paneer Butter Masala,Main,200,False
760,74,Dal Makhani,Main,140,True
761,74,Chocolate Brownie,Dessert,150,True
762,74,Chicken Curry,Main,170,False
763,74,Butter Naan,Main,110,True
764,74,Gulab Jamun,Dessert,160,True
765,74,Shahi Paneer,Main,170,False
766,74,Chole Bhature,Main,260,True
767,75,Mango Lassi,Beverage,240,True
768,75,Mango Lassi,Beverage,480,False
769,75,Fresh Lime Soda,Beverage,420,True
770,75,Cold Coffee,Beverage,440,True
771,75,Chocolate Brownie,Dessert,375,True
772,75,Buttermilk,Beverage,515,False
773,75,Gulab Jamun,Dessert,430,True
774,75,Masala Chai,Beverage,250,True
775,75,Masala Chai,Beverage,425,False
776,75,Cold Drink,Beverage,410,True
777,75,Cold Coffee,Beverage,300,True
778,76,Mango Lassi,Beverage,145,True
779,76,Cold Coffee,Beverage,95,False
780,76,Gulab Jamun,Dessert,110,True
781,76,Chocolate Brownie,Dessert,125,True
782,76,Rasmalai,Dessert,110,False
783,76,Chocolate Brownie,Dessert,120,True
784,76,Choco Lava Cake,Dessert,90,True
785,76,Gajar Halwa,Dessert,110,True
786,76,Gulab Jamun,Dessert,70,False
787,76,Ice Cream Tub,Dessert,80,True
788,76,Masala Chai,Beverage,135,False
789,77,Veg Manchurian,Main,200,True
790,77,Chilli Chicken,Main,150,True
791,77,Spring Roll,Main,160,True
792,77,Chilli Paneer,Main,230,True
793,77,Mango Lassi,Beverage,170,False
794,77,Masala Chai,Beverage,250,True
795,77,Schezwan Noodles,Main,120,True
796,77,Chocolate Brownie,Dessert,240,False
797,77,Fried Rice,Main,180,True
798,77,Veg Hakka Noodles,Main,190,False
799,78,Garlic Bread,Main,315,False
800,78,Margherita Pizza,Main,395,True
801,78,Peppy Paneer Pizza,Main,405,True
802,78,Cold Coffee,Beverage,305,False
803,78,Masala Chai,Beverage,350,True
804,78,Gulab Jamun,Dessert,355,False
805,78,Mango Lassi,Beverage,290,True
806,79,Masala Chai,Beverage,115,False
807,79,Cheese Sandwich,Main,105,False
808,79,Gulab Jamun,Dessert,75,True
809,79,French Fries,Main,135,True
810,79,Mango Lassi,Beverage,110,True
811,79,Veg Wrap,Main,90,False
812,80,Paneer Butter Masala,Main,165,True
813,80,Mango Lassi,Beverage,255,True
814,80,Chocolate Brownie,Dessert,230,True
815,80,Shahi Paneer,Main,165,True
816,80,Chicken Curry,Main,115,False
817,80,Rajma Chawal,Main,150,True
818,81,Rava Dosa,Main,130,True
819,81,Mango Lassi,Beverage,60,False
820,81,Uttapam,Main,105,True
821,81,Idli Sambar,Main,140,True
822,81,Pongal,Main,115,True
823,81,Cold Coffee,Beverage,65,True
824,81,Gulab Jamun,Dessert,85,True
825,81,Masala Dosa,Main,105,True
826,81,Chocolate Brownie,Dessert,100,True
827,81,Medu Vada,Main,95,True
828,81,Masala Chai,Beverage,100,False
829,81,Curd Rice,Main,150,True
830,81,Filter Coffee,Main,95,False
831,82,Margherita Pizza,Main,260,True
832,82,Mango Lassi,Beverage,125,True
833,82,Peppy Paneer Pizza,Main,175,False
834,82,Gulab Jamun,Dessert,180,False
835,82,Masala Chai,Beverage,165,False
836,82,Cheese Burst Pizza,Main,135,True
837,82,Farmhouse Pizza,Main,140,True
838,82,Chocolate Brownie,Dessert,175,False
839,82,Chicken Supreme Pizza,Main,185,False
840,82,Garlic Bread,Main,245,True
841,82,Cold Coffee,Beverage,130,True
842,83,Mango Lassi,Beverage,150,True
843,83,Pav Bhaji,Main,100,True
844,83,Masala Chai,Beverage,105,True
845,83,Chocolate Brownie,Dessert,135,True
846,83,Samosa,Main,100,True
847,83,Dahi Puri,Main,110,False
848,83,Gulab Jamun,Dessert,140,False
849,83,Kachori,Main,100,False
850,84,Chicken Burger,Main,195,True
851,84,Chocolate Brownie,Dessert,140,False
852,84,Cheese Sandwich,Main,115,False
853,84,Veg Wrap,Main,115,True
854,84,Nuggets,Main,170,False
855,84,Gulab Jamun,Dessert,190,True
856,84,Masala Chai,Beverage,170,True
857,84,Mango Lassi,Beverage,205,True
858,85,Cold Coffee,Beverage,280,True
859,85,Cheese Sandwich,Main,480,True
860,85,Mango Lassi,Beverage,410,True
861,85,Masala Chai,Beverage,500,False
862,85,Veg Wrap,Main,335,False
863,85,Chicken Burger,Main,305,False
864,85,Veg Burger,Main,450,False
865,85,Gulab Jamun,Dessert,425,False
866,85,French Fries,Main,395,False
867,85,Nuggets,Main,280,True
868,85,Chocolate Brownie,Dessert,460,True
869,85,Peri Peri Fries,Main,365,False
870,86,Chocolate Brownie,Dessert,150,False
871,86,Gulab Jamun,Dessert,80,True
872,86,Farmhouse Pizza,Main,85,False
873,86,Cold Coffee,Beverage,80,True
874,86,Mango Lassi,Beverage,90,True
875,86,Masala Chai,Beverage,95,True
876,86,Cheese Burst Pizza,Main,115,True
877,86,Garlic Bread,Main,100,True
878,87,Cold Coffee,Beverage,150,True
879,87,Chicken Biryani,Main,150,True
880,87,Mango Lassi,Beverage,90,True
881,87,Masala Chai,Beverage,85,False
882,87,Chicken 65,Main,100,True
883,87,Mutton Biryani,Main,150,True
884,87,Chocolate Brownie,Dessert,65,True
885,87,Boneless Biryani,Main,100,False
886,88,Chole Bhature,Main,180,True
887,88,Masala Chai,Beverage,200,False
888,88,Dal Makhani,Main,190,True
889,88,Gulab Jamun,Dessert,160,False
890,88,Rajma Chawal,Main,160,False
891,88,Shahi Paneer,Main,140,True
892,88,Chicken Curry,Main,145,False
893,88,Paneer Butter Masala,Main,210,True
894,88,Mango Lassi,Beverage,155,False
895,88,Tandoori Roti,Main,245,True
896,88,Cold Coffee,Beverage,225,False
897,88,Butter Naan,Main,155,True
898,88,Chocolate Brownie,Dessert,190,True
899,89,Veg Biryani,Main,70,True
900,89,Boneless Biryani,Main,145,False
901,89,Hyderabadi Dum Biryani,Main,85,True
902,89,Egg Biryani,Main,75,True
903,89,Chocolate Brownie,Dessert,80,False
904,89,Mutton Biryani,Main,60,False
905,89,Gulab Jamun,Dessert,65,False
906,89,Chicken 65,Main,100,True
907,89,Mango Lassi,Beverage,130,True
908,89,Chicken Biryani,Main,140,False
909,89,Cold Coffee,Beverage,150,False
910,89,Masala Chai,Beverage,80,True
911,90,Galouti Kebab,Main,225,True
912,90,Gulab Jamun,Dessert,155,True
913,90,Masala Chai,Beverage,160,True
914,90,Chicken Korma,Main,135,False
915,90,Chocolate Brownie,Dessert,220,True
916,90,Cold Coffee,Beverage,190,True
917,90,Seekh Kebab,Main,165,True
918,90,Mutton Rogan Josh,Main,125,True
919,90,Mango Lassi,Beverage,130,True
920,91,Cold Coffee,Beverage,490,True
921,91,Ice Cream Tub,Dessert,430,False
922,91,Mango Lassi,Beverage,485,True
923,91,Gajar Halwa,Dessert,285,False
924,91,Gulab Jamun,Dessert,395,True
925,91,Choco Lava Cake,Dessert,260,True
926,91,Rasmalai,Dessert,505,True
927,91,Chocolate Brownie,Dessert,460,True
928,91,Masala Chai,Beverage,305,True
929,91,Chocolate Brownie,Dessert,485,True
930,91,Gulab Jamun,Dessert,330,True
931,92,Gulab Jamun,Dessert,125,True
932,92,Chocolate Brownie,Dessert,95,True
933,92,Seekh Kebab,Main,120,True
934,92,Mango Lassi,Beverage,100,True
935,92,Galouti Kebab,Main,145,False
936,92,Masala Chai,Beverage,85,False
937,92,Mutton Rogan Josh,Main,65,True
938,92,Cold Coffee,Beverage,70,True
939,92,Chicken Korma,Main,115,True
940,93,Gulab Jamun,Dessert,95,True
941,93,Chole Bhature,Main,115,True
942,93,Rajma Chawal,Main,110,False
943,93,Dal Makhani,Main,80,True
944,93,Mango Lassi,Beverage,100,True
945,93,Cold Coffee,Beverage,125,False
946,93,Butter Naan,Main,120,False
947,93,Shahi Paneer,Main,80,True
948,93,Masala Chai,Beverage,90,False
949,93,Tandoori Roti,Main,75,True
950,93,Chicken Curry,Main,95,True
951,93,Paneer Butter Masala,Main,120,False
952,93,Chocolate Brownie,Dessert,70,True
953,94,Cold Coffee,Beverage,155,True
954,94,Veg Biryani,Main,245,False
955,94,Gulab Jamun,Dessert,195,False
956,94,Boneless Biryani,Main,260,True
957,94,Chocolate Brownie,Dessert,190,False
958,94,Mango Lassi,Beverage,250,False
959,94,Mutton Biryani,Main,120,False
960,94,Hyderabadi Dum Biryani,Main,150,True
961,95,Chicken Burger,Main,135,True
962,95,Mango Lassi,Beverage,145,True
963,95,Nuggets,Main,145,False
964,95,Veg Burger,Main,75,True
965,95,Veg Wrap,Main,115,False
966,95,Chocolate Brownie,Dessert,75,True
967,95,Cold Coffee,Beverage,130,True
968,95,Gulab Jamun,Dessert,115,True
969,95,French Fries,Main,150,True
970,95,Peri Peri Fries,Main,145,True
971,95,Masala Chai,Beverage,140,True
972,95,Cheese Sandwich,Main,120,False
973,96,Masala Chai,Beverage,105,True
974,96,Medu Vada,Main,110,True
975,96,Curd Rice,Main,120,True
976,96,Uttapam,Main,90,False
977,96,Filter Coffee,Main,65,True
978,96,Rava Dosa,Main,85,True
979,96,Masala Dosa,Main,65,False
980,96,Pongal,Main,100,True
981,96,Chocolate Brownie,Dessert,85,True
982,96,Cold Coffee,Beverage,130,False
983,96,Gulab Jamun,Dessert,150,True
984,96,Mango Lassi,Beverage,70,False
985,96,Idli Sambar,Main,90,True
986,97,Rava Dosa,Main,200,False
987,97,Chocolate Brownie,Dessert,245,False
988,97,Pongal,Main,170,False
989,97,Gulab Jamun,Dessert,155,False
990,97,Medu Vada,Main,140,True
991,97,Curd Rice,Main,250,False
992,97,Masala Chai,Beverage,185,True
993,98,Chocolate Brownie,Dessert,185,False
994,98,Mango Lassi,Beverage,250,False
995,98,Gulab Jamun,Dessert,255,False
996,98,Ice Cream Tub,Dessert,235,True
997,98,Gulab Jamun,Dessert,135,False
998,98,Chocolate Brownie,Dessert,235,False
999,98,Choco Lava Cake,Dessert,205,False
1000,99,Gulab Jamun,Dessert,130,False
1001,99,Mango Lassi,Beverage,180,True
1002,99,Garlic Bread,Main,205,True
1003,99,Farmhouse Pizza,Main,195,False
1004,99,Margherita Pizza,Main,230,True
1005,99,Masala Chai,Beverage,250,True
1006,100,Peppy Paneer Pizza,Main,175,True
1007,100,Masala Chai,Beverage,210,True
1008,100,Mango Lassi,Beverage,235,False
1009,100,Garlic Bread,Main,165,False
1010,100,Chocolate Brownie,Dessert,225,True
1011,100,Farmhouse Pizza,Main,235,True
1012,100,Cheese Burst Pizza,Main,215,False
1013,100,Chicken Supreme Pizza,Main,245,False
1014,100,Margherita Pizza,Main,235,True
1015,100,Gulab Jamun,Dessert,255,False
1016,101,Cold Coffee,Beverage,200,True
1017,101,Masala Dosa,Main,185,True
1018,101,Pongal,Main,155,False
1019,101,Mango Lassi,Beverage,150,True
1020,101,Idli Sambar,Main,175,True
1021,101,Filter Coffee,Main,195,False
1022,101,Medu Vada,Main,130,True
1023,101,Chocolate Brownie,Dessert,225,False
1024,101,Curd Rice,Main,115,True
1025,101,Masala Chai,Beverage,250,True
1026,101,Rava Dosa,Main,255,False
1027,102,Cold Coffee,Beverage,455,False
1028,102,Chocolate Brownie,Dessert,245,False
1029,102,Hyderabadi Dum Biryani,Main,365,True
1030,102,Chicken Biryani,Main,265,True
1031,102,Boneless Biryani,Main,325,True
1032,102,Gulab Jamun,Dessert,460,False
1033,102,Mutton Biryani,Main,275,False
1034,103,Butter Naan,Main,380,True
1035,103,Tandoori Roti,Main,325,True
1036,103,Shahi Paneer,Main,395,True
1037,103,Paneer Butter Masala,Main,275,True
1038,103,Chole Bhature,Main,460,True
1039,103,Mango Lassi,Beverage,360,True
1040,103,Rajma Chawal,Main,290,False
1041,103,Masala Chai,Beverage,260,True
1042,104,Shahi Paneer,Main,385,False
1043,104,Masala Chai,Beverage,350,True
1044,104,Butter Naan,Main,345,True
1045,104,Gulab Jamun,Dessert,480,True
1046,104,Cold Coffee,Beverage,330,False
1047,104,Chole Bhature,Main,310,False
1048,104,Mango Lassi,Beverage,330,False
1049,104,Paneer Butter Masala,Main,295,False
1050,104,Rajma Chawal,Main,395,False
1051,104,Dal Makhani,Main,520,False
1052,104,Chocolate Brownie,Dessert,270,True
1053,104,Tandoori Roti,Main,480,False
1054,105,Boneless Biryani,Main,125,False
1055,105,Masala Chai,Beverage,85,True
1056,105,Chicken 65,Main,65,False
1057,105,Egg Biryani,Main,75,False
1058,105,Mango Lassi,Beverage,115,False
1059,105,Veg Biryani,Main,100,False
1060,105,Mutton Biryani,Main,100,True
1061,105,Gulab Jamun,Dessert,130,True
1062,105,Chocolate Brownie,Dessert,140,False
1063,105,Chicken Biryani,Main,125,True
1064,105,Hyderabadi Dum Biryani,Main,70,True
1065,106,Fried Rice,Main,365,True
1066,106,Chilli Paneer,Main,265,False
1067,106,Veg Manchurian,Main,500,True
1068,106,Mango Lassi,Beverage,480,False
1069,106,Masala Chai,Beverage,405,False
1070,106,Chilli Chicken,Main,370,True
1071,106,Gulab Jamun,Dessert,315,False
1072,107,Samosa,Main,240,True
1073,107,Masala Chai,Beverage,320,True
1074,107,Kachori,Main,270,False
1075,107,Dahi Puri,Main,390,True
1076,107,Vada Pav,Main,455,True
1077,107,Cold Coffee,Beverage,405,True
1078,107,Pani Puri,Main,250,True
1079,107,Mango Lassi,Beverage,260,False
1080,107,Pav Bhaji,Main,440,True
1081,107,Chocolate Brownie,Dessert,270,False
1082,107,Gulab Jamun,Dessert,295,True
1083,108,Hyderabadi Dum Biryani,Main,290,False
1084,108,Egg Biryani,Main,410,True
1085,108,Mutton Biryani,Main,405,True
1086,108,Cold Coffee,Beverage,380,True
1087,108,Boneless Biryani,Main,415,False
1088,108,Chocolate Brownie,Dessert,340,True
1089,108,Chicken Biryani,Main,340,False
1090,108,Mango Lassi,Beverage,460,False
1091,108,Masala Chai,Beverage,515,False
1092,108,Veg Biryani,Main,510,False
1093,108,Gulab Jamun,Dessert,305,False
1094,108,Chicken 65,Main,295,True
1095,109,Cold Coffee,Beverage,160,False
1096,109,Mango Lassi,Beverage,220,True
1097,109,Chicken Curry,Main,225,True
1098,109,Dal Makhani,Main,250,True
1099,109,Tandoori Roti,Main,140,True
1100,109,Chole Bhature,Main,135,False
1101,109,Rajma Chawal,Main,155,True
1102,109,Paneer Butter Masala,Main,230,True
1103,109,Gulab Jamun,Dessert,125,False
1104,109,Shahi Paneer,Main,110,False
1105,109,Masala Chai,Beverage,195,True
1106,109,Chocolate Brownie,Dessert,180,True
1107,109,Butter Naan,Main,190,True
1108,110,Rajma Chawal,Main,305,False
1109,110,Shahi Paneer,Main,315,False
1110,110,Paneer Butter Masala,Main,435,True
1111,110,Cold Coffee,Beverage,425,True
1112,110,Masala Chai,Beverage,285,True
1113,110,Chicken Curry,Main,315,True
1114,110,Chole Bhature,Main,430,False
1115,110,Dal Makhani,Main,370,False
1116,110,Gulab Jamun,Dessert,490,True
1117,110,Chocolate Brownie,Dessert,370,False
1118,111,Gulab Jamun,Dessert,160,False
1119,111,Masala Chai,Beverage,115,False
1120,111,Cold Coffee,Beverage,195,False
1121,111,Egg Roll,Main,155,True
1122,111,Mango Lassi,Beverage,120,False
1123,111,Double Egg Roll,Main,135,False
1124,111,Chocolate Brownie,Dessert,150,True
1125,111,Paneer Roll,Main,150,True
1126,111,Veg Frankie,Main,190,True
1127,111,Chicken Roll,Main,175,False
1128,112,Rava Dosa,Main,115,False
1129,112,Chocolate Brownie,Dessert,250,True
1130,112,Mango Lassi,Beverage,215,False
1131,112,Filter Coffee,Main,220,True
1132,112,Uttapam,Main,235,True
1133,112,Pongal,Main,150,True
1134,112,Cold Coffee,Beverage,165,True
1135,112,Gulab Jamun,Dessert,120,True
1136,112,Idli Sambar,Main,250,True
1137,112,Masala Chai,Beverage,150,False
1138,112,Curd Rice,Main,170,False
1139,112,Masala Dosa,Main,190,False
1140,112,Medu Vada,Main,135,True
1141,113,Curd Rice,Main,185,True
1142,113,Pongal,Main,245,True
1143,113,Masala Dosa,Main,170,False
1144,113,Rava Dosa,Main,200,True
1145,113,Gulab Jamun,Dessert,205,False
1146,113,Mango Lassi,Beverage,160,True
1147,114,Egg Biryani,Main,205,False
1148,114,Mutton Biryani,Main,260,False
1149,114,Chicken 65,Main,175,True
1150,114,Cold Coffee,Beverage,185,True
1151,114,Mango Lassi,Beverage,240,False
1152,114,Hyderabadi Dum Biryani,Main,205,True
1153,114,Chocolate Brownie,Dessert,135,False
1154,114,Masala Chai,Beverage,135,True
1155,114,Veg Biryani,Main,205,False
1156,114,Boneless Biryani,Main,130,True
1157,114,Chicken Biryani,Main,230,False
1158,114,Gulab Jamun,Dessert,180,False
1159,115,Mango Lassi,Beverage,150,False
1160,115,Masala Chai,Beverage,165,True
1161,115,Chocolate Brownie,Dessert,255,True
1162,115,Filter Coffee,Main,165,False
1163,115,Idli Sambar,Main,210,True
1164,115,Medu Vada,Main,255,True
1165,115,Gulab Jamun,Dessert,110,True
1166,115,Curd Rice,Main,250,True
1167,115,Uttapam,Main,230,True
1168,115,Cold Coffee,Beverage,130,False
1169,115,Pongal,Main,260,True
1170,115,Rava Dosa,Main,135,False
1171,115,Masala Dosa,Main,190,True
1172,116,Gulab Jamun,Dessert,130,False
1173,116,Cheese Sandwich,Main,130,True
1174,116,Nuggets,Main,145,True
1175,116,Veg Burger,Main,85,True
1176,116,Cold Coffee,Beverage,60,True
1177,116,French Fries,Main,80,False
1178,116,Mango Lassi,Beverage,130,False
1179,116,Chicken Burger,Main,100,True
1180,116,Chocolate Brownie,Dessert,135,True
1181,116,Veg Wrap,Main,105,True
1182,116,Peri Peri Fries,Main,80,True
1183,117,Egg Biryani,Main,245,False
1184,117,Cold Coffee,Beverage,235,True
1185,117,Chocolate Brownie,Dessert,125,True
1186,117,Mango Lassi,Beverage,190,False
1187,117,Gulab Jamun,Dessert,145,False
1188,117,Veg Biryani,Main,155,True
1189,117,Boneless Biryani,Main,240,True
1190,117,Mutton Biryani,Main,225,False
1191,117,Chicken Biryani,Main,230,False
1192,117,Chicken 65,Main,170,True
1193,117,Masala Chai,Beverage,230,True
1194,117,Hyderabadi Dum Biryani,Main,200,True
1195,118,Chicken Curry,Main,70,False
1196,118,Paneer Butter Masala,Main,100,False
1197,118,Cold Coffee,Beverage,115,True
1198,118,Butter Naan,Main,85,True
1199,118,Shahi Paneer,Main,95,True
1200,118,Rajma Chawal,Main,150,True
1201,118,Mango Lassi,Beverage,115,True
1202,118,Tandoori Roti,Main,60,True
1203,118,Chocolate Brownie,Dessert,100,True
1204,118,Chole Bhature,Main,80,True
1205,118,Dal Makhani,Main,85,False
1206,119,Chocolate Brownie,Dessert,240,False
1207,119,Masala Chai,Beverage,205,False
1208,119,Choco Lava Cake,Dessert,130,True
1209,119,Rasmalai,Dessert,230,False
1210,119,Gulab Jamun,Dessert,185,True
1211,119,Cold Coffee,Beverage,255,True
1212,119,Mango Lassi,Beverage,160,True
1213,119,Gulab Jamun,Dessert,110,False
1214,119,Ice Cream Tub,Dessert,200,True
1215,119,Chocolate Brownie,Dessert,135,True
1216,119,Gajar Halwa,Dessert,175,True
1217,120,Hyderabadi Dum Biryani,Main,240,False
1218,120,Gulab Jamun,Dessert,140,True
1219,120,Masala Chai,Beverage,135,False
1220,120,Egg Biryani,Main,225,False
1221,120,Chocolate Brownie,Dessert,120,False
1222,120,Veg Biryani,Main,255,False
1223,120,Mango Lassi,Beverage,240,True
1224,120,Chicken 65,Main,155,True
1225,120,Cold Coffee,Beverage,115,True
1226,120,Boneless Biryani,Main,215,True
1227,120,Mutton Biryani,Main,120,True
1228,120,Chicken Biryani,Main,210,False
1229,121,Veg Wrap,Main,505,True
1230,121,Chocolate Brownie,Dessert,260,True
1231,121,Cheese Sandwich,Main,405,False
1232,121,French Fries,Main,470,True
1233,121,Chicken Burger,Main,465,False
1234,121,Peri Peri Fries,Main,505,True
1235,121,Gulab Jamun,Dessert,415,False
1236,121,Nuggets,Main,385,True
1237,121,Cold Coffee,Beverage,255,True
1238,121,Masala Chai,Beverage,380,False
1239,121,Mango Lassi,Beverage,400,False
1240,121,Veg Burger,Main,250,True
1241,122,Chole Bhature,Main,130,True
1242,122,Chicken Curry,Main,250,True
1243,122,Dal Makhani,Main,230,False
1244,122,Shahi Paneer,Main,215,True
1245,122,Gulab Jamun,Dessert,235,False
1246,122,Tandoori Roti,Main,150,False
1247,123,Cheese Burst Pizza,Main,185,True
1248,123,Gulab Jamun,Dessert,135,False
1249,123,Peppy Paneer Pizza,Main,185,False
1250,123,Margherita Pizza,Main,140,True
1251,123,Mango Lassi,Beverage,225,True
1252,123,Masala Chai,Beverage,180,False
1253,123,Garlic Bread,Main,155,True
1254,123,Cold Coffee,Beverage,205,True
1255,123,Farmhouse Pizza,Main,215,True
1256,123,Chocolate Brownie,Dessert,135,True
1257,123,Chicken Supreme Pizza,Main,180,False
1258,124,Chocolate Brownie,Dessert,120,True
1259,124,Gulab Jamun,Dessert,115,False
1260,124,Spring Roll,Main,120,False
1261,124,Veg Hakka Noodles,Main,125,False
1262,124,Cold Coffee,Beverage,70,True
1263,124,Fried Rice,Main,100,True
1264,124,Masala Chai,Beverage,95,False
1265,124,Chilli Paneer,Main,95,True
1266,124,Mango Lassi,Beverage,95,False
1267,124,Veg Manchurian,Main,95,False
1268,124,Chilli Chicken,Main,115,True
1269,124,Schezwan Noodles,Main,135,False
1270,124,Chicken Momos,Main,130,False
1271,125,Boneless Biryani,Main,165,True
1272,125,Gulab Jamun,Dessert,160,True
1273,125,Hyderabadi Dum Biryani,Main,145,True
1274,125,Veg Biryani,Main,215,False
1275,125,Cold Coffee,Beverage,255,True
1276,125,Chicken Biryani,Main,155,True
1277,125,Chocolate Brownie,Dessert,200,True
1278,125,Mutton Biryani,Main,140,True
1279,125,Masala Chai,Beverage,165,True
1280,125,Chicken 65,Main,205,False
1281,125,Egg Biryani,Main,170,True
1282,125,Mango Lassi,Beverage,190,True
1283,126,Cold Coffee,Beverage,300,False
1284,126,Fried Rice,Main,490,True
1285,126,Chicken Momos,Main,285,True
1286,126,Spring Roll,Main,505,True
1287,126,Chilli Paneer,Main,325,True
1288,126,Gulab Jamun,Dessert,270,True
1289,126,Veg Manchurian,Main,350,True
1290,126,Schezwan Noodles,Main,280,True
1291,126,Masala Chai,Beverage,245,True
1292,126,Mango Lassi,Beverage,450,True
1293,126,Veg Hakka Noodles,Main,325,True
1294,127,Quinoa Salad,Main,175,True
1295,127,Fruit Bowl,Main,190,False
1296,127,Chocolate Brownie,Dessert,230,True
1297,127,Grilled Chicken Bowl,Main,240,True
1298,127,Cold Coffee,Beverage,215,True
1299,127,Sprout Salad,Main,140,True
1300,127,Masala Chai,Beverage,240,False
1301,127,Mango Lassi,Beverage,150,True
1302,127,Gulab Jamun,Dessert,120,False
1303,128,Pongal,Main,310,False
1304,128,Masala Dosa,Main,315,True
1305,128,Uttapam,Main,260,False
1306,128,Masala Chai,Beverage,355,False
1307,128,Curd Rice,Main,275,False
1308,128,Chocolate Brownie,Dessert,245,True
1309,128,Cold Coffee,Beverage,410,True
1310,128,Rava Dosa,Main,345,True
1311,128,Filter Coffee,Main,445,False
1312,128,Gulab Jamun,Dessert,280,True
1313,128,Medu Vada,Main,345,True
1314,128,Idli Sambar,Main,325,True
1315,128,Mango Lassi,Beverage,350,True
1316,129,Gulab Jamun,Dessert,485,False
1317,129,Chocolate Brownie,Dessert,285,True
1318,129,Chicken Korma,Main,275,True
1319,129,Masala Chai,Beverage,495,True
1320,129,Galouti Kebab,Main,485,True
1321,129,Mango Lassi,Beverage,280,False
1322,129,Mutton Rogan Josh,Main,390,True
1323,129,Seekh Kebab,Main,380,True
1324,130,Masala Chai,Beverage,180,False
1325,130,Chocolate Brownie,Dessert,180,False
1326,130,Mutton Rogan Josh,Main,205,False
1327,130,Mango Lassi,Beverage,260,True
1328,130,Gulab Jamun,Dessert,255,False
1329,130,Cold Coffee,Beverage,145,True
1330,130,Chicken Korma,Main,215,True
1331,130,Galouti Kebab,Main,145,True
1332,130,Seekh Kebab,Main,115,True
1333,131,Mutton Biryani,Main,190,True
1334,131,Gulab Jamun,Dessert,200,True
1335,131,Cold Coffee,Beverage,190,True
1336,131,Boneless Biryani,Main,200,False
1337,131,Veg Biryani,Main,165,True
1338,131,Egg Biryani,Main,170,False
1339,132,Schezwan Noodles,Main,190,True
1340,132,Chicken Momos,Main,255,True
1341,132,Chilli Paneer,Main,255,True
1342,132,Veg Hakka Noodles,Main,185,False
1343,132,Spring Roll,Main,210,True
1344,132,Masala Chai,Beverage,160,True
1345,132,Fried Rice,Main,115,True
1346,132,Veg Manchurian,Main,175,True
1347,132,Chocolate Brownie,Dessert,170,False
1348,132,Chilli Chicken,Main,235,True
1349,132,Mango Lassi,Beverage,255,True
1350,132,Gulab Jamun,Dessert,160,True
1351,132,Cold Coffee,Beverage,240,True
1352,133,Chilli Paneer,Main,220,False
1353,133,Gulab Jamun,Dessert,145,True
1354,133,Masala Chai,Beverage,200,True
1355,133,Chilli Chicken,Main,225,True
1356,133,Mango Lassi,Beverage,235,False
1357,133,Cold Coffee,Beverage,205,False
1358,133,Schezwan Noodles,Main,120,True
1359,133,Spring Roll,Main,190,False
1360,133,Veg Manchurian,Main,235,True
1361,133,Chicken Momos,Main,230,True
1362,133,Chocolate Brownie,Dessert,120,True
1363,133,Fried Rice,Main,245,True
1364,133,Veg Hakka Noodles,Main,180,False
1365,134,Chocolate Brownie,Dessert,135,True
1366,134,Fruit Bowl,Main,145,True
1367,134,Cold Coffee,Beverage,150,False
1368,134,Masala Chai,Beverage,65,True
1369,134,Gulab Jamun,Dessert,85,False
1370,134,Mango Lassi,Beverage,80,False
1371,134,Grilled Chicken Bowl,Main,90,False
1372,134,Sprout Salad,Main,85,False
1373,134,Quinoa Salad,Main,130,True
1374,135,Veg Burger,Main,120,False
1375,135,Cheese Sandwich,Main,130,True
1376,135,Veg Wrap,Main,65,False
1377,135,Chocolate Brownie,Dessert,130,True
1378,135,Peri Peri Fries,Main,150,True
1379,135,Masala Chai,Beverage,95,False
1380,135,Chicken Burger,Main,120,False
1381,135,Nuggets,Main,140,True
1382,135,Gulab Jamun,Dessert,85,False
1383,135,Mango Lassi,Beverage,105,True
1384,135,French Fries,Main,110,True
1385,136,Nuggets,Main,140,False
1386,136,Chocolate Brownie,Dessert,150,False
1387,136,Masala Chai,Beverage,85,True
1388,136,Chicken Burger,Main,120,False
1389,136,Cheese Sandwich,Main,105,True
1390,136,Gulab Jamun,Dessert,95,True
1391,136,Peri Peri Fries,Main,115,False
1392,136,French Fries,Main,135,True
1393,136,Veg Wrap,Main,135,True
1394,136,Mango Lassi,Beverage,85,False
1395,136,Veg Burger,Main,145,False
1396,136,Cold Coffee,Beverage,70,True
1397,137,Cold Coffee,Beverage,255,True
1398,137,Butter Naan,Main,150,False
1399,137,Chicken Curry,Main,175,True
1400,137,Dal Makhani,Main,260,True
1401,137,Tandoori Roti,Main,200,False
1402,137,Masala Chai,Beverage,230,True
1403,137,Shahi Paneer,Main,115,False
1404,137,Gulab Jamun,Dessert,230,True
1405,137,Paneer Butter Masala,Main,160,True
1406,137,Mango Lassi,Beverage,125,False
1407,137,Chocolate Brownie,Dessert,250,True
1408,137,Chole Bhature,Main,250,False
1409,137,Rajma Chawal,Main,220,False
1410,138,Chocolate Brownie,Dessert,120,False
1411,138,Cold Drink,Beverage,85,True
1412,138,Cold Coffee,Beverage,110,True
1413,138,Fresh Lime Soda,Beverage,140,True
1414,138,Mango Lassi,Beverage,110,True
1415,138,Buttermilk,Beverage,125,False
1416,138,Masala Chai,Beverage,95,True
1417,138,Mango Lassi,Beverage,120,True
1418,138,Cold Coffee,Beverage,70,False
1419,138,Masala Chai,Beverage,70,True
1420,138,Gulab Jamun,Dessert,100,True
1421,139,Gulab Jamun,Dessert,145,True
1422,139,Dal Makhani,Main,240,False
1423,139,Cold Coffee,Beverage,160,True
1424,139,Tandoori Roti,Main,260,False
1425,139,Chocolate Brownie,Dessert,215,True
1426,139,Chole Bhature,Main,125,True
1427,139,Chicken Curry,Main,235,False
1428,139,Mango Lassi,Beverage,140,False
1429,139,Masala Chai,Beverage,240,False
1430,140,Cold Coffee,Beverage,250,True
1431,140,Butter Naan,Main,245,True
1432,140,Dal Makhani,Main,160,False
1433,140,Paneer Butter Masala,Main,205,True
1434,140,Rajma Chawal,Main,240,True
1435,140,Shahi Paneer,Main,110,False
1436,140,Chole Bhature,Main,120,True
1437,140,Chicken Curry,Main,140,True
1438,140,Gulab Jamun,Dessert,255,True
1439,140,Masala Chai,Beverage,225,False
1440,140,Mango Lassi,Beverage,140,False
1441,140,Tandoori Roti,Main,140,True
1442,140,Chocolate Brownie,Dessert,230,False
1443,141,Spring Roll,Main,115,True
1444,141,Schezwan Noodles,Main,155,False
1445,141,Cold Coffee,Beverage,205,True
1446,141,Chilli Paneer,Main,115,True
1447,141,Veg Manchurian,Main,160,True
1448,141,Gulab Jamun,Dessert,255,True
1449,141,Fried Rice,Main,150,False
1450,141,Masala Chai,Beverage,250,True
1451,141,Chocolate Brownie,Dessert,190,True
1452,141,Mango Lassi,Beverage,230,True
1453,141,Chicken Momos,Main,180,True
1454,141,Chilli Chicken,Main,175,False
1455,141,Veg Hakka Noodles,Main,120,True
1456,142,Chicken Biryani,Main,250,True
1457,142,Gulab Jamun,Dessert,475,True
1458,142,Chocolate Brownie,Dessert,320,True
1459,142,Chicken 65,Main,360,True
1460,142,Hyderabadi Dum Biryani,Main,305,False
1461,142,Mango Lassi,Beverage,370,True
1462,142,Veg Biryani,Main,500,True
1463,142,Boneless Biryani,Main,275,True
1464,142,Cold Coffee,Beverage,325,True
1465,142,Mutton Biryani,Main,260,False
1466,142,Egg Biryani,Main,485,True
1467,142,Masala Chai,Beverage,455,True
1468,143,Cold Coffee,Beverage,255,False
1469,143,Gulab Jamun,Dessert,130,True
1470,143,Club Sandwich,Main,230,True
1471,143,Mango Lassi,Beverage,220,True
1472,143,Masala Chai,Beverage,245,True
1473,143,Cappuccino,Main,250,True
1474,143,Chocolate Brownie,Dessert,220,True
1475,143,Chocolate Shake,Main,190,True
1476,143,Veg Sandwich,Main,110,True
1477,143,Pasta Alfredo,Main,135,False
1478,143,Croissant,Main,230,False
1479,144,Gulab Jamun,Dessert,70,False
1480,144,Mango Lassi,Beverage,150,True
1481,144,Rasmalai,Dessert,80,True
1482,144,Choco Lava Cake,Dessert,130,True
1483,144,Chocolate Brownie,Dessert,110,True
1484,144,Ice Cream Tub,Dessert,145,True
1485,144,Chocolate Brownie,Dessert,75,True
1486,144,Gulab Jamun,Dessert,105,True
1487,145,Curd Rice,Main,285,False
1488,145,Idli Sambar,Main,310,True
1489,145,Masala Dosa,Main,275,False
1490,145,Rava Dosa,Main,275,True
1491,145,Uttapam,Main,490,True
1492,145,Pongal,Main,490,True
1493,145,Masala Chai,Beverage,290,False
1494,145,Mango Lassi,Beverage,340,False
1495,145,Filter Coffee,Main,315,False
1496,145,Cold Coffee,Beverage,380,False
1497,145,Gulab Jamun,Dessert,290,False
1498,145,Chocolate Brownie,Dessert,270,False
1499,145,Medu Vada,Main,305,True
1500,146,Chicken Momos,Main,285,False
1501,146,Fried Rice,Main,295,True
1502,146,Mango Lassi,Beverage,475,True
1503,146,Spring Roll,Main,245,True
1504,146,Cold Coffee,Beverage,510,True
1505,146,Veg Manchurian,Main,355,True
1506,146,Chocolate Brownie,Dessert,395,True
1507,146,Veg Hakka Noodles,Main,405,True
1508,146,Masala Chai,Beverage,500,False
1509,146,Chilli Paneer,Main,430,True
1510,146,Schezwan Noodles,Main,325,True
1511,146,Chilli Chicken,Main,380,True
1512,147,Ice Cream Tub,Dessert,180,True
1513,147,Gulab Jamun,Dessert,165,False
1514,147,Masala Chai,Beverage,240,True
1515,147,Mango Lassi,Beverage,235,True
1516,147,Chocolate Brownie,Dessert,190,True
1517,147,Cold Coffee,Beverage,160,False
1518,147,Gajar Halwa,Dessert,235,False
1519,147,Gulab Jamun,Dessert,205,True
1520,148,French Fries,Main,150,True
1521,148,Veg Burger,Main,150,False
1522,148,Peri Peri Fries,Main,215,False
1523,148,Gulab Jamun,Dessert,170,True
1524,148,Mango Lassi,Beverage,115,True
1525,148,Chicken Burger,Main,115,True
1526,148,Veg Wrap,Main,200,True
1527,149,Pongal,Main,65,False
1528,149,Gulab Jamun,Dessert,100,True
1529,149,Cold Coffee,Beverage,105,False
1530,149,Chocolate Brownie,Dessert,105,False
1531,149,Uttapam,Main,140,True
1532,149,Mango Lassi,Beverage,145,False
1533,149,Idli Sambar,Main,95,False
1534,149,Rava Dosa,Main,105,True
1535,149,Masala Dosa,Main,105,False
1536,149,Curd Rice,Main,145,True
1537,149,Medu Vada,Main,120,False
1538,149,Filter Coffee,Main,140,True
1539,149,Masala Chai,Beverage,75,True
1540,150,Gulab Jamun,Dessert,370,True
1541,150,Mango Lassi,Beverage,245,True
1542,150,Cold Coffee,Beverage,390,True
1543,150,Chicken Biryani,Main,435,False
1544,150,Boneless Biryani,Main,450,True
1545,150,Veg Biryani,Main,365,False
1546,150,Mutton Biryani,Main,430,False
1547,150,Chocolate Brownie,Dessert,380,True
1548,150,Hyderabadi Dum Biryani,Main,340,False
1549,150,Chicken 65,Main,415,False
1550,150,Egg Biryani,Main,445,False
1551,150,Masala Chai,Beverage,380,False
1552,151,Peppy Paneer Pizza,Main,100,False
1553,151,Cheese Burst Pizza,Main,130,True
1554,151,Garlic Bread,Main,110,False
1555,151,Masala Chai,Beverage,120,True
1556,151,Gulab Jamun,Dessert,85,False
1557,151,Mango Lassi,Beverage,145,True
1558,151,Chocolate Brownie,Dessert,140,True
1559,151,Cold Coffee,Beverage,75,False
1560,152,Pav Bhaji,Main,170,False
1561,152,Pani Puri,Main,260,True
1562,152,Kachori,Main,115,False
1563,152,Mango Lassi,Beverage,245,True
1564,152,Chocolate Brownie,Dessert,140,False
1565,152,Gulab Jamun,Dessert,230,True
1566,152,Cold Coffee,Beverage,165,True
1567,153,Chocolate Brownie,Dessert,75,False
1568,153,Margherita Pizza,Main,120,False
1569,153,Mango Lassi,Beverage,130,True
1570,153,Cheese Burst Pizza,Main,60,False
1571,153,Chicken Supreme Pizza,Main,70,False
1572,153,Masala Chai,Beverage,80,True
1573,153,Peppy Paneer Pizza,Main,110,True
1574,153,Farmhouse Pizza,Main,120,False
1575,153,Garlic Bread,Main,130,False
1576,153,Cold Coffee,Beverage,100,True
1577,153,Gulab Jamun,Dessert,140,True
1578,154,Rajma Chawal,Main,220,True
1579,154,Shahi Paneer,Main,230,True
1580,154,Chole Bhature,Main,175,True
1581,154,Butter Naan,Main,205,False
1582,154,Paneer Butter Masala,Main,215,True
1583,154,Cold Coffee,Beverage,205,False
1584,154,Masala Chai,Beverage,225,True
1585,154,Gulab Jamun,Dessert,165,True
1586,154,Chicken Curry,Main,245,True
1587,155,Chocolate Brownie,Dessert,130,True
1588,155,Mango Lassi,Beverage,90,True
1589,155,Double Egg Roll,Main,125,True
1590,155,Egg Roll,Main,140,False
1591,155,Cold Coffee,Beverage,115,True
1592,155,Chicken Roll,Main,130,False
1593,155,Veg Frankie,Main,105,True
1594,155,Gulab Jamun,Dessert,95,True
1595,156,Pongal,Main,120,True
1596,156,Uttapam,Main,70,False
1597,156,Masala Dosa,Main,90,True
1598,156,Gulab Jamun,Dessert,90,True
1599,156,Curd Rice,Main,65,True
1600,156,Idli Sambar,Main,90,False
1601,156,Cold Coffee,Beverage,100,False
1602,156,Medu Vada,Main,125,False
1603,156,Rava Dosa,Main,145,True
1604,156,Filter Coffee,Main,70,True
1605,156,Mango Lassi,Beverage,75,False
1606,156,Chocolate Brownie,Dessert,110,True
1607,156,Masala Chai,Beverage,70,False
1608,157,Masala Chai,Beverage,60,True
1609,157,Cappuccino,Main,130,True
1610,157,Veg Sandwich,Main,120,True
1611,157,Mango Lassi,Beverage,90,True
1612,157,Croissant,Main,130,True
1613,157,Chocolate Brownie,Dessert,75,True
1614,157,Pasta Alfredo,Main,70,False
1615,157,Gulab Jamun,Dessert,150,False
1616,158,Veg Hakka Noodles,Main,230,False
1617,158,Schezwan Noodles,Main,205,True
1618,158,Chilli Chicken,Main,210,False
1619,158,Masala Chai,Beverage,125,True
1620,158,Mango Lassi,Beverage,240,False
1621,158,Chilli Paneer,Main,135,False
1622,158,Cold Coffee,Beverage,210,True
1623,158,Veg Manchurian,Main,160,True
1624,158,Gulab Jamun,Dessert,260,True
1625,158,Chocolate Brownie,Dessert,235,True
1626,158,Chicken Momos,Main,240,False
1627,159,Mango Lassi,Beverage,70,False
1628,159,Gulab Jamun,Dessert,75,False
1629,159,Medu Vada,Main,145,True
1630,159,Masala Dosa,Main,130,True
1631,159,Filter Coffee,Main,85,True
1632,159,Pongal,Main,120,False
1633,159,Masala Chai,Beverage,85,False
1634,159,Curd Rice,Main,90,True
1635,159,Chocolate Brownie,Dessert,115,False
1636,159,Cold Coffee,Beverage,125,False
1637,159,Rava Dosa,Main,70,True
1638,159,Idli Sambar,Main,85,False
1639,159,Uttapam,Main,65,True
1640,160,Boneless Biryani,Main,235,False
1641,160,Cold Coffee,Beverage,115,True
1642,160,Egg Biryani,Main,135,True
1643,160,Gulab Jamun,Dessert,165,True
1644,160,Hyderabadi Dum Biryani,Main,175,False
1645,160,Chicken Biryani,Main,150,True
1646,160,Chocolate Brownie,Dessert,215,True
1647,160,Masala Chai,Beverage,220,False
1648,160,Chicken 65,Main,215,False
1649,160,Mutton Biryani,Main,235,False
1650,160,Mango Lassi,Beverage,120,True
1651,160,Veg Biryani,Main,230,True
1652,161,Idli Sambar,Main,125,False
1653,161,Chocolate Brownie,Dessert,145,False
1654,161,Masala Dosa,Main,225,True
1655,161,Mango Lassi,Beverage,205,False
1656,161,Rava Dosa,Main,240,False
1657,161,Gulab Jamun,Dessert,135,False
1658,162,Masala Dosa,Main,185,False
1659,162,Gulab Jamun,Dessert,115,True
1660,162,Curd Rice,Main,125,True
1661,162,Mango Lassi,Beverage,200,False
1662,162,Rava Dosa,Main,195,True
1663,162,Cold Coffee,Beverage,150,False
1664,162,Chocolate Brownie,Dessert,140,True
1665,162,Medu Vada,Main,130,False
1666,162,Pongal,Main,245,True
1667,162,Idli Sambar,Main,110,False
1668,162,Uttapam,Main,155,True
1669,162,Filter Coffee,Main,180,True
1670,162,Masala Chai,Beverage,165,False
1671,163,Veg Burger,Main,145,True
1672,163,Chicken Burger,Main,120,False
1673,163,Cheese Sandwich,Main,120,True
1674,163,Mango Lassi,Beverage,65,True
1675,163,Peri Peri Fries,Main,65,True
1676,163,Masala Chai,Beverage,140,True
1677,163,Gulab Jamun,Dessert,95,True
1678,163,Nuggets,Main,100,False
1679,163,French Fries,Main,135,True
1680,163,Veg Wrap,Main,95,True
1681,163,Chocolate Brownie,Dessert,150,True
1682,163,Cold Coffee,Beverage,90,True
1683,164,Masala Chai,Beverage,410,True
1684,164,Gulab Jamun,Dessert,430,True
1685,164,Gajar Halwa,Dessert,395,True
1686,164,Gulab Jamun,Dessert,390,True
1687,164,Ice Cream Tub,Dessert,450,False
1688,164,Chocolate Brownie,Dessert,330,True
1689,164,Chocolate Brownie,Dessert,245,True
1690,164,Mango Lassi,Beverage,315,False
1691,164,Cold Coffee,Beverage,465,True
1692,164,Choco Lava Cake,Dessert,485,True
1693,165,Chocolate Brownie,Dessert,135,True
1694,165,Cold Drink,Beverage,220,False
1695,165,Fresh Lime Soda,Beverage,125,False
1696,165,Mango Lassi,Beverage,235,True
1697,165,Gulab Jamun,Dessert,255,False
1698,165,Mango Lassi,Beverage,145,False
1699,165,Buttermilk,Beverage,175,True
1700,165,Masala Chai,Beverage,140,False
1701,165,Cold Coffee,Beverage,260,True
1702,165,Masala Chai,Beverage,195,True
1703,165,Cold Coffee,Beverage,235,True
1704,166,Chicken 65,Main,125,True
1705,166,Chicken Biryani,Main,80,True
1706,166,Cold Coffee,Beverage,95,False
1707,166,Chocolate Brownie,Dessert,135,True
1708,166,Veg Biryani,Main,115,True
1709,166,Masala Chai,Beverage,105,False
1710,166,Boneless Biryani,Main,85,False
1711,166,Mango Lassi,Beverage,65,True
1712,166,Hyderabadi Dum Biryani,Main,120,False
1713,167,Masala Chai,Beverage,120,False
1714,167,Chicken Curry,Main,120,True
1715,167,Chole Bhature,Main,115,True
1716,167,Butter Naan,Main,85,True
1717,167,Paneer Butter Masala,Main,95,False
1718,167,Mango Lassi,Beverage,75,True
1719,167,Dal Makhani,Main,130,False
1720,167,Shahi Paneer,Main,110,True
1721,167,Gulab Jamun,Dessert,100,False
1722,167,Cold Coffee,Beverage,135,True
1723,167,Chocolate Brownie,Dessert,140,False
1724,167,Rajma Chawal,Main,125,True
1725,167,Tandoori Roti,Main,145,True
1726,168,Chocolate Brownie,Dessert,135,False
1727,168,Veg Biryani,Main,95,False
1728,168,Egg Biryani,Main,140,False
1729,168,Hyderabadi Dum Biryani,Main,140,False
1730,168,Mango Lassi,Beverage,125,True
1731,168,Masala Chai,Beverage,110,False
1732,168,Boneless Biryani,Main,130,True
1733,168,Mutton Biryani,Main,105,False
1734,168,Gulab Jamun,Dessert,100,True
1735,168,Cold Coffee,Beverage,125,True
1736,168,Chicken 65,Main,80,False
1737,169,Chocolate Brownie,Dessert,130,False
1738,169,Veg Biryani,Main,130,False
1739,169,Masala Chai,Beverage,95,False
1740,169,Boneless Biryani,Main,140,True
1741,169,Chicken 65,Main,130,False
1742,169,Chicken Biryani,Main,105,True
1743,169,Gulab Jamun,Dessert,90,False
1744,169,Mango Lassi,Beverage,125,False
1745,169,Cold Coffee,Beverage,140,True
1746,169,Hyderabadi Dum Biryani,Main,145,True
1747,169,Mutton Biryani,Main,125,True
1748,169,Egg Biryani,Main,90,True
1749,170,Mango Lassi,Beverage,75,True
1750,170,Filter Coffee,Main,135,False
1751,170,Masala Chai,Beverage,80,True
1752,170,Idli Sambar,Main,115,True
1753,170,Chocolate Brownie,Dessert,135,True
1754,170,Gulab Jamun,Dessert,140,False
1755,170,Uttapam,Main,85,False
1756,170,Rava Dosa,Main,125,True
1757,170,Cold Coffee,Beverage,85,False
1758,170,Masala Dosa,Main,120,False
1759,170,Curd Rice,Main,90,False
1760,170,Pongal,Main,125,True
1761,170,Medu Vada,Main,85,True
1762,171,Club Sandwich,Main,460,True
1763,171,Cold Coffee,Beverage,505,True
1764,171,Croissant,Main,515,True
1765,171,Mango Lassi,Beverage,515,False
1766,171,Pasta Alfredo,Main,335,False
1767,171,Masala Chai,Beverage,375,True
1768,171,Chocolate Brownie,Dessert,375,False
1769,171,Chocolate Shake,Main,445,True
1770,171,Gulab Jamun,Dessert,475,True
1771,171,Veg Sandwich,Main,265,True
1772,171,Cappuccino,Main,260,False
1773,172,Vada Pav,Main,135,False
1774,172,Kachori,Main,170,True
1775,172,Masala Chai,Beverage,205,False
1776,172,Samosa,Main,245,True
1777,172,Mango Lassi,Beverage,240,False
1778,172,Pav Bhaji,Main,195,True
1779,173,Gulab Jamun,Dessert,90,False
1780,173,Masala Chai,Beverage,70,True
1781,173,Mango Lassi,Beverage,95,False
1782,173,Chocolate Brownie,Dessert,100,True
1783,173,Chole Bhature,Main,100,True
1784,173,Chicken Curry,Main,125,False
1785,173,Shahi Paneer,Main,90,False
1786,173,Rajma Chawal,Main,125,False
1787,174,Mango Lassi,Beverage,185,True
1788,174,Chocolate Brownie,Dessert,220,True
1789,174,Chocolate Brownie,Dessert,115,True
1790,174,Gulab Jamun,Dessert,155,True
1791,174,Masala Chai,Beverage,135,True
1792,174,Gulab Jamun,Dessert,140,True
1793,174,Choco Lava Cake,Dessert,215,True
1794,174,Ice Cream Tub,Dessert,175,True
1795,174,Gajar Halwa,Dessert,215,True
1796,175,Gulab Jamun,Dessert,60,False
1797,175,Garlic Bread,Main,65,True
1798,175,Margherita Pizza,Main,75,True
1799,175,Masala Chai,Beverage,80,False
1800,175,Cold Coffee,Beverage,80,True
1801,175,Chicken Supreme Pizza,Main,80,True
1802,175,Peppy Paneer Pizza,Main,120,True
1803,175,Farmhouse Pizza,Main,125,True
1804,175,Mango Lassi,Beverage,80,True
1805,175,Cheese Burst Pizza,Main,105,True
1806,175,Chocolate Brownie,Dessert,105,False
1807,176,Uttapam,Main,110,True
1808,176,Medu Vada,Main,80,True
1809,176,Curd Rice,Main,110,True
1810,176,Gulab Jamun,Dessert,135,False
1811,176,Filter Coffee,Main,150,True
1812,176,Masala Dosa,Main,105,False
1813,176,Mango Lassi,Beverage,120,True
1814,176,Rava Dosa,Main,135,True
1815,176,Chocolate Brownie,Dessert,125,False
1816,176,Cold Coffee,Beverage,150,True
1817,176,Pongal,Main,75,False
1818,177,Masala Chai,Beverage,105,False
1819,177,Cheese Burst Pizza,Main,150,False
1820,177,Chocolate Brownie,Dessert,145,True
1821,177,Garlic Bread,Main,140,False
1822,177,Chicken Supreme Pizza,Main,115,True
1823,177,Peppy Paneer Pizza,Main,75,True
1824,177,Mango Lassi,Beverage,125,True
1825,177,Cold Coffee,Beverage,130,False
1826,177,Gulab Jamun,Dessert,80,True
1827,178,Chicken Curry,Main,115,False
1828,178,Masala Chai,Beverage,125,True
1829,178,Dal Makhani,Main,135,False
1830,178,Chole Bhature,Main,140,False
1831,178,Mango Lassi,Beverage,70,False
1832,178,Rajma Chawal,Main,100,False
1833,178,Paneer Butter Masala,Main,75,False
1834,178,Butter Naan,Main,85,True
1835,178,Cold Coffee,Beverage,150,True
1836,178,Gulab Jamun,Dessert,65,False
1837,179,Gulab Jamun,Dessert,95,False
1838,179,Masala Chai,Beverage,140,True
1839,179,Tandoori Roti,Main,95,True
1840,179,Butter Naan,Main,75,True
1841,179,Paneer Butter Masala,Main,100,True
1842,179,Dal Makhani,Main,130,True
1843,179,Chole Bhature,Main,100,True
1844,179,Mango Lassi,Beverage,85,False
1845,179,Chicken Curry,Main,125,True
1846,179,Rajma Chawal,Main,110,True
1847,179,Shahi Paneer,Main,140,True
1848,180,Chocolate Brownie,Dessert,435,False
1849,180,Mango Lassi,Beverage,430,True
1850,180,Quinoa Salad,Main,290,False
1851,180,Cold Coffee,Beverage,485,True
1852,180,Sprout Salad,Main,475,False
1853,180,Masala Chai,Beverage,390,False
1854,180,Gulab Jamun,Dessert,270,True
1855,180,Grilled Chicken Bowl,Main,445,False
1856,181,Mango Lassi,Beverage,245,False
1857,181,Gulab Jamun,Dessert,115,True
1858,181,Cold Coffee,Beverage,155,False
1859,181,Garlic Bread,Main,220,False
1860,181,Margherita Pizza,Main,135,False
1861,181,Chicken Supreme Pizza,Main,230,True
1862,181,Chocolate Brownie,Dessert,170,True
1863,181,Peppy Paneer Pizza,Main,200,True
1864,181,Farmhouse Pizza,Main,140,False
1865,181,Masala Chai,Beverage,210,True
1866,182,Gulab Jamun,Dessert,245,False
1867,182,Rava Dosa,Main,180,True
1868,182,Chocolate Brownie,Dessert,170,True
1869,182,Cold Coffee,Beverage,250,False
1870,182,Curd Rice,Main,185,True
1871,182,Mango Lassi,Beverage,115,True
1872,183,Egg Biryani,Main,80,False
1873,183,Chicken Biryani,Main,100,True
1874,183,Gulab Jamun,Dessert,135,True
1875,183,Masala Chai,Beverage,115,False
1876,183,Mango Lassi,Beverage,65,False
1877,183,Chicken 65,Main,100,True
1878,183,Cold Coffee,Beverage,100,False
1879,184,Cold Coffee,Beverage,415,False
1880,184,Masala Chai,Beverage,245,True
1881,184,Pav Bhaji,Main,310,False
1882,184,Vada Pav,Main,315,True
1883,184,Mango Lassi,Beverage,390,True
1884,184,Kachori,Main,465,True
1885,184,Pani Puri,Main,320,False
1886,184,Chocolate Brownie,Dessert,445,False
1887,184,Samosa,Main,415,True
1888,185,Boneless Biryani,Main,175,False
1889,185,Veg Biryani,Main,170,False
1890,185,Cold Coffee,Beverage,140,False
1891,185,Hyderabadi Dum Biryani,Main,200,True
1892,185,Mango Lassi,Beverage,220,True
1893,185,Masala Chai,Beverage,145,True
1894,185,Mutton Biryani,Main,130,True
1895,185,Chicken 65,Main,165,True
1896,186,Cold Coffee,Beverage,75,False
1897,186,Seekh Kebab,Main,115,True
1898,186,Mutton Rogan Josh,Main,90,True
1899,186,Masala Chai,Beverage,115,False
1900,186,Chicken Korma,Main,90,False
1901,186,Galouti Kebab,Main,80,True
1902,186,Mango Lassi,Beverage,110,False
1903,186,Chocolate Brownie,Dessert,105,False
1904,187,Pasta Alfredo,Main,175,True
1905,187,Cold Coffee,Beverage,240,False
1906,187,Veg Sandwich,Main,235,True
1907,187,Chocolate Shake,Main,260,True
1908,187,Masala Chai,Beverage,165,False
1909,187,Club Sandwich,Main,210,False
1910,187,Croissant,Main,205,True
1911,187,Gulab Jamun,Dessert,170,False
1912,187,Mango Lassi,Beverage,185,False
1913,188,Chocolate Brownie,Dessert,140,True
1914,188,Cold Coffee,Beverage,150,False
1915,188,Veg Hakka Noodles,Main,140,True
1916,188,Chilli Chicken,Main,95,False
1917,188,Spring Roll,Main,135,False
1918,188,Fried Rice,Main,85,False
1919,188,Chicken Momos,Main,95,True
1920,188,Schezwan Noodles,Main,105,False
1921,188,Mango Lassi,Beverage,105,True
1922,188,Chilli Paneer,Main,135,False
1923,188,Masala Chai,Beverage,95,False
1924,189,Peppy Paneer Pizza,Main,115,False
1925,189,Margherita Pizza,Main,240,True
1926,189,Cold Coffee,Beverage,155,False
1927,189,Cheese Burst Pizza,Main,225,True
1928,189,Garlic Bread,Main,175,False
1929,189,Chocolate Brownie,Dessert,220,True
1930,189,Chicken Supreme Pizza,Main,185,True
1931,189,Masala Chai,Beverage,230,False
1932,189,Mango Lassi,Beverage,165,True
1933,189,Gulab Jamun,Dessert,150,True
1934,189,Farmhouse Pizza,Main,250,False
1935,190,Margherita Pizza,Main,200,True
1936,190,Peppy Paneer Pizza,Main,140,True
1937,190,Farmhouse Pizza,Main,110,True
1938,190,Cold Coffee,Beverage,135,True
1939,190,Gulab Jamun,Dessert,240,False
1940,190,Mango Lassi,Beverage,135,True
1941,190,Cheese Burst Pizza,Main,235,True
1942,190,Garlic Bread,Main,220,True
1943,190,Masala Chai,Beverage,205,True
1944,190,Chocolate Brownie,Dessert,220,True
1945,190,Chicken Supreme Pizza,Main,135,True
1946,191,Gajar Halwa,Dessert,180,True
1947,191,Masala Chai,Beverage,195,False
1948,191,Gulab Jamun,Dessert,180,False
1949,191,Choco Lava Cake,Dessert,185,False
1950,191,Rasmalai,Dessert,150,True
1951,191,Chocolate Brownie,Dessert,180,True
1952,191,Gulab Jamun,Dessert,120,True
1953,191,Cold Coffee,Beverage,110,True
1954,191,Mango Lassi,Beverage,165,False
1955,192,Chilli Paneer,Main,130,False
1956,192,Chocolate Brownie,Dessert,230,True
1957,192,Fried Rice,Main,260,True
1958,192,Gulab Jamun,Dessert,250,False
1959,192,Veg Manchurian,Main,220,False
1960,192,Schezwan Noodles,Main,235,True
1961,192,Spring Roll,Main,240,True
1962,192,Chilli Chicken,Main,115,False
1963,192,Mango Lassi,Beverage,185,True
1964,192,Chicken Momos,Main,170,True
1965,192,Masala Chai,Beverage,135,False
1966,192,Cold Coffee,Beverage,145,False
1967,192,Veg Hakka Noodles,Main,190,True
1968,193,Tandoori Roti,Main,165,True
1969,193,Butter Naan,Main,135,False
1970,193,Masala Chai,Beverage,195,True
1971,193,Chole Bhature,Main,120,True
1972,193,Cold Coffee,Beverage,170,True
1973,193,Chicken Curry,Main,165,True
1974,193,Mango Lassi,Beverage,220,False
1975,193,Shahi Paneer,Main,200,True
1976,193,Rajma Chawal,Main,140,False
1977,193,Gulab Jamun,Dessert,135,False
1978,194,Medu Vada,Main,125,True
1979,194,Pongal,Main,130,False
1980,194,Chocolate Brownie,Dessert,65,True
1981,194,Uttapam,Main,65,True
1982,194,Cold Coffee,Beverage,130,False
1983,194,Filter Coffee,Main,140,True
1984,194,Rava Dosa,Main,70,True
1985,195,French Fries,Main,305,True
1986,195,Cheese Sandwich,Main,490,False
1987,195,Chicken Burger,Main,370,True
1988,195,Veg Burger,Main,310,True
1989,195,Cold Coffee,Beverage,330,False
1990,195,Chocolate Brownie,Dessert,450,True
1991,195,Masala Chai,Beverage,455,True
1992,195,Gulab Jamun,Dessert,295,True
1993,195,Peri Peri Fries,Main,305,True
1994,195,Nuggets,Main,490,True
1995,196,Chocolate Brownie,Dessert,145,True
1996,196,Chocolate Brownie,Dessert,105,False
1997,196,Ice Cream Tub,Dessert,140,True
1998,196,Gulab Jamun,Dessert,150,False
1999,196,Rasmalai,Dessert,125,False
2000,196,Masala Chai,Beverage,125,True
2001,196,Choco Lava Cake,Dessert,130,True
2002,196,Gajar Halwa,Dessert,145,False
2003,196,Cold Coffee,Beverage,115,True
2004,196,Mango Lassi,Beverage,85,True
2005,196,Gulab Jamun,Dessert,85,False
2006,197,Chocolate Brownie,Dessert,110,True
2007,197,Masala Chai,Beverage,60,False
2008,197,Gajar Halwa,Dessert,135,True
2009,197,Choco Lava Cake,Dessert,60,True
2010,197,Gulab Jamun,Dessert,80,False
2011,197,Gulab Jamun,Dessert,105,True
2012,197,Chocolate Brownie,Dessert,105,False
2013,197,Cold Coffee,Beverage,100,True
2014,197,Ice Cream Tub,Dessert,110,False
2015,197,Mango Lassi,Beverage,70,True
2016,198,Chicken Burger,Main,70,False
2017,198,Mango Lassi,Beverage,125,True
2018,198,Chocolate Brownie,Dessert,80,True
2019,198,Cold Coffee,Beverage,120,True
2020,198,French Fries,Main,100,True
2021,198,Gulab Jamun,Dessert,65,True
2022,198,Peri Peri Fries,Main,145,False
2023,198,Veg Wrap,Main,90,False
2024,198,Cheese Sandwich,Main,115,False
2025,198,Nuggets,Main,145,False
2026,199,Butter Naan,Main,370,True
2027,199,Chocolate Brownie,Dessert,310,False
2028,199,Shahi Paneer,Main,415,True
2029,199,Mango Lassi,Beverage,360,True
2030,199,Rajma Chawal,Main,365,True
2031,199,Dal Makhani,Main,335,False
2032,199,Masala Chai,Beverage,500,True
2033,199,Tandoori Roti,Main,440,False
2034,199,Paneer Butter Masala,Main,295,True
2035,199,Gulab Jamun,Dessert,260,True
2036,200,Gulab Jamun,Dessert,235,False
2037,200,Rajma Chawal,Main,170,True
2038,200,Dal Makhani,Main,215,True
2039,200,Butter Naan,Main,130,False
2040,200,Chocolate Brownie,Dessert,160,False
2041,200,Masala Chai,Beverage,235,True
2042,200,Shahi Paneer,Main,150,True
2043,200,Mango Lassi,Beverage,230,True
2044,200,Chicken Curry,Main,155,False
2045,200,Cold Coffee,Beverage,115,True
2046,200,Paneer Butter Masala,Main,225,True
2047,200,Tandoori Roti,Main,195,True
2048,200,Chole Bhature,Main,190,True
2049,201,Choco Lava Cake,Dessert,175,True
2050,201,Masala Chai,Beverage,120,True
2051,201,Chocolate Brownie,Dessert,165,False
2052,201,Cold Coffee,Beverage,170,True
2053,201,Rasmalai,Dessert,115,False
2054,201,Ice Cream Tub,Dessert,210,True
2055,201,Gulab Jamun,Dessert,240,False
2056,201,Mango Lassi,Beverage,135,True
2057,201,Gajar Halwa,Dessert,255,True
2058,201,Gulab Jamun,Dessert,145,True
2059,201,Chocolate Brownie,Dessert,140,False
2060,202,Veg Wrap,Main,490,False
2061,202,Mango Lassi,Beverage,515,False
2062,202,Cheese Sandwich,Main,320,True
2063,202,Nuggets,Main,360,True
2064,202,Cold Coffee,Beverage,425,True
2065,202,Gulab Jamun,Dessert,490,True
2066,202,Masala Chai,Beverage,345,False
2067,202,Chocolate Brownie,Dessert,405,True
2068,202,Peri Peri Fries,Main,430,True
2069,202,French Fries,Main,270,True
2070,202,Veg Burger,Main,495,True
2071,202,Chicken Burger,Main,355,True
2072,203,Gulab Jamun,Dessert,130,True
2073,203,Gajar Halwa,Dessert,140,True
2074,203,Choco Lava Cake,Dessert,85,False
2075,203,Cold Coffee,Beverage,75,True
2076,203,Masala Chai,Beverage,150,False
2077,203,Ice Cream Tub,Dessert,135,True
2078,203,Gulab Jamun,Dessert,85,True
2079,203,Rasmalai,Dessert,75,False
2080,203,Mango Lassi,Beverage,75,False
2081,203,Chocolate Brownie,Dessert,65,True
2082,203,Chocolate Brownie,Dessert,65,True
2083,204,Filter Coffee,Main,210,True
2084,204,Mango Lassi,Beverage,205,False
2085,204,Cold Coffee,Beverage,115,True
2086,204,Chocolate Brownie,Dessert,210,True
2087,204,Rava Dosa,Main,180,False
2088,204,Pongal,Main,135,True
2089,204,Uttapam,Main,250,True
2090,204,Idli Sambar,Main,195,True
2091,204,Medu Vada,Main,160,True
2092,204,Masala Dosa,Main,195,True
2093,204,Gulab Jamun,Dessert,255,False
2094,204,Curd Rice,Main,110,False
2095,204,Masala Chai,Beverage,160,False
2096,205,Cold Coffee,Beverage,105,True
2097,205,Chocolate Brownie,Dessert,75,False
2098,205,Chicken Biryani,Main,140,False
2099,205,Gulab Jamun,Dessert,105,True
2100,205,Mango Lassi,Beverage,125,True
2101,205,Chicken 65,Main,105,False
2102,205,Veg Biryani,Main,130,True
2103,205,Mutton Biryani,Main,125,True
2104,205,Hyderabadi Dum Biryani,Main,80,True
2105,205,Boneless Biryani,Main,90,True
2106,205,Egg Biryani,Main,95,True
2107,205,Masala Chai,Beverage,100,True
2108,206,Seekh Kebab,Main,125,False
2109,206,Masala Chai,Beverage,115,True
2110,206,Gulab Jamun,Dessert,125,False
2111,206,Cold Coffee,Beverage,95,False
2112,206,Mutton Rogan Josh,Main,105,True
2113,206,Mango Lassi,Beverage,120,True
2114,206,Galouti Kebab,Main,90,True
2115,207,Filter Coffee,Main,120,True
2116,207,Rava Dosa,Main,120,True
2117,207,Masala Dosa,Main,130,True
2118,207,Masala Chai,Beverage,130,True
2119,207,Medu Vada,Main,130,False
2120,207,Mango Lassi,Beverage,150,False
2121,207,Chocolate Brownie,Dessert,125,True
2122,207,Idli Sambar,Main,70,True
2123,207,Uttapam,Main,110,True
2124,207,Cold Coffee,Beverage,120,True
2125,207,Pongal,Main,115,True
2126,207,Gulab Jamun,Dessert,140,True
2127,207,Curd Rice,Main,75,True
2128,208,Rajma Chawal,Main,475,False
2129,208,Chicken Curry,Main,285,False
2130,208,Chole Bhature,Main,245,True
2131,208,Cold Coffee,Beverage,395,False
2132,208,Butter Naan,Main,340,True
2133,208,Dal Makhani,Main,290,True
2134,208,Chocolate Brownie,Dessert,275,True
2135,208,Mango Lassi,Beverage,470,True
2136,208,Paneer Butter Masala,Main,495,True
2137,208,Gulab Jamun,Dessert,380,True
2138,208,Masala Chai,Beverage,245,False
2139,208,Shahi Paneer,Main,335,True
2140,208,Tandoori Roti,Main,355,False
2141,209,Margherita Pizza,Main,320,True
2142,209,Garlic Bread,Main,330,False
2143,209,Farmhouse Pizza,Main,425,False
2144,209,Chocolate Brownie,Dessert,385,True
2145,209,Cheese Burst Pizza,Main,260,False
2146,209,Chicken Supreme Pizza,Main,260,True
2147,209,Mango Lassi,Beverage,425,False
2148,209,Gulab Jamun,Dessert,260,False
2149,209,Cold Coffee,Beverage,280,False
2150,209,Peppy Paneer Pizza,Main,445,False
2151,209,Masala Chai,Beverage,260,True
2152,210,Veg Burger,Main,140,False
2153,210,Veg Wrap,Main,155,True
2154,210,French Fries,Main,175,True
2155,210,Peri Peri Fries,Main,225,True
2156,210,Chicken Burger,Main,190,True
2157,210,Mango Lassi,Beverage,140,False
2158,210,Cold Coffee,Beverage,185,True
2159,210,Masala Chai,Beverage,220,False
2160,211,Chocolate Brownie,Dessert,145,True
2161,211,Kachori,Main,70,False
2162,211,Masala Chai,Beverage,125,True
2163,211,Dahi Puri,Main,85,False
2164,211,Gulab Jamun,Dessert,105,False
2165,211,Cold Coffee,Beverage,135,True
2166,211,Mango Lassi,Beverage,120,False
2167,211,Pav Bhaji,Main,70,True
2168,212,Masala Chai,Beverage,105,False
2169,212,Chicken Korma,Main,95,True
2170,212,Mutton Rogan Josh,Main,100,False
2171,212,Gulab Jamun,Dessert,105,False
2172,212,Mango Lassi,Beverage,80,True
2173,212,Seekh Kebab,Main,140,True
2174,212,Cold Coffee,Beverage,115,False
2175,212,Chocolate Brownie,Dessert,125,True
2176,212,Galouti Kebab,Main,115,True
2177,213,Double Egg Roll,Main,135,True
2178,213,Gulab Jamun,Dessert,115,True
2179,213,Masala Chai,Beverage,90,False
2180,213,Chicken Roll,Main,140,True
2181,213,Chocolate Brownie,Dessert,65,False
2182,213,Mango Lassi,Beverage,75,False
2183,213,Egg Roll,Main,85,True
2184,214,Chole Bhature,Main,75,False
2185,214,Chicken Curry,Main,145,True
2186,214,Rajma Chawal,Main,85,True
2187,214,Butter Naan,Main,100,True
2188,214,Paneer Butter Masala,Main,80,False
2189,214,Shahi Paneer,Main,120,True
2190,214,Dal Makhani,Main,60,False
2191,214,Gulab Jamun,Dessert,60,False
2192,214,Mango Lassi,Beverage,110,False
2193,214,Chocolate Brownie,Dessert,130,False
2194,214,Masala Chai,Beverage,125,True
2195,214,Tandoori Roti,Main,75,False
2196,215,Boneless Biryani,Main,65,True
2197,215,Cold Coffee,Beverage,120,True
2198,215,Mutton Biryani,Main,95,False
2199,215,Egg Biryani,Main,65,False
2200,215,Veg Biryani,Main,120,True
2201,215,Chicken 65,Main,70,True
2202,215,Hyderabadi Dum Biryani,Main,145,False
2203,215,Chocolate Brownie,Dessert,95,False
2204,215,Chicken Biryani,Main,70,True
2205,215,Mango Lassi,Beverage,80,False
2206,215,Gulab Jamun,Dessert,95,False
2207,215,Masala Chai,Beverage,80,False
2208,216,Chocolate Brownie,Dessert,215,True
2209,216,Croissant,Main,175,True
2210,216,Veg Sandwich,Main,180,False
2211,216,Cappuccino,Main,125,True
2212,216,Mango Lassi,Beverage,115,True
2213,216,Club Sandwich,Main,225,True
2214,216,Masala Chai,Beverage,120,True
2215,217,Gulab Jamun,Dessert,235,True
2216,217,Mango Lassi,Beverage,160,False
2217,217,Chicken Biryani,Main,165,True
2218,217,Veg Biryani,Main,230,False
2219,217,Mutton Biryani,Main,235,True
2220,217,Masala Chai,Beverage,200,False
2221,217,Hyderabadi Dum Biryani,Main,200,True
2222,217,Chicken 65,Main,220,False
2223,217,Egg Biryani,Main,145,True
2224,217,Boneless Biryani,Main,120,True
2225,218,Masala Chai,Beverage,330,True
2226,218,Chocolate Brownie,Dessert,255,True
2227,218,Kachori,Main,345,True
2228,218,Samosa,Main,465,False
2229,218,Vada Pav,Main,375,False
2230,218,Dahi Puri,Main,375,True
2231,218,Gulab Jamun,Dessert,385,True
2232,218,Mango Lassi,Beverage,365,False
2233,218,Cold Coffee,Beverage,340,True
2234,218,Pani Puri,Main,275,False
2235,218,Pav Bhaji,Main,245,False
2236,219,Cold Coffee,Beverage,145,False
2237,219,Margherita Pizza,Main,115,False
2238,219,Gulab Jamun,Dessert,105,True
2239,219,Garlic Bread,Main,150,False
2240,219,Cheese Burst Pizza,Main,65,True
2241,219,Farmhouse Pizza,Main,140,True
2242,219,Chicken Supreme Pizza,Main,125,True
2243,219,Mango Lassi,Beverage,75,False
2244,219,Chocolate Brownie,Dessert,150,True
2245,219,Peppy Paneer Pizza,Main,65,True
2246,219,Masala Chai,Beverage,80,False
2247,220,Chocolate Brownie,Dessert,245,False
2248,220,Paneer Butter Masala,Main,255,True
2249,220,Chicken Curry,Main,125,True
2250,220,Cold Coffee,Beverage,235,True
2251,220,Gulab Jamun,Dessert,240,True
2252,220,Shahi Paneer,Main,110,True
2253,220,Dal Makhani,Main,200,True
2254,220,Butter Naan,Main,235,False
2255,220,Rajma Chawal,Main,165,False
2256,220,Masala Chai,Beverage,160,False
2257,220,Tandoori Roti,Main,150,False
2258,220,Mango Lassi,Beverage,170,True
2259,220,Chole Bhature,Main,205,True
2260,221,Chicken 65,Main,210,False
2261,221,Egg Biryani,Main,145,False
2262,221,Chocolate Brownie,Dessert,145,True
2263,221,Mutton Biryani,Main,120,True
2264,221,Chicken Biryani,Main,150,True
2265,221,Boneless Biryani,Main,125,True
2266,221,Veg Biryani,Main,115,True
2267,221,Mango Lassi,Beverage,235,True
2268,221,Hyderabadi Dum Biryani,Main,120,True
2269,222,Masala Chai,Beverage,65,False
2270,222,Chocolate Brownie,Dessert,75,False
2271,222,Margherita Pizza,Main,95,True
2272,222,Peppy Paneer Pizza,Main,65,True
2273,222,Cold Coffee,Beverage,115,True
2274,222,Garlic Bread,Main,70,True
2275,222,Mango Lassi,Beverage,130,False
2276,222,Gulab Jamun,Dessert,120,True
2277,223,Chicken Curry,Main,210,False
2278,223,Dal Makhani,Main,155,False
2279,223,Masala Chai,Beverage,250,False
2280,223,Rajma Chawal,Main,135,True
2281,223,Paneer Butter Masala,Main,210,False
2282,223,Tandoori Roti,Main,115,True
2283,223,Chole Bhature,Main,145,True
2284,223,Chocolate Brownie,Dessert,225,True
2285,223,Shahi Paneer,Main,190,False
2286,223,Butter Naan,Main,185,False
2287,224,Chicken Momos,Main,465,False
2288,224,Chilli Chicken,Main,470,True
2289,224,Mango Lassi,Beverage,280,False
2290,224,Cold Coffee,Beverage,490,False
2291,224,Spring Roll,Main,515,True
2292,224,Schezwan Noodles,Main,385,False
2293,225,Cold Coffee,Beverage,115,True
2294,225,Chocolate Brownie,Dessert,100,False
2295,225,Mango Lassi,Beverage,95,True
2296,225,Paneer Roll,Main,90,True
2297,225,Egg Roll,Main,95,False
2298,225,Masala Chai,Beverage,100,False
2299,225,Veg Frankie,Main,100,False
2300,226,Chicken Curry,Main,145,True
2301,226,Gulab Jamun,Dessert,115,False
2302,226,Masala Chai,Beverage,235,True
2303,226,Tandoori Roti,Main,245,True
2304,226,Butter Naan,Main,115,True
2305,226,Shahi Paneer,Main,245,True
2306,226,Dal Makhani,Main,120,True
2307,227,Masala Chai,Beverage,415,True
2308,227,Chicken Momos,Main,245,False
2309,227,Gulab Jamun,Dessert,280,False
2310,227,Mango Lassi,Beverage,435,True
2311,227,Chilli Chicken,Main,390,False
2312,227,Spring Roll,Main,500,True
2313,227,Cold Coffee,Beverage,290,True
2314,227,Veg Hakka Noodles,Main,450,True
2315,227,Schezwan Noodles,Main,260,True
2316,227,Chocolate Brownie,Dessert,510,True
2317,227,Chilli Paneer,Main,445,True
2318,228,Chicken Supreme Pizza,Main,240,False
2319,228,Gulab Jamun,Dessert,140,False
2320,228,Farmhouse Pizza,Main,240,True
2321,228,Peppy Paneer Pizza,Main,170,True
2322,228,Garlic Bread,Main,185,False
2323,228,Masala Chai,Beverage,240,True
2324,228,Chocolate Brownie,Dessert,195,True
2325,228,Mango Lassi,Beverage,180,False
2326,228,Cheese Burst Pizza,Main,205,True
2327,228,Margherita Pizza,Main,160,False
2328,228,Cold Coffee,Beverage,160,True
2329,229,Chocolate Brownie,Dessert,110,False
2330,229,Choco Lava Cake,Dessert,245,False
2331,229,Gulab Jamun,Dessert,175,False
2332,229,Masala Chai,Beverage,215,True
2333,229,Cold Coffee,Beverage,120,True
2334,229,Chocolate Brownie,Dessert,145,False
2335,229,Ice Cream Tub,Dessert,210,False
2336,229,Gulab Jamun,Dessert,195,True
2337,229,Rasmalai,Dessert,180,True
2338,229,Mango Lassi,Beverage,245,True
2339,229,Gajar Halwa,Dessert,140,True
2340,230,Egg Biryani,Main,240,True
2341,230,Veg Biryani,Main,170,True
2342,230,Boneless Biryani,Main,230,True
2343,230,Masala Chai,Beverage,260,False
2344,230,Mango Lassi,Beverage,155,False
2345,230,Hyderabadi Dum Biryani,Main,135,False
2346,230,Chocolate Brownie,Dessert,160,False
2347,230,Chicken Biryani,Main,205,True
2348,230,Chicken 65,Main,220,True
2349,230,Gulab Jamun,Dessert,165,True
2350,230,Mutton Biryani,Main,230,False
2351,230,Cold Coffee,Beverage,130,False
2352,231,Dahi Puri,Main,210,True
2353,231,Pani Puri,Main,130,True
2354,231,Kachori,Main,135,False
2355,231,Masala Chai,Beverage,170,True
2356,231,Cold Coffee,Beverage,125,False
2357,231,Samosa,Main,110,True
2358,231,Gulab Jamun,Dessert,230,True
2359,232,Masala Chai,Beverage,65,False
2360,232,Chocolate Brownie,Dessert,140,False
2361,232,Cold Coffee,Beverage,100,False
2362,232,Seekh Kebab,Main,85,False
2363,232,Galouti Kebab,Main,135,False
2364,232,Gulab Jamun,Dessert,135,False
2365,232,Mutton Rogan Josh,Main,65,False
2366,232,Chicken Korma,Main,80,True
2367,232,Mango Lassi,Beverage,95,True
2368,233,Gulab Jamun,Dessert,250,False
2369,233,Mutton Biryani,Main,320,False
2370,233,Boneless Biryani,Main,470,True
2371,233,Veg Biryani,Main,245,False
2372,233,Mango Lassi,Beverage,280,True
2373,233,Egg Biryani,Main,510,False
2374,233,Masala Chai,Beverage,245,True
2375,233,Chicken Biryani,Main,285,False
2376,233,Hyderabadi Dum Biryani,Main,250,True
2377,233,Cold Coffee,Beverage,305,False
2378,233,Chocolate Brownie,Dessert,260,False
2379,233,Chicken 65,Main,375,False
2380,234,Masala Dosa,Main,465,True
2381,234,Filter Coffee,Main,365,True
2382,234,Masala Chai,Beverage,275,True
2383,234,Pongal,Main,490,True
2384,234,Medu Vada,Main,315,False
2385,234,Chocolate Brownie,Dessert,435,True
2386,234,Gulab Jamun,Dessert,320,True
2387,234,Rava Dosa,Main,290,True
2388,234,Cold Coffee,Beverage,285,False
2389,234,Curd Rice,Main,490,True
2390,234,Uttapam,Main,310,False
2391,235,Chocolate Brownie,Dessert,120,True
2392,235,Gulab Jamun,Dessert,90,True
2393,235,Choco Lava Cake,Dessert,110,False
2394,235,Chocolate Brownie,Dessert,90,True
2395,235,Rasmalai,Dessert,145,False
2396,235,Ice Cream Tub,Dessert,90,True
2397,235,Masala Chai,Beverage,140,True
2398,235,Gulab Jamun,Dessert,85,True
2399,235,Cold Coffee,Beverage,75,True
2400,235,Gajar Halwa,Dessert,150,False
2401,235,Mango Lassi,Beverage,115,False
2402,236,Pongal,Main,75,False
2403,236,Medu Vada,Main,115,False
2404,236,Gulab Jamun,Dessert,135,True
2405,236,Mango Lassi,Beverage,135,True
2406,236,Filter Coffee,Main,95,True
2407,236,Masala Dosa,Main,130,False
2408,236,Idli Sambar,Main,60,False
2409,236,Cold Coffee,Beverage,140,False
2410,236,Chocolate Brownie,Dessert,85,True
2411,236,Uttapam,Main,105,False
2412,236,Masala Chai,Beverage,90,True
2413,236,Rava Dosa,Main,150,True
2414,236,Curd Rice,Main,115,False
2415,237,Gulab Jamun,Dessert,150,True
2416,237,Masala Chai,Beverage,255,True
2417,237,Cold Coffee,Beverage,135,False
2418,237,Mango Lassi,Beverage,260,False
2419,237,Buttermilk,Beverage,130,True
2420,237,Cold Drink,Beverage,170,False
2421,237,Mango Lassi,Beverage,210,False
2422,237,Fresh Lime Soda,Beverage,145,False
2423,237,Chocolate Brownie,Dessert,140,True
2424,238,Mango Lassi,Beverage,200,True
2425,238,Cheese Sandwich,Main,210,False
2426,238,Gulab Jamun,Dessert,210,True
2427,238,Veg Burger,Main,130,True
2428,238,Peri Peri Fries,Main,130,True
2429,238,Chicken Burger,Main,225,False
2430,238,Veg Wrap,Main,205,True
2431,238,Chocolate Brownie,Dessert,135,False
2432,238,Nuggets,Main,175,True
2433,238,Cold Coffee,Beverage,210,True
2434,238,Masala Chai,Beverage,135,True
2435,238,French Fries,Main,155,False
2436,239,Chocolate Brownie,Dessert,125,True
2437,239,Egg Biryani,Main,135,False
2438,239,Veg Biryani,Main,145,False
2439,239,Mango Lassi,Beverage,120,True
2440,239,Hyderabadi Dum Biryani,Main,160,False
2441,239,Chicken 65,Main,150,False
2442,239,Masala Chai,Beverage,230,False
2443,239,Boneless Biryani,Main,210,False
2444,239,Gulab Jamun,Dessert,200,True
2445,239,Mutton Biryani,Main,185,False
2446,239,Cold Coffee,Beverage,115,True
2447,239,Chicken Biryani,Main,200,False
2448,240,Masala Chai,Beverage,255,False
2449,240,French Fries,Main,200,True
2450,240,Peri Peri Fries,Main,180,True
2451,240,Cold Coffee,Beverage,180,False
2452,240,Gulab Jamun,Dessert,260,False
2453,240,Cheese Sandwich,Main,255,True
2454,240,Veg Wrap,Main,185,True
2455,241,Veg Burger,Main,135,False
2456,241,Nuggets,Main,175,True
2457,241,Cold Coffee,Beverage,135,True
2458,241,Chicken Burger,Main,160,False
2459,241,French Fries,Main,150,True
2460,241,Veg Wrap,Main,225,True
2461,241,Peri Peri Fries,Main,150,True
2462,241,Cheese Sandwich,Main,160,True
2463,241,Masala Chai,Beverage,230,False
2464,241,Chocolate Brownie,Dessert,130,True
2465,241,Gulab Jamun,Dessert,235,True
2466,241,Mango Lassi,Beverage,145,True
2467,242,Galouti Kebab,Main,175,True
2468,242,Chicken Korma,Main,160,True
2469,242,Gulab Jamun,Dessert,155,True
2470,242,Mutton Rogan Josh,Main,165,True
2471,242,Masala Chai,Beverage,205,False
2472,242,Cold Coffee,Beverage,200,False
2473,242,Seekh Kebab,Main,125,False
2474,242,Mango Lassi,Beverage,185,False
2475,242,Chocolate Brownie,Dessert,255,True
2476,243,Masala Dosa,Main,140,False
2477,243,Uttapam,Main,130,True
2478,243,Cold Coffee,Beverage,110,False
2479,243,Medu Vada,Main,125,True
2480,243,Rava Dosa,Main,75,True
2481,243,Mango Lassi,Beverage,105,True
2482,243,Idli Sambar,Main,100,True
2483,243,Chocolate Brownie,Dessert,75,False
2484,243,Gulab Jamun,Dessert,110,False
2485,243,Pongal,Main,60,True
2486,243,Filter Coffee,Main,60,True
2487,243,Masala Chai,Beverage,65,True
2488,243,Curd Rice,Main,70,False
2489,244,Chocolate Brownie,Dessert,130,True
2490,244,Masala Chai,Beverage,115,True
2491,244,Mutton Rogan Josh,Main,70,True
2492,244,Seekh Kebab,Main,85,False
2493,244,Gulab Jamun,Dessert,120,False
2494,244,Mango Lassi,Beverage,65,True
2495,244,Cold Coffee,Beverage,95,True
2496,244,Galouti Kebab,Main,70,True
2497,244,Chicken Korma,Main,120,True
2498,245,Gulab Jamun,Dessert,185,False
2499,245,Paneer Butter Masala,Main,130,False
2500,245,Chicken Curry,Main,250,False
2501,245,Tandoori Roti,Main,120,True
2502,245,Dal Makhani,Main,235,True
2503,245,Masala Chai,Beverage,200,True
2504,245,Cold Coffee,Beverage,130,False
2505,245,Rajma Chawal,Main,255,True
2506,245,Mango Lassi,Beverage,130,True
2507,246,Chocolate Brownie,Dessert,115,False
2508,246,Masala Chai,Beverage,165,False
2509,246,Mango Lassi,Beverage,125,False
2510,246,Chocolate Brownie,Dessert,230,False
2511,246,Gajar Halwa,Dessert,220,True
2512,246,Choco Lava Cake,Dessert,175,True
2513,246,Ice Cream Tub,Dessert,145,True
2514,246,Gulab Jamun,Dessert,215,True
2515,246,Rasmalai,Dessert,255,False
2516,246,Gulab Jamun,Dessert,175,True
2517,246,Cold Coffee,Beverage,200,True
2518,247,Gulab Jamun,Dessert,235,False
2519,247,Galouti Kebab,Main,185,True
2520,247,Chocolate Brownie,Dessert,230,True
2521,247,Chicken Korma,Main,175,False
2522,247,Cold Coffee,Beverage,230,False
2523,247,Mutton Rogan Josh,Main,110,True
2524,247,Seekh Kebab,Main,240,False
2525,247,Masala Chai,Beverage,230,True
2526,247,Mango Lassi,Beverage,250,True
2527,248,Veg Biryani,Main,95,False
2528,248,Cold Coffee,Beverage,95,True
2529,248,Boneless Biryani,Main,60,True
2530,248,Gulab Jamun,Dessert,75,True
2531,248,Chocolate Brownie,Dessert,85,False
2532,248,Masala Chai,Beverage,80,False
2533,249,Chocolate Brownie,Dessert,245,False
2534,249,Chicken Curry,Main,190,False
2535,249,Dal Makhani,Main,185,True
2536,249,Tandoori Roti,Main,210,True
2537,249,Butter Naan,Main,145,True
2538,249,Paneer Butter Masala,Main,160,False
2539,249,Cold Coffee,Beverage,120,True
2540,249,Gulab Jamun,Dessert,225,False
2541,249,Mango Lassi,Beverage,220,False
2542,249,Rajma Chawal,Main,215,False
2543,249,Chole Bhature,Main,175,True
2544,249,Shahi Paneer,Main,180,False
2545,250,Ice Cream Tub,Dessert,220,True
2546,250,Cold Coffee,Beverage,195,True
2547,250,Chocolate Brownie,Dessert,195,True
2548,250,Gulab Jamun,Dessert,120,False
2549,250,Rasmalai,Dessert,195,False
2550,250,Choco Lava Cake,Dessert,230,True
2551,250,Mango Lassi,Beverage,115,False
2552,250,Chocolate Brownie,Dessert,190,False
2553,250,Gajar Halwa,Dessert,195,True
2554,250,Masala Chai,Beverage,230,False
2555,250,Gulab Jamun,Dessert,125,False
2556,251,Mango Lassi,Beverage,110,False
2557,251,Buttermilk,Beverage,190,True
2558,251,Cold Drink,Beverage,115,False
2559,251,Fresh Lime Soda,Beverage,245,True
2560,251,Cold Coffee,Beverage,165,False
2561,251,Gulab Jamun,Dessert,115,False
2562,252,Fried Rice,Main,70,True
2563,252,Gulab Jamun,Dessert,80,False
2564,252,Schezwan Noodles,Main,65,True
2565,252,Mango Lassi,Beverage,100,True
2566,252,Veg Hakka Noodles,Main,75,False
2567,252,Veg Manchurian,Main,120,True
2568,252,Spring Roll,Main,80,True
2569,252,Masala Chai,Beverage,150,False
2570,253,Egg Biryani,Main,175,False
2571,253,Hyderabadi Dum Biryani,Main,125,True
2572,253,Boneless Biryani,Main,175,True
2573,253,Chicken 65,Main,215,True
2574,253,Masala Chai,Beverage,235,False
2575,253,Chocolate Brownie,Dessert,180,False
2576,254,Gulab Jamun,Dessert,240,False
2577,254,Gajar Halwa,Dessert,220,False
2578,254,Ice Cream Tub,Dessert,185,True
2579,254,Masala Chai,Beverage,260,True
2580,254,Gulab Jamun,Dessert,185,True
2581,254,Choco Lava Cake,Dessert,225,False
2582,254,Cold Coffee,Beverage,205,True
2583,254,Mango Lassi,Beverage,145,True
2584,254,Rasmalai,Dessert,255,True
2585,254,Chocolate Brownie,Dessert,255,True
2586,254,Chocolate Brownie,Dessert,240,True
2587,255,Curd Rice,Main,165,True
2588,255,Medu Vada,Main,115,True
2589,255,Pongal,Main,125,True
2590,255,Uttapam,Main,245,True
2591,255,Gulab Jamun,Dessert,240,False
2592,255,Mango Lassi,Beverage,135,True
2593,255,Idli Sambar,Main,140,False
2594,255,Masala Dosa,Main,220,True
2595,255,Chocolate Brownie,Dessert,120,True
2596,255,Rava Dosa,Main,205,True
2597,255,Masala Chai,Beverage,190,False
2598,255,Filter Coffee,Main,215,True
2599,255,Cold Coffee,Beverage,180,True
2600,256,Peppy Paneer Pizza,Main,255,True
2601,256,Cheese Burst Pizza,Main,200,True
2602,256,Cold Coffee,Beverage,110,True
2603,256,Chicken Supreme Pizza,Main,135,True
2604,256,Margherita Pizza,Main,250,False
2605,256,Masala Chai,Beverage,245,False
2606,256,Gulab Jamun,Dessert,235,False
2607,256,Mango Lassi,Beverage,140,True
2608,256,Garlic Bread,Main,240,True
2609,256,Chocolate Brownie,Dessert,220,True
2610,256,Farmhouse Pizza,Main,155,True
2611,257,Chicken 65,Main,140,True
2612,257,Masala Chai,Beverage,115,False
2613,257,Hyderabadi Dum Biryani,Main,130,True
2614,257,Mutton Biryani,Main,130,True
2615,257,Chicken Biryani,Main,190,False
2616,257,Cold Coffee,Beverage,165,False
2617,257,Egg Biryani,Main,110,True
2618,257,Boneless Biryani,Main,130,True
2619,257,Chocolate Brownie,Dessert,115,True
2620,257,Mango Lassi,Beverage,215,False
2621,257,Veg Biryani,Main,140,False
2622,257,Gulab Jamun,Dessert,215,True
2623,258,Curd Rice,Main,145,False
2624,258,Pongal,Main,70,False
2625,258,Idli Sambar,Main,135,True
2626,258,Filter Coffee,Main,145,False
2627,258,Uttapam,Main,130,True
2628,258,Gulab Jamun,Dessert,80,False
2629,258,Chocolate Brownie,Dessert,105,False
2630,258,Cold Coffee,Beverage,75,True
2631,258,Medu Vada,Main,125,True
2632,259,Cold Drink,Beverage,410,False
2633,259,Chocolate Brownie,Dessert,415,True
2634,259,Buttermilk,Beverage,410,True
2635,259,Mango Lassi,Beverage,365,False
2636,259,Fresh Lime Soda,Beverage,400,True
2637,259,Cold Coffee,Beverage,385,False
2638,259,Masala Chai,Beverage,270,False
2639,259,Masala Chai,Beverage,515,True
2640,259,Mango Lassi,Beverage,335,True
2641,259,Gulab Jamun,Dessert,245,True
2642,259,Cold Coffee,Beverage,460,False
2643,260,Veg Hakka Noodles,Main,80,True
2644,260,Chilli Paneer,Main,70,True
2645,260,Masala Chai,Beverage,135,False
2646,260,Cold Coffee,Beverage,115,True
2647,260,Veg Manchurian,Main,135,True
2648,260,Mango Lassi,Beverage,110,True
2649,260,Schezwan Noodles,Main,105,True
2650,260,Fried Rice,Main,90,True
2651,260,Chicken Momos,Main,95,False
2652,260,Spring Roll,Main,110,False
2653,260,Chilli Chicken,Main,65,True
2654,260,Gulab Jamun,Dessert,75,True
2655,260,Chocolate Brownie,Dessert,105,True
2656,261,Pav Bhaji,Main,115,False
2657,261,Pani Puri,Main,230,True
2658,261,Vada Pav,Main,130,True
2659,261,Gulab Jamun,Dessert,225,True
2660,261,Chocolate Brownie,Dessert,210,True
2661,261,Dahi Puri,Main,250,True
2662,261,Kachori,Main,160,False
2663,261,Cold Coffee,Beverage,220,True
2664,261,Masala Chai,Beverage,240,True
2665,261,Mango Lassi,Beverage,120,True
2666,261,Samosa,Main,150,False
2667,262,Veg Wrap,Main,230,True
2668,262,Chocolate Brownie,Dessert,230,False
2669,262,Gulab Jamun,Dessert,170,True
2670,262,Veg Burger,Main,135,True
2671,262,Cold Coffee,Beverage,210,True
2672,262,French Fries,Main,185,True
2673,262,Nuggets,Main,150,True
2674,262,Cheese Sandwich,Main,140,False
2675,262,Chicken Burger,Main,150,True
2676,262,Peri Peri Fries,Main,175,False
2677,262,Mango Lassi,Beverage,225,True
2678,262,Masala Chai,Beverage,195,False
2679,263,Cold Coffee,Beverage,145,False
2680,263,Chicken Biryani,Main,105,True
2681,263,Mutton Biryani,Main,70,True
2682,263,Mango Lassi,Beverage,120,True
2683,263,Hyderabadi Dum Biryani,Main,145,True
2684,263,Chicken 65,Main,70,True
2685,263,Gulab Jamun,Dessert,65,True
2686,263,Egg Biryani,Main,115,True
2687,263,Chocolate Brownie,Dessert,130,True
2688,263,Boneless Biryani,Main,125,False
2689,263,Masala Chai,Beverage,70,True
2690,263,Veg Biryani,Main,135,False
2691,264,Mango Lassi,Beverage,135,True
2692,264,Veg Biryani,Main,135,True
2693,264,Masala Chai,Beverage,115,True
2694,264,Mutton Biryani,Main,115,True
2695,264,Chicken Biryani,Main,80,True
2696,264,Boneless Biryani,Main,150,True
2697,264,Gulab Jamun,Dessert,125,False
2698,264,Egg Biryani,Main,110,True
2699,264,Chocolate Brownie,Dessert,70,False
2700,264,Hyderabadi Dum Biryani,Main,140,False
2701,264,Chicken 65,Main,80,False
2702,264,Cold Coffee,Beverage,95,False
2703,265,Chocolate Brownie,Dessert,135,True
2704,265,Hyderabadi Dum Biryani,Main,70,True
2705,265,Gulab Jamun,Dessert,145,True
2706,265,Chicken 65,Main,80,False
2707,265,Boneless Biryani,Main,115,True
2708,265,Veg Biryani,Main,60,False
2709,265,Mutton Biryani,Main,125,True
2710,265,Egg Biryani,Main,85,True
2711,265,Chicken Biryani,Main,120,True
2712,265,Cold Coffee,Beverage,90,True
2713,265,Masala Chai,Beverage,150,True
2714,265,Mango Lassi,Beverage,95,True
2715,266,Masala Chai,Beverage,215,True
2716,266,Masala Chai,Beverage,160,True
2717,266,Gulab Jamun,Dessert,145,True
2718,266,Fresh Lime Soda,Beverage,220,False
2719,266,Mango Lassi,Beverage,190,True
2720,266,Cold Coffee,Beverage,245,False
2721,267,Peppy Paneer Pizza,Main,515,False
2722,267,Cold Coffee,Beverage,510,False
2723,267,Farmhouse Pizza,Main,475,True
2724,267,Chicken Supreme Pizza,Main,310,True
2725,267,Margherita Pizza,Main,380,False
2726,267,Chocolate Brownie,Dessert,420,True
2727,267,Garlic Bread,Main,460,True
2728,267,Gulab Jamun,Dessert,370,False
2729,267,Mango Lassi,Beverage,385,False
2730,267,Cheese Burst Pizza,Main,465,True
2731,267,Masala Chai,Beverage,355,True
2732,268,Gulab Jamun,Dessert,130,True
2733,268,Gulab Jamun,Dessert,140,False
2734,268,Choco Lava Cake,Dessert,70,True
2735,268,Masala Chai,Beverage,90,False
2736,268,Chocolate Brownie,Dessert,105,True
2737,268,Cold Coffee,Beverage,80,True
2738,268,Rasmalai,Dessert,120,True
2739,268,Ice Cream Tub,Dessert,85,False
2740,268,Mango Lassi,Beverage,150,True
2741,268,Gajar Halwa,Dessert,110,True
2742,268,Chocolate Brownie,Dessert,80,False
2743,269,Chocolate Brownie,Dessert,390,False
2744,269,Chicken Biryani,Main,320,True
2745,269,Hyderabadi Dum Biryani,Main,365,False
2746,269,Veg Biryani,Main,495,True
2747,269,Mutton Biryani,Main,315,True
2748,269,Masala Chai,Beverage,500,True
2749,269,Chicken 65,Main,495,True
2750,269,Boneless Biryani,Main,245,True
2751,269,Mango Lassi,Beverage,380,True
2752,269,Gulab Jamun,Dessert,495,True
2753,270,Filter Coffee,Main,60,False
2754,270,Curd Rice,Main,145,False
2755,270,Masala Chai,Beverage,130,True
2756,270,Pongal,Main,110,False
2757,270,Chocolate Brownie,Dessert,110,True
2758,270,Mango Lassi,Beverage,120,False
2759,270,Rava Dosa,Main,135,True
2760,270,Idli Sambar,Main,100,True
2761,270,Gulab Jamun,Dessert,115,True
2762,270,Uttapam,Main,145,False
2763,270,Medu Vada,Main,95,False
2764,270,Cold Coffee,Beverage,80,True
2765,270,Masala Dosa,Main,70,True
2766,271,Masala Chai,Beverage,125,False
2767,271,Dal Makhani,Main,170,False
2768,271,Paneer Butter Masala,Main,180,False
2769,271,Butter Naan,Main,130,True
2770,271,Gulab Jamun,Dessert,150,True
2771,271,Cold Coffee,Beverage,255,False
2772,271,Rajma Chawal,Main,160,True
2773,271,Mango Lassi,Beverage,190,False
2774,271,Tandoori Roti,Main,125,True
2775,271,Chole Bhature,Main,125,False
2776,271,Shahi Paneer,Main,170,False
2777,272,Gajar Halwa,Dessert,425,True
2778,272,Mango Lassi,Beverage,320,True
2779,272,Cold Coffee,Beverage,345,True
2780,272,Chocolate Brownie,Dessert,375,True
2781,272,Chocolate Brownie,Dessert,270,True
2782,272,Choco Lava Cake,Dessert,275,False
2783,272,Gulab Jamun,Dessert,360,False
2784,272,Ice Cream Tub,Dessert,265,True
2785,272,Masala Chai,Beverage,290,True
2786,272,Gulab Jamun,Dessert,455,True
2787,273,Mutton Biryani,Main,405,False
2788,273,Chicken 65,Main,305,False
2789,273,Boneless Biryani,Main,305,True
2790,273,Egg Biryani,Main,420,True
2791,273,Mango Lassi,Beverage,500,False
2792,273,Chocolate Brownie,Dessert,270,True
2793,273,Hyderabadi Dum Biryani,Main,300,False
2794,273,Veg Biryani,Main,260,False
2795,273,Gulab Jamun,Dessert,320,True
2796,274,Chicken Biryani,Main,110,True
2797,274,Chocolate Brownie,Dessert,195,False
2798,274,Boneless Biryani,Main,255,True
2799,274,Veg Biryani,Main,240,False
2800,274,Egg Biryani,Main,225,True
2801,274,Cold Coffee,Beverage,180,True
2802,274,Mango Lassi,Beverage,230,True
2803,274,Chicken 65,Main,235,False
2804,274,Hyderabadi Dum Biryani,Main,195,False
2805,274,Masala Chai,Beverage,195,False
2806,274,Mutton Biryani,Main,180,False
2807,274,Gulab Jamun,Dessert,235,False
2808,275,Boneless Biryani,Main,225,False
2809,275,Hyderabadi Dum Biryani,Main,195,True
2810,275,Veg Biryani,Main,240,False
2811,275,Mutton Biryani,Main,225,True
2812,275,Mango Lassi,Beverage,225,True
2813,275,Chocolate Brownie,Dessert,255,True
2814,275,Chicken 65,Main,125,True
2815,275,Egg Biryani,Main,225,False
2816,275,Cold Coffee,Beverage,220,True
2817,275,Gulab Jamun,Dessert,240,True
2818,275,Masala Chai,Beverage,130,False
2819,275,Chicken Biryani,Main,190,True
2820,276,Chicken Biryani,Main,425,False
2821,276,Boneless Biryani,Main,385,True
2822,276,Chocolate Brownie,Dessert,295,True
2823,276,Gulab Jamun,Dessert,485,True
2824,276,Mutton Biryani,Main,300,False
2825,276,Cold Coffee,Beverage,400,False
2826,276,Chicken 65,Main,250,False
2827,276,Masala Chai,Beverage,445,False
2828,276,Hyderabadi Dum Biryani,Main,345,True
2829,276,Egg Biryani,Main,245,False
2830,276,Veg Biryani,Main,285,True
2831,276,Mango Lassi,Beverage,315,False
2832,277,Mango Lassi,Beverage,475,True
2833,277,Gulab Jamun,Dessert,350,False
2834,277,Cold Coffee,Beverage,500,True
2835,277,Margherita Pizza,Main,255,False
2836,277,Farmhouse Pizza,Main,425,False
2837,277,Garlic Bread,Main,315,False
2838,277,Masala Chai,Beverage,395,True
2839,277,Chicken Supreme Pizza,Main,450,True
2840,277,Peppy Paneer Pizza,Main,360,False
2841,277,Cheese Burst Pizza,Main,420,False
2842,277,Chocolate Brownie,Dessert,400,True
2843,278,Veg Burger,Main,145,True
2844,278,Cold Coffee,Beverage,215,True
2845,278,Cheese Sandwich,Main,200,False
2846,278,Peri Peri Fries,Main,125,True
2847,278,Veg Wrap,Main,205,False
2848,278,Masala Chai,Beverage,235,False
2849,278,Chocolate Brownie,Dessert,140,True
2850,278,Mango Lassi,Beverage,170,True
2851,278,Nuggets,Main,225,False
2852,278,Chicken Burger,Main,240,True
2853,278,French Fries,Main,155,True
2854,278,Gulab Jamun,Dessert,140,True
2855,279,Kachori,Main,80,True
2856,279,Pav Bhaji,Main,90,True
2857,279,Masala Chai,Beverage,100,True
2858,279,Gulab Jamun,Dessert,100,True
2859,279,Cold Coffee,Beverage,130,False
2860,279,Dahi Puri,Main,120,False
2861,280,Masala Chai,Beverage,115,True
2862,280,Paneer Butter Masala,Main,110,False
2863,280,Mango Lassi,Beverage,130,False
2864,280,Cold Coffee,Beverage,85,False
2865,280,Gulab Jamun,Dessert,140,True
2866,280,Chicken Curry,Main,65,True
2867,280,Shahi Paneer,Main,140,False
2868,280,Tandoori Roti,Main,140,False
2869,280,Butter Naan,Main,125,True
2870,280,Chole Bhature,Main,65,True
2871,281,Chocolate Brownie,Dessert,115,False
2872,281,French Fries,Main,235,True
2873,281,Veg Burger,Main,210,True
2874,281,Peri Peri Fries,Main,140,False
2875,281,Mango Lassi,Beverage,145,False
2876,281,Cold Coffee,Beverage,215,True
2877,282,Gulab Jamun,Dessert,220,True
2878,282,Masala Chai,Beverage,225,True
2879,282,Chocolate Brownie,Dessert,170,True
2880,282,Tandoori Roti,Main,165,False
2881,282,Shahi Paneer,Main,195,True
2882,282,Cold Coffee,Beverage,190,False
2883,282,Chicken Curry,Main,210,False
2884,282,Dal Makhani,Main,240,False
2885,282,Mango Lassi,Beverage,135,False
2886,282,Butter Naan,Main,160,False
2887,282,Chole Bhature,Main,260,True
2888,282,Paneer Butter Masala,Main,150,True
2889,282,Rajma Chawal,Main,260,True
2890,283,Chocolate Brownie,Dessert,115,True
2891,283,Masala Chai,Beverage,150,True
2892,283,Gajar Halwa,Dessert,85,False
2893,283,Gulab Jamun,Dessert,105,True
2894,283,Mango Lassi,Beverage,150,True
2895,283,Ice Cream Tub,Dessert,110,True
2896,283,Gulab Jamun,Dessert,65,True
2897,283,Cold Coffee,Beverage,130,True
2898,284,Gulab Jamun,Dessert,70,True
2899,284,French Fries,Main,100,True
2900,284,Veg Burger,Main,70,True
2901,284,Cheese Sandwich,Main,60,True
2902,284,Mango Lassi,Beverage,65,True
2903,284,Chocolate Brownie,Dessert,100,True
2904,285,Hyderabadi Dum Biryani,Main,225,True
2905,285,Chocolate Brownie,Dessert,195,False
2906,285,Mutton Biryani,Main,260,True
2907,285,Masala Chai,Beverage,195,False
2908,285,Mango Lassi,Beverage,225,False
2909,285,Chicken Biryani,Main,220,False
2910,285,Cold Coffee,Beverage,120,True
2911,285,Veg Biryani,Main,200,False
2912,285,Egg Biryani,Main,200,True
2913,285,Chicken 65,Main,185,False
2914,286,Rasmalai,Dessert,255,False
2915,286,Ice Cream Tub,Dessert,235,True
2916,286,Choco Lava Cake,Dessert,205,False
2917,286,Cold Coffee,Beverage,150,False
2918,286,Chocolate Brownie,Dessert,245,False
2919,286,Mango Lassi,Beverage,175,False
2920,286,Gajar Halwa,Dessert,185,True
2921,286,Gulab Jamun,Dessert,150,True
2922,286,Masala Chai,Beverage,150,True
2923,286,Chocolate Brownie,Dessert,125,False
2924,286,Gulab Jamun,Dessert,240,False
2925,287,Chicken Biryani,Main,100,True
2926,287,Masala Chai,Beverage,95,True
2927,287,Chocolate Brownie,Dessert,115,False
2928,287,Veg Biryani,Main,85,False
2929,287,Chicken 65,Main,125,True
2930,287,Mango Lassi,Beverage,105,True
2931,287,Egg Biryani,Main,95,True
2932,287,Gulab Jamun,Dessert,85,True
2933,287,Boneless Biryani,Main,130,True
2934,287,Mutton Biryani,Main,145,True
2935,287,Cold Coffee,Beverage,100,False
2936,287,Hyderabadi Dum Biryani,Main,110,False
2937,288,Medu Vada,Main,250,True
2938,288,Idli Sambar,Main,240,True
2939,288,Filter Coffee,Main,170,False
2940,288,Curd Rice,Main,120,True
2941,288,Masala Chai,Beverage,220,True
2942,288,Pongal,Main,135,True
2943,288,Rava Dosa,Main,145,True
2944,288,Masala Dosa,Main,160,False
2945,288,Uttapam,Main,205,False
2946,288,Gulab Jamun,Dessert,130,True
2947,289,Chicken 65,Main,125,False
2948,289,Veg Biryani,Main,125,True
2949,289,Egg Biryani,Main,95,False
2950,289,Chicken Biryani,Main,135,True
2951,289,Hyderabadi Dum Biryani,Main,125,True
2952,289,Mango Lassi,Beverage,80,True
2953,289,Masala Chai,Beverage,120,False
2954,289,Boneless Biryani,Main,120,True
2955,289,Gulab Jamun,Dessert,90,True
2956,289,Chocolate Brownie,Dessert,65,True
2957,289,Cold Coffee,Beverage,115,False
2958,289,Mutton Biryani,Main,140,True
2959,290,Cold Coffee,Beverage,430,False
2960,290,Mango Lassi,Beverage,475,True
2961,290,Dal Makhani,Main,275,True
2962,290,Gulab Jamun,Dessert,290,True
2963,290,Tandoori Roti,Main,400,False
2964,290,Butter Naan,Main,300,True
2965,290,Rajma Chawal,Main,480,False
2966,290,Chicken Curry,Main,420,True
2967,291,Mango Lassi,Beverage,185,True
2968,291,Masala Chai,Beverage,215,True
2969,291,Croissant,Main,210,True
2970,291,Pasta Alfredo,Main,220,True
2971,291,Chocolate Brownie,Dessert,235,True
2972,291,Chocolate Shake,Main,180,True
2973,291,Cold Coffee,Beverage,240,True
2974,292,Chocolate Brownie,Dessert,95,False
2975,292,Egg Roll,Main,85,True
2976,292,Mango Lassi,Beverage,135,False
2977,292,Chicken Roll,Main,120,False
2978,292,Paneer Roll,Main,75,False
2979,292,Masala Chai,Beverage,100,False
2980,293,Rasmalai,Dessert,125,True
2981,293,Gulab Jamun,Dessert,205,True
2982,293,Chocolate Brownie,Dessert,175,False
2983,293,Ice Cream Tub,Dessert,205,False
2984,293,Mango Lassi,Beverage,200,False
2985,293,Cold Coffee,Beverage,215,False
2986,293,Gajar Halwa,Dessert,255,False
2987,293,Masala Chai,Beverage,125,True
2988,293,Choco Lava Cake,Dessert,165,True
2989,294,Club Sandwich,Main,245,False
2990,294,Chocolate Shake,Main,220,True
2991,294,Masala Chai,Beverage,255,True
2992,294,Veg Sandwich,Main,245,False
2993,294,Cold Coffee,Beverage,165,True
2994,294,Pasta Alfredo,Main,210,False
2995,294,Chocolate Brownie,Dessert,210,False
2996,294,Croissant,Main,255,True
2997,294,Mango Lassi,Beverage,190,False
2998,294,Gulab Jamun,Dessert,145,False
2999,294,Cappuccino,Main,150,False
3000,295,Gulab Jamun,Dessert,175,True
3001,295,Gajar Halwa,Dessert,190,True
3002,295,Cold Coffee,Beverage,200,True
3003,295,Choco Lava Cake,Dessert,245,True
3004,295,Chocolate Brownie,Dessert,235,True
3005,295,Masala Chai,Beverage,165,False
3006,295,Gulab Jamun,Dessert,135,False
3007,295,Mango Lassi,Beverage,195,True
3008,295,Rasmalai,Dessert,175,False
3009,295,Chocolate Brownie,Dessert,120,True
3010,295,Ice Cream Tub,Dessert,250,True
3011,296,Mango Lassi,Beverage,240,False
3012,296,Masala Chai,Beverage,165,True
3013,296,Mutton Biryani,Main,125,True
3014,296,Chicken Biryani,Main,235,True
3015,296,Gulab Jamun,Dessert,165,False
3016,296,Boneless Biryani,Main,255,True
3017,296,Veg Biryani,Main,160,True
3018,296,Egg Biryani,Main,255,True
3019,296,Cold Coffee,Beverage,130,False
3020,296,Chicken 65,Main,185,True
3021,296,Hyderabadi Dum Biryani,Main,240,False
3022,296,Chocolate Brownie,Dessert,110,False
3023,297,Gulab Jamun,Dessert,240,True
3024,297,Butter Naan,Main,240,True
3025,297,Cold Coffee,Beverage,235,True
3026,297,Chicken Curry,Main,255,True
3027,297,Rajma Chawal,Main,120,False
3028,297,Mango Lassi,Beverage,135,True
3029,297,Dal Makhani,Main,200,True
3030,297,Shahi Paneer,Main,140,True
3031,297,Chole Bhature,Main,175,True
3032,298,Masala Chai,Beverage,165,True
3033,298,Veg Manchurian,Main,240,False
3034,298,Gulab Jamun,Dessert,120,True
3035,298,Chilli Paneer,Main,180,True
3036,298,Cold Coffee,Beverage,200,True
3037,298,Schezwan Noodles,Main,255,True
3038,298,Chocolate Brownie,Dessert,225,True
3039,298,Chilli Chicken,Main,205,False
3040,298,Veg Hakka Noodles,Main,115,True
3041,298,Spring Roll,Main,145,True
3042,299,Pani Puri,Main,95,True
3043,299,Dahi Puri,Main,90,True
3044,299,Samosa,Main,140,False
3045,299,Vada Pav,Main,140,False
3046,299,Cold Coffee,Beverage,90,True
3047,299,Kachori,Main,110,True
3048,299,Masala Chai,Beverage,120,True
3049,299,Chocolate Brownie,Dessert,125,True
3050,299,Pav Bhaji,Main,100,False
3051,299,Mango Lassi,Beverage,80,True
3052,299,Gulab Jamun,Dessert,80,True
3053,300,Samosa,Main,110,True
3054,300,Dahi Puri,Main,65,True
3055,300,Cold Coffee,Beverage,80,True
3056,300,Pav Bhaji,Main,100,True
3057,300,Mango Lassi,Beverage,80,True
3058,300,Pani Puri,Main,105,False
3059,300,Gulab Jamun,Dessert,80,True
3060,300,Masala Chai,Beverage,60,False
3061,300,Vada Pav,Main,90,False
3062,300,Chocolate Brownie,Dessert,120,True
3063,300,Kachori,Main,100,False
3064,301,Chocolate Brownie,Dessert,60,False
3065,301,Cold Coffee,Beverage,95,True
3066,301,Masala Chai,Beverage,145,False
3067,301,Gulab Jamun,Dessert,80,False
3068,301,Gajar Halwa,Dessert,85,False
3069,301,Ice Cream Tub,Dessert,120,False
3070,302,Uttapam,Main,140,False
3071,302,Mango Lassi,Beverage,115,True
3072,302,Pongal,Main,105,True
3073,302,Idli Sambar,Main,65,True
3074,302,Rava Dosa,Main,115,True
3075,302,Masala Chai,Beverage,80,False
3076,302,Medu Vada,Main,80,False
3077,302,Curd Rice,Main,130,False
3078,302,Filter Coffee,Main,135,False
3079,302,Chocolate Brownie,Dessert,100,False
3080,302,Masala Dosa,Main,135,True
3081,302,Cold Coffee,Beverage,120,True
3082,302,Gulab Jamun,Dessert,110,True
3083,303,Gulab Jamun,Dessert,250,False
3084,303,Filter Coffee,Main,185,False
3085,303,Pongal,Main,145,False
3086,303,Masala Chai,Beverage,225,False
3087,303,Masala Dosa,Main,215,True
3088,303,Idli Sambar,Main,125,True
3089,303,Uttapam,Main,240,True
3090,303,Medu Vada,Main,190,True
3091,303,Rava Dosa,Main,185,True
3092,303,Mango Lassi,Beverage,190,True
3093,304,Cappuccino,Main,205,False
3094,304,Croissant,Main,155,True
3095,304,Cold Coffee,Beverage,175,False
3096,304,Club Sandwich,Main,245,False
3097,304,Veg Sandwich,Main,125,True
3098,304,Pasta Alfredo,Main,205,False
3099,304,Gulab Jamun,Dessert,110,True
3100,304,Chocolate Brownie,Dessert,125,True
3101,304,Mango Lassi,Beverage,210,False
3102,304,Masala Chai,Beverage,125,True
3103,304,Chocolate Shake,Main,165,True
3104,305,Gulab Jamun,Dessert,120,True
3105,305,Dal Makhani,Main,150,False
3106,305,Tandoori Roti,Main,80,True
3107,305,Mango Lassi,Beverage,130,False
3108,305,Chicken Curry,Main,95,True
3109,305,Paneer Butter Masala,Main,90,True
3110,305,Rajma Chawal,Main,80,True
3111,305,Chocolate Brownie,Dessert,95,True
3112,305,Cold Coffee,Beverage,130,True
3113,305,Chole Bhature,Main,90,True
3114,305,Masala Chai,Beverage,130,True
3115,305,Shahi Paneer,Main,110,True
3116,305,Butter Naan,Main,60,False
3117,306,Cold Coffee,Beverage,205,True
3118,306,Mango Lassi,Beverage,195,True
3119,306,Gulab Jamun,Dessert,150,False
3120,306,Peri Peri Fries,Main,130,True
3121,306,French Fries,Main,115,False
3122,306,Cheese Sandwich,Main,180,True
3123,306,Nuggets,Main,215,False
3124,306,Chicken Burger,Main,255,False
3125,306,Chocolate Brownie,Dessert,160,False
3126,306,Masala Chai,Beverage,120,True
3127,306,Veg Wrap,Main,180,True
3128,307,Mango Lassi,Beverage,140,True
3129,307,Chocolate Brownie,Dessert,125,False
3130,307,Veg Manchurian,Main,125,True
3131,307,Spring Roll,Main,125,False
3132,307,Cold Coffee,Beverage,120,True
3133,307,Fried Rice,Main,75,False
3134,307,Chilli Paneer,Main,120,False
3135,307,Gulab Jamun,Dessert,100,True
3136,307,Masala Chai,Beverage,130,False
3137,307,Schezwan Noodles,Main,105,False
3138,307,Chicken Momos,Main,90,True
3139,307,Veg Hakka Noodles,Main,70,True
3140,308,Schezwan Noodles,Main,130,False
3141,308,Mango Lassi,Beverage,195,True
3142,308,Veg Manchurian,Main,140,True
3143,308,Gulab Jamun,Dessert,135,False
3144,308,Veg Hakka Noodles,Main,150,True
3145,308,Chilli Chicken,Main,255,False
3146,308,Chicken Momos,Main,230,False
3147,308,Masala Chai,Beverage,250,False
3148,308,Cold Coffee,Beverage,180,True
3149,308,Chilli Paneer,Main,140,True
3150,308,Fried Rice,Main,150,True
3151,308,Chocolate Brownie,Dessert,120,True
3152,308,Spring Roll,Main,165,True
3153,309,Mango Lassi,Beverage,255,True
3154,309,Chocolate Brownie,Dessert,190,False
3155,309,Cheese Burst Pizza,Main,110,True
3156,309,Farmhouse Pizza,Main,150,True
3157,309,Cold Coffee,Beverage,185,True
3158,309,Masala Chai,Beverage,200,True
3159,309,Margherita Pizza,Main,215,True
3160,309,Peppy Paneer Pizza,Main,180,True
3161,309,Garlic Bread,Main,230,False
3162,309,Chicken Supreme Pizza,Main,140,False
3163,309,Gulab Jamun,Dessert,175,False
3164,310,Gulab Jamun,Dessert,105,False
3165,310,Mango Lassi,Beverage,70,False
3166,310,Pani Puri,Main,130,False
3167,310,Chocolate Brownie,Dessert,85,True
3168,310,Pav Bhaji,Main,80,True
3169,310,Kachori,Main,75,True
3170,310,Cold Coffee,Beverage,120,True
3171,310,Masala Chai,Beverage,70,True
3172,310,Dahi Puri,Main,125,False
3173,310,Samosa,Main,110,True
3174,311,Choco Lava Cake,Dessert,150,False
3175,311,Ice Cream Tub,Dessert,145,False
3176,311,Rasmalai,Dessert,105,True
3177,311,Gajar Halwa,Dessert,100,True
3178,311,Gulab Jamun,Dessert,90,True
3179,311,Chocolate Brownie,Dessert,70,True
3180,311,Mango Lassi,Beverage,120,False
3181,311,Cold Coffee,Beverage,110,False
3182,311,Gulab Jamun,Dessert,100,True
3183,311,Masala Chai,Beverage,105,True
3184,311,Chocolate Brownie,Dessert,110,False
3185,312,Egg Biryani,Main,110,False
3186,312,Hyderabadi Dum Biryani,Main,105,True
3187,312,Chicken Biryani,Main,105,False
3188,312,Mango Lassi,Beverage,95,True
3189,312,Boneless Biryani,Main,95,True
3190,312,Chicken 65,Main,85,True
3191,312,Gulab Jamun,Dessert,130,False
3192,312,Chocolate Brownie,Dessert,65,True
3193,312,Cold Coffee,Beverage,145,True
3194,312,Masala Chai,Beverage,95,False
3195,312,Mutton Biryani,Main,90,True
3196,312,Veg Biryani,Main,140,True
3197,313,Boneless Biryani,Main,245,True
3198,313,Mutton Biryani,Main,130,False
3199,313,Chicken Biryani,Main,145,True
3200,313,Masala Chai,Beverage,140,True
3201,313,Egg Biryani,Main,180,False
3202,313,Gulab Jamun,Dessert,235,True
3203,313,Cold Coffee,Beverage,120,False
3204,313,Mango Lassi,Beverage,180,False
3205,314,Mango Lassi,Beverage,75,True
3206,314,Mutton Rogan Josh,Main,65,True
3207,314,Chocolate Brownie,Dessert,115,False
3208,314,Galouti Kebab,Main,145,True
3209,314,Gulab Jamun,Dessert,65,True
3210,314,Seekh Kebab,Main,90,True
3211,314,Cold Coffee,Beverage,60,False
3212,314,Chicken Korma,Main,145,True
3213,314,Masala Chai,Beverage,60,False
3214,315,French Fries,Main,400,True
3215,315,Cheese Sandwich,Main,255,True
3216,315,Nuggets,Main,500,False
3217,315,Veg Burger,Main,475,False
3218,315,Mango Lassi,Beverage,435,True
3219,315,Peri Peri Fries,Main,375,False
3220,315,Gulab Jamun,Dessert,485,False
3221,315,Veg Wrap,Main,380,False
3222,315,Masala Chai,Beverage,375,True
3223,315,Chocolate Brownie,Dessert,325,True
3224,315,Chicken Burger,Main,295,False
3225,315,Cold Coffee,Beverage,290,False
3226,316,Egg Biryani,Main,300,False
3227,316,Gulab Jamun,Dessert,450,False
3228,316,Cold Coffee,Beverage,485,True
3229,316,Hyderabadi Dum Biryani,Main,390,True
3230,316,Boneless Biryani,Main,425,True
3231,316,Mutton Biryani,Main,275,False
3232,316,Chicken 65,Main,370,True
3233,316,Masala Chai,Beverage,275,True
3234,316,Chocolate Brownie,Dessert,280,True
3235,316,Mango Lassi,Beverage,505,True
3236,316,Chicken Biryani,Main,290,False
3237,316,Veg Biryani,Main,300,True
3238,317,Farmhouse Pizza,Main,145,False
3239,317,Cheese Burst Pizza,Main,110,True
3240,317,Cold Coffee,Beverage,135,True
3241,317,Garlic Bread,Main,235,True
3242,317,Masala Chai,Beverage,235,True
3243,317,Chicken Supreme Pizza,Main,245,False
3244,318,Filter Coffee,Main,90,True
3245,318,Medu Vada,Main,70,True
3246,318,Pongal,Main,130,True
3247,318,Idli Sambar,Main,75,True
3248,318,Cold Coffee,Beverage,85,True
3249,318,Gulab Jamun,Dessert,100,True
3250,318,Curd Rice,Main,150,True
3251,318,Rava Dosa,Main,100,False
3252,318,Uttapam,Main,90,True
3253,318,Masala Chai,Beverage,95,True
3254,318,Masala Dosa,Main,135,True
3255,318,Chocolate Brownie,Dessert,140,True
3256,318,Mango Lassi,Beverage,125,True
3257,319,Chocolate Brownie,Dessert,225,False
3258,319,Cold Coffee,Beverage,255,True
3259,319,Chole Bhature,Main,150,False
3260,319,Masala Chai,Beverage,260,False
3261,319,Gulab Jamun,Dessert,155,True
3262,319,Dal Makhani,Main,225,True
3263,319,Tandoori Roti,Main,110,True
3264,319,Rajma Chawal,Main,125,True
3265,320,Pasta Alfredo,Main,65,True
3266,320,Veg Sandwich,Main,65,True
3267,320,Mango Lassi,Beverage,110,True
3268,320,Club Sandwich,Main,100,False
3269,320,Gulab Jamun,Dessert,60,False
3270,320,Croissant,Main,130,True
3271,320,Masala Chai,Beverage,105,False
3272,320,Chocolate Brownie,Dessert,110,True
3273,320,Cold Coffee,Beverage,130,False
3274,320,Chocolate Shake,Main,95,True
3275,320,Cappuccino,Main,130,True
3276,321,Chocolate Brownie,Dessert,300,True
3277,321,Gulab Jamun,Dessert,430,False
3278,321,Cold Coffee,Beverage,510,True
3279,321,Peri Peri Fries,Main,310,False
3280,321,Chicken Burger,Main,265,False
3281,321,Masala Chai,Beverage,275,True
3282,321,Cheese Sandwich,Main,405,False
3283,321,Nuggets,Main,270,False
3284,321,French Fries,Main,480,False
3285,321,Veg Burger,Main,500,False
3286,321,Veg Wrap,Main,455,True
3287,321,Mango Lassi,Beverage,465,False
3288,322,Mango Lassi,Beverage,235,False
3289,322,Uttapam,Main,240,True
3290,322,Gulab Jamun,Dessert,115,True
3291,322,Pongal,Main,120,True
3292,322,Idli Sambar,Main,120,True
3293,322,Masala Chai,Beverage,200,True
3294,322,Medu Vada,Main,155,True
3295,322,Filter Coffee,Main,125,False
3296,323,Fried Rice,Main,85,False
3297,323,Chilli Paneer,Main,95,True
3298,323,Veg Manchurian,Main,95,False
3299,323,Schezwan Noodles,Main,80,True
3300,323,Cold Coffee,Beverage,140,True
3301,323,Chilli Chicken,Main,145,True
3302,323,Gulab Jamun,Dessert,120,False
3303,323,Chicken Momos,Main,75,False
3304,323,Veg Hakka Noodles,Main,95,True
3305,323,Chocolate Brownie,Dessert,140,False
3306,323,Masala Chai,Beverage,75,False
3307,323,Spring Roll,Main,75,True
3308,323,Mango Lassi,Beverage,75,False
3309,324,Mango Lassi,Beverage,255,False
3310,324,Masala Chai,Beverage,165,True
3311,324,Quinoa Salad,Main,140,False
3312,324,Fruit Bowl,Main,190,True
3313,324,Cold Coffee,Beverage,220,True
3314,324,Chocolate Brownie,Dessert,260,True
3315,324,Grilled Chicken Bowl,Main,160,False
3316,324,Sprout Salad,Main,180,True
3317,324,Gulab Jamun,Dessert,200,False
3318,325,Chocolate Brownie,Dessert,200,False
3319,325,Mango Lassi,Beverage,245,False
3320,325,Margherita Pizza,Main,200,True
3321,325,Masala Chai,Beverage,210,True
3322,325,Cold Coffee,Beverage,165,False
3323,325,Garlic Bread,Main,195,True
3324,325,Gulab Jamun,Dessert,245,True
3325,325,Peppy Paneer Pizza,Main,240,False
3326,325,Chicken Supreme Pizza,Main,130,True
3327,326,Cold Coffee,Beverage,430,True
3328,326,Chicken Supreme Pizza,Main,410,True
3329,326,Mango Lassi,Beverage,500,True
3330,326,Margherita Pizza,Main,500,False
3331,326,Garlic Bread,Main,440,True
3332,326,Peppy Paneer Pizza,Main,245,True
3333,326,Chocolate Brownie,Dessert,425,True
3334,326,Cheese Burst Pizza,Main,270,True
3335,327,Paneer Butter Masala,Main,210,True
3336,327,Dal Makhani,Main,235,True
3337,327,Mango Lassi,Beverage,190,False
3338,327,Tandoori Roti,Main,205,False
3339,327,Chole Bhature,Main,215,False
3340,327,Shahi Paneer,Main,155,True
3341,327,Butter Naan,Main,185,True
3342,327,Cold Coffee,Beverage,215,True
3343,327,Chicken Curry,Main,215,True
3344,328,Chocolate Brownie,Dessert,195,True
3345,328,Samosa,Main,165,True
3346,328,Pav Bhaji,Main,145,True
3347,328,Pani Puri,Main,250,False
3348,328,Mango Lassi,Beverage,185,True
3349,328,Masala Chai,Beverage,115,True
3350,328,Cold Coffee,Beverage,205,False
3351,328,Vada Pav,Main,165,False
3352,328,Dahi Puri,Main,235,True
3353,328,Kachori,Main,245,True
3354,328,Gulab Jamun,Dessert,250,False
3355,329,Masala Chai,Beverage,170,True
3356,329,Cappuccino,Main,120,True
3357,329,Mango Lassi,Beverage,225,True
3358,329,Croissant,Main,230,False
3359,329,Cold Coffee,Beverage,145,True
3360,329,Veg Sandwich,Main,130,False
3361,329,Chocolate Shake,Main,180,True
3362,329,Chocolate Brownie,Dessert,225,False
3363,329,Club Sandwich,Main,185,False
3364,329,Pasta Alfredo,Main,250,False
3365,329,Gulab Jamun,Dessert,115,False
3366,330,Nuggets,Main,460,True
3367,330,Veg Wrap,Main,335,False
3368,330,Chocolate Brownie,Dessert,365,True
3369,330,French Fries,Main,495,False
3370,330,Masala Chai,Beverage,295,False
3371,330,Gulab Jamun,Dessert,310,True
3372,330,Chicken Burger,Main,300,True
3373,330,Cheese Sandwich,Main,350,True
3374,330,Veg Burger,Main,325,True
3375,330,Cold Coffee,Beverage,310,True
3376,330,Mango Lassi,Beverage,405,True
3377,330,Peri Peri Fries,Main,390,True
3378,331,Chilli Chicken,Main,445,True
3379,331,Veg Hakka Noodles,Main,285,False
3380,331,Gulab Jamun,Dessert,330,True
3381,331,Cold Coffee,Beverage,275,True
3382,331,Schezwan Noodles,Main,360,False
3383,331,Chilli Paneer,Main,410,True
3384,331,Fried Rice,Main,325,False
3385,331,Mango Lassi,Beverage,455,False
3386,331,Chicken Momos,Main,245,False
3387,331,Spring Roll,Main,480,True
3388,331,Veg Manchurian,Main,430,True
3389,331,Masala Chai,Beverage,425,False
3390,331,Chocolate Brownie,Dessert,375,True
3391,332,Chocolate Brownie,Dessert,190,True
3392,332,Margherita Pizza,Main,170,True
3393,332,Garlic Bread,Main,125,False
3394,332,Peppy Paneer Pizza,Main,115,False
3395,332,Cheese Burst Pizza,Main,120,False
3396,332,Farmhouse Pizza,Main,190,True
3397,332,Chicken Supreme Pizza,Main,145,True
3398,332,Cold Coffee,Beverage,230,True
3399,332,Mango Lassi,Beverage,145,False
3400,332,Gulab Jamun,Dessert,200,True
3401,332,Masala Chai,Beverage,120,True
3402,333,Buttermilk,Beverage,225,False
3403,333,Masala Chai,Beverage,195,False
3404,333,Cold Coffee,Beverage,215,False
3405,333,Gulab Jamun,Dessert,245,False
3406,333,Masala Chai,Beverage,150,True
3407,333,Chocolate Brownie,Dessert,185,True
3408,333,Mango Lassi,Beverage,215,False
3409,334,Rasmalai,Dessert,470,False
3410,334,Chocolate Brownie,Dessert,290,True
3411,334,Gulab Jamun,Dessert,420,False
3412,334,Chocolate Brownie,Dessert,445,True
3413,334,Mango Lassi,Beverage,420,True
3414,334,Cold Coffee,Beverage,355,False
3415,334,Masala Chai,Beverage,285,True
3416,334,Gajar Halwa,Dessert,355,False
3417,334,Gulab Jamun,Dessert,285,True
3418,334,Choco Lava Cake,Dessert,355,False
3419,334,Ice Cream Tub,Dessert,285,False
3420,335,Cold Coffee,Beverage,145,True
3421,335,Mango Lassi,Beverage,135,True
3422,335,Gulab Jamun,Dessert,70,True
3423,335,Pav Bhaji,Main,130,False
3424,335,Vada Pav,Main,100,True
3425,335,Dahi Puri,Main,100,True
3426,335,Masala Chai,Beverage,70,False
3427,335,Pani Puri,Main,65,True
3428,335,Kachori,Main,120,True
3429,335,Chocolate Brownie,Dessert,150,True
3430,335,Samosa,Main,140,True
3431,336,Gulab Jamun,Dessert,235,True
3432,336,Masala Chai,Beverage,235,False
3433,336,Mango Lassi,Beverage,250,False
3434,336,Chocolate Brownie,Dessert,115,True
3435,336,Peppy Paneer Pizza,Main,225,False
3436,336,Margherita Pizza,Main,120,False
3437,336,Cheese Burst Pizza,Main,245,True
3438,336,Garlic Bread,Main,160,True
3439,336,Chicken Supreme Pizza,Main,170,True
3440,336,Cold Coffee,Beverage,120,False
3441,336,Farmhouse Pizza,Main,130,False
3442,337,Cold Coffee,Beverage,135,True
3443,337,Fried Rice,Main,120,True
3444,337,Spring Roll,Main,125,True
3445,337,Chilli Paneer,Main,60,True
3446,337,Veg Manchurian,Main,115,False
3447,337,Schezwan Noodles,Main,145,False
3448,337,Gulab Jamun,Dessert,135,False
3449,337,Chocolate Brownie,Dessert,110,True
3450,337,Chicken Momos,Main,120,True
3451,337,Mango Lassi,Beverage,135,True
3452,337,Masala Chai,Beverage,85,False
3453,337,Veg Hakka Noodles,Main,70,False
3454,337,Chilli Chicken,Main,145,False
3455,338,Cold Coffee,Beverage,140,True
3456,338,Boneless Biryani,Main,135,False
3457,338,Gulab Jamun,Dessert,115,True
3458,338,Mango Lassi,Beverage,190,True
3459,338,Chocolate Brownie,Dessert,255,False
3460,338,Mutton Biryani,Main,205,True
3461,339,Cold Coffee,Beverage,265,True
3462,339,Fresh Lime Soda,Beverage,330,False
3463,339,Chocolate Brownie,Dessert,300,False
3464,339,Masala Chai,Beverage,425,True
3465,339,Mango Lassi,Beverage,355,True
3466,339,Mango Lassi,Beverage,385,True
3467,339,Gulab Jamun,Dessert,405,False
3468,339,Buttermilk,Beverage,380,False
3469,339,Masala Chai,Beverage,480,True
3470,340,Chocolate Brownie,Dessert,95,True
3471,340,Idli Sambar,Main,90,True
3472,340,Gulab Jamun,Dessert,75,True
3473,340,Masala Chai,Beverage,110,True
3474,340,Filter Coffee,Main,140,False
3475,340,Masala Dosa,Main,60,True
3476,340,Pongal,Main,140,True
3477,340,Rava Dosa,Main,105,False
3478,340,Curd Rice,Main,110,True
3479,341,Filter Coffee,Main,245,True
3480,341,Rava Dosa,Main,150,True
3481,341,Cold Coffee,Beverage,180,True
3482,341,Masala Chai,Beverage,225,True
3483,341,Chocolate Brownie,Dessert,135,True
3484,341,Uttapam,Main,120,False
3485,341,Masala Dosa,Main,185,True
3486,341,Mango Lassi,Beverage,200,False
3487,341,Idli Sambar,Main,170,True
3488,341,Gulab Jamun,Dessert,215,True
3489,341,Medu Vada,Main,200,False
3490,341,Curd Rice,Main,230,False
3491,341,Pongal,Main,250,True
3492,342,Mango Lassi,Beverage,145,True
3493,342,Double Egg Roll,Main,125,True
3494,342,Chicken Roll,Main,85,True
3495,342,Gulab Jamun,Dessert,110,False
3496,342,Masala Chai,Beverage,110,False
3497,342,Cold Coffee,Beverage,70,False
3498,342,Paneer Roll,Main,110,True
3499,342,Chocolate Brownie,Dessert,65,True
3500,342,Egg Roll,Main,100,False
3501,342,Veg Frankie,Main,130,True
3502,343,Hyderabadi Dum Biryani,Main,355,False
3503,343,Chicken 65,Main,450,True
3504,343,Boneless Biryani,Main,240,True
3505,343,Chocolate Brownie,Dessert,440,True
3506,343,Veg Biryani,Main,495,False
3507,343,Chicken Biryani,Main,385,True
3508,344,Buttermilk,Beverage,305,False
3509,344,Cold Coffee,Beverage,305,False
3510,344,Fresh Lime Soda,Beverage,285,False
3511,344,Mango Lassi,Beverage,520,True
3512,344,Mango Lassi,Beverage,410,True
3513,344,Cold Coffee,Beverage,415,False
3514,344,Chocolate Brownie,Dessert,510,True
3515,344,Masala Chai,Beverage,470,False
3516,344,Masala Chai,Beverage,330,False
3517,344,Cold Drink,Beverage,285,False
3518,344,Gulab Jamun,Dessert,480,True
3519,345,Butter Naan,Main,245,True
3520,345,Masala Chai,Beverage,255,False
3521,345,Chicken Curry,Main,115,True
3522,345,Paneer Butter Masala,Main,215,False
3523,345,Shahi Paneer,Main,145,True
3524,345,Gulab Jamun,Dessert,190,True
3525,345,Chole Bhature,Main,120,True
3526,345,Mango Lassi,Beverage,230,True
3527,345,Chocolate Brownie,Dessert,205,False
3528,345,Rajma Chawal,Main,255,False
3529,345,Cold Coffee,Beverage,250,True
3530,345,Tandoori Roti,Main,115,True
3531,345,Dal Makhani,Main,180,True
3532,346,Schezwan Noodles,Main,165,True
3533,346,Chilli Chicken,Main,225,True
3534,346,Chocolate Brownie,Dessert,130,True
3535,346,Fried Rice,Main,195,True
3536,346,Gulab Jamun,Dessert,255,False
3537,346,Chilli Paneer,Main,250,True
3538,346,Mango Lassi,Beverage,195,True
3539,346,Cold Coffee,Beverage,170,True
3540,346,Chicken Momos,Main,145,False
3541,346,Veg Hakka Noodles,Main,235,True
3542,347,Rava Dosa,Main,85,True
3543,347,Pongal,Main,90,False
3544,347,Masala Dosa,Main,110,False
3545,347,Masala Chai,Beverage,115,True
3546,347,Mango Lassi,Beverage,105,False
3547,347,Gulab Jamun,Dessert,95,True
3548,347,Chocolate Brownie,Dessert,145,True
3549,348,Cheese Burst Pizza,Main,495,True
3550,348,Garlic Bread,Main,510,True
3551,348,Margherita Pizza,Main,430,False
3552,348,Farmhouse Pizza,Main,295,True
3553,348,Chicken Supreme Pizza,Main,410,True
3554,348,Gulab Jamun,Dessert,370,False
3555,348,Mango Lassi,Beverage,250,True
3556,348,Peppy Paneer Pizza,Main,280,True
3557,349,Chocolate Brownie,Dessert,200,True
3558,349,Gulab Jamun,Dessert,205,True
3559,349,Chocolate Brownie,Dessert,155,True
3560,349,Mango Lassi,Beverage,135,True
3561,349,Choco Lava Cake,Dessert,220,True
3562,349,Gulab Jamun,Dessert,255,True
3563,349,Ice Cream Tub,Dessert,250,True
3564,349,Rasmalai,Dessert,160,True
3565,349,Gajar Halwa,Dessert,145,True
3566,349,Cold Coffee,Beverage,205,True
3567,349,Masala Chai,Beverage,125,True
3568,350,Gulab Jamun,Dessert,120,True
3569,350,Hyderabadi Dum Biryani,Main,125,False
3570,350,Mutton Biryani,Main,130,True
3571,350,Cold Coffee,Beverage,90,True
3572,350,Chicken 65,Main,100,True
3573,350,Masala Chai,Beverage,120,True
3574,350,Boneless Biryani,Main,110,False
3575,351,Veg Biryani,Main,345,True
3576,351,Masala Chai,Beverage,375,True
3577,351,Gulab Jamun,Dessert,505,True
3578,351,Mango Lassi,Beverage,505,True
3579,351,Boneless Biryani,Main,280,False
3580,351,Hyderabadi Dum Biryani,Main,385,False
3581,351,Chocolate Brownie,Dessert,390,True
3582,351,Mutton Biryani,Main,300,False
3583,352,Gulab Jamun,Dessert,135,False
3584,352,Masala Chai,Beverage,75,True
3585,352,Chicken Curry,Main,80,False
3586,352,Rajma Chawal,Main,140,False
3587,352,Shahi Paneer,Main,135,True
3588,352,Butter Naan,Main,105,False
3589,352,Chole Bhature,Main,65,True
3590,352,Chocolate Brownie,Dessert,85,True
3591,352,Mango Lassi,Beverage,115,True
3592,353,Paneer Roll,Main,225,False
3593,353,Cold Coffee,Beverage,140,False
3594,353,Chicken Roll,Main,180,False
3595,353,Veg Frankie,Main,250,True
3596,353,Egg Roll,Main,155,False
3597,353,Mango Lassi,Beverage,190,False
3598,353,Masala Chai,Beverage,195,False
3599,354,Cold Coffee,Beverage,70,True
3600,354,Chocolate Brownie,Dessert,95,False
3601,354,Masala Chai,Beverage,140,True
3602,354,Fruit Bowl,Main,70,False
3603,354,Gulab Jamun,Dessert,70,False
3604,354,Grilled Chicken Bowl,Main,95,False
3605,354,Sprout Salad,Main,125,True
3606,354,Quinoa Salad,Main,95,True
3607,354,Mango Lassi,Beverage,85,True
3608,355,Gulab Jamun,Dessert,135,False
3609,355,Gajar Halwa,Dessert,175,False
3610,355,Cold Coffee,Beverage,150,False
3611,355,Ice Cream Tub,Dessert,140,True
3612,355,Rasmalai,Dessert,215,True
3613,355,Mango Lassi,Beverage,215,False
3614,355,Masala Chai,Beverage,210,True
3615,355,Choco Lava Cake,Dessert,245,True
3616,355,Gulab Jamun,Dessert,250,True
3617,355,Chocolate Brownie,Dessert,185,False
3618,355,Chocolate Brownie,Dessert,150,False
3619,356,Curd Rice,Main,130,True
3620,356,Masala Chai,Beverage,115,False
3621,356,Cold Coffee,Beverage,150,True
3622,356,Medu Vada,Main,140,False
3623,356,Idli Sambar,Main,60,True
3624,356,Gulab Jamun,Dessert,95,True
3625,356,Mango Lassi,Beverage,100,True
3626,356,Pongal,Main,135,True
3627,356,Chocolate Brownie,Dessert,75,False
3628,356,Uttapam,Main,135,False
3629,356,Filter Coffee,Main,140,False
3630,356,Masala Dosa,Main,90,True
3631,356,Rava Dosa,Main,95,False
3632,357,Cold Coffee,Beverage,95,True
3633,357,Gulab Jamun,Dessert,65,True
3634,357,Masala Chai,Beverage,145,True
3635,357,Margherita Pizza,Main,125,False
3636,357,Mango Lassi,Beverage,90,True
3637,357,Farmhouse Pizza,Main,135,False
3638,357,Chocolate Brownie,Dessert,70,False
3639,357,Cheese Burst Pizza,Main,140,False
3640,357,Peppy Paneer Pizza,Main,130,False
3641,357,Chicken Supreme Pizza,Main,115,True
3642,357,Garlic Bread,Main,140,True
3643,358,Veg Hakka Noodles,Main,220,True
3644,358,Fried Rice,Main,165,True
3645,358,Veg Manchurian,Main,230,True
3646,358,Schezwan Noodles,Main,175,True
3647,358,Chilli Paneer,Main,110,True
3648,358,Chicken Momos,Main,220,True
3649,358,Chilli Chicken,Main,195,False
3650,358,Gulab Jamun,Dessert,130,True
3651,358,Masala Chai,Beverage,215,True
3652,358,Cold Coffee,Beverage,255,True
3653,358,Spring Roll,Main,240,True
3654,358,Mango Lassi,Beverage,145,True
3655,358,Chocolate Brownie,Dessert,170,True
3656,359,Dal Makhani,Main,395,False
3657,359,Chole Bhature,Main,490,True
3658,359,Chocolate Brownie,Dessert,400,True
3659,359,Gulab Jamun,Dessert,435,False
3660,359,Tandoori Roti,Main,420,True
3661,359,Chicken Curry,Main,510,True
3662,359,Cold Coffee,Beverage,310,True
3663,359,Masala Chai,Beverage,260,True
3664,359,Paneer Butter Masala,Main,250,True
3665,359,Mango Lassi,Beverage,240,True
3666,360,Filter Coffee,Main,80,True
3667,360,Masala Chai,Beverage,70,True
3668,360,Mango Lassi,Beverage,65,False
3669,360,Chocolate Brownie,Dessert,115,True
3670,360,Gulab Jamun,Dessert,75,False
3671,360,Masala Dosa,Main,125,True
3672,360,Pongal,Main,75,True
3673,360,Curd Rice,Main,85,True
3674,360,Uttapam,Main,90,False
3675,360,Medu Vada,Main,90,True
3676,360,Rava Dosa,Main,70,True
3677,360,Idli Sambar,Main,105,False
3678,360,Cold Coffee,Beverage,110,True
3679,361,Chole Bhature,Main,195,True
3680,361,Chicken Curry,Main,115,False
3681,361,Masala Chai,Beverage,220,True
3682,361,Tandoori Roti,Main,190,True
3683,361,Butter Naan,Main,135,True
3684,361,Chocolate Brownie,Dessert,205,False
3685,361,Rajma Chawal,Main,175,False
3686,361,Cold Coffee,Beverage,185,False
3687,361,Gulab Jamun,Dessert,230,True
3688,361,Mango Lassi,Beverage,120,False
3689,361,Dal Makhani,Main,200,False
3690,361,Paneer Butter Masala,Main,185,True
3691,361,Shahi Paneer,Main,185,True
3692,362,Masala Dosa,Main,175,False
3693,362,Mango Lassi,Beverage,190,False
3694,362,Chocolate Brownie,Dessert,255,False
3695,362,Uttapam,Main,135,True
3696,362,Cold Coffee,Beverage,240,True
3697,362,Gulab Jamun,Dessert,185,False
3698,362,Pongal,Main,225,True
3699,363,Gajar Halwa,Dessert,170,True
3700,363,Masala Chai,Beverage,215,False
3701,363,Chocolate Brownie,Dessert,230,False
3702,363,Ice Cream Tub,Dessert,205,False
3703,363,Mango Lassi,Beverage,225,True
3704,363,Choco Lava Cake,Dessert,165,False
3705,363,Rasmalai,Dessert,240,False
3706,363,Cold Coffee,Beverage,155,False
3707,363,Gulab Jamun,Dessert,145,True
3708,363,Chocolate Brownie,Dessert,190,True
3709,363,Gulab Jamun,Dessert,165,False
3710,364,Masala Chai,Beverage,100,True
3711,364,Spring Roll,Main,60,True
3712,364,Chicken Momos,Main,75,False
3713,364,Fried Rice,Main,70,False
3714,364,Chilli Chicken,Main,95,True
3715,364,Cold Coffee,Beverage,135,False
3716,364,Veg Manchurian,Main,115,True
3717,364,Chocolate Brownie,Dessert,85,True
3718,364,Veg Hakka Noodles,Main,100,False
3719,364,Mango Lassi,Beverage,95,True
3720,364,Chilli Paneer,Main,65,True
3721,364,Gulab Jamun,Dessert,65,True
3722,364,Schezwan Noodles,Main,145,True
3723,365,Rasmalai,Dessert,230,True
3724,365,Gulab Jamun,Dessert,245,True
3725,365,Gajar Halwa,Dessert,230,True
3726,365,Gulab Jamun,Dessert,190,False
3727,365,Ice Cream Tub,Dessert,125,False
3728,365,Chocolate Brownie,Dessert,130,False
3729,365,Masala Chai,Beverage,125,True
3730,365,Cold Coffee,Beverage,120,True
3731,365,Choco Lava Cake,Dessert,200,False
3732,366,Gulab Jamun,Dessert,345,False
3733,366,Pani Puri,Main,495,True
3734,366,Dahi Puri,Main,305,False
3735,366,Kachori,Main,435,False
3736,366,Mango Lassi,Beverage,365,True
3737,366,Pav Bhaji,Main,255,True
3738,366,Samosa,Main,500,True
3739,366,Masala Chai,Beverage,325,True
3740,366,Cold Coffee,Beverage,275,False
3741,366,Chocolate Brownie,Dessert,275,True
3742,366,Vada Pav,Main,475,True
3743,367,Chocolate Brownie,Dessert,75,False
3744,367,Chicken Burger,Main,95,False
3745,367,Masala Chai,Beverage,110,True
3746,367,Cheese Sandwich,Main,115,True
3747,367,Mango Lassi,Beverage,120,True
3748,367,Nuggets,Main,105,True
3749,367,Veg Wrap,Main,110,False
3750,367,Gulab Jamun,Dessert,70,True
3751,367,Veg Burger,Main,65,True
3752,367,French Fries,Main,75,True
3753,368,Mango Lassi,Beverage,170,False
3754,368,Egg Biryani,Main,170,True
3755,368,Masala Chai,Beverage,260,True
3756,368,Chicken Biryani,Main,235,True
3757,368,Chicken 65,Main,115,True
3758,368,Mutton Biryani,Main,180,False
3759,368,Boneless Biryani,Main,110,True
3760,368,Hyderabadi Dum Biryani,Main,240,True
3761,368,Cold Coffee,Beverage,185,True
3762,368,Veg Biryani,Main,250,False
3763,368,Chocolate Brownie,Dessert,190,True
3764,368,Gulab Jamun,Dessert,255,False
3765,369,Chocolate Brownie,Dessert,410,True
3766,369,Choco Lava Cake,Dessert,285,False
3767,369,Ice Cream Tub,Dessert,325,False
3768,369,Gajar Halwa,Dessert,285,True
3769,369,Masala Chai,Beverage,350,True
3770,369,Mango Lassi,Beverage,355,True
3771,369,Rasmalai,Dessert,330,True
3772,369,Chocolate Brownie,Dessert,415,True
3773,369,Gulab Jamun,Dessert,345,True
3774,370,Mango Lassi,Beverage,120,False
3775,370,Chicken Curry,Main,105,True
3776,370,Cold Coffee,Beverage,95,False
3777,370,Dal Makhani,Main,85,False
3778,370,Gulab Jamun,Dessert,75,False
3779,370,Tandoori Roti,Main,115,True
3780,370,Butter Naan,Main,135,False
3781,370,Shahi Paneer,Main,70,True
3782,370,Masala Chai,Beverage,100,True
3783,371,Chicken 65,Main,190,False
3784,371,Boneless Biryani,Main,125,False
3785,371,Gulab Jamun,Dessert,175,False
3786,371,Mutton Biryani,Main,260,False
3787,371,Egg Biryani,Main,155,True
3788,371,Cold Coffee,Beverage,205,True
3789,371,Chocolate Brownie,Dessert,170,False
3790,371,Veg Biryani,Main,245,True
3791,371,Mango Lassi,Beverage,130,False
3792,371,Chicken Biryani,Main,200,False
3793,371,Masala Chai,Beverage,220,True
3794,371,Hyderabadi Dum Biryani,Main,205,False
3795,372,Hyderabadi Dum Biryani,Main,70,True
3796,372,Masala Chai,Beverage,140,True
3797,372,Chicken Biryani,Main,105,True
3798,372,Boneless Biryani,Main,110,True
3799,372,Chicken 65,Main,80,True
3800,372,Cold Coffee,Beverage,150,True
3801,372,Chocolate Brownie,Dessert,95,True
3802,372,Mango Lassi,Beverage,85,False
3803,372,Veg Biryani,Main,90,False
3804,372,Gulab Jamun,Dessert,110,False
3805,372,Egg Biryani,Main,135,True
3806,373,Cold Coffee,Beverage,260,False
3807,373,Fresh Lime Soda,Beverage,405,False
3808,373,Cold Drink,Beverage,265,True
3809,373,Gulab Jamun,Dessert,435,False
3810,373,Buttermilk,Beverage,365,True
3811,373,Mango Lassi,Beverage,510,True
3812,373,Cold Coffee,Beverage,280,False
3813,373,Masala Chai,Beverage,465,True
3814,373,Masala Chai,Beverage,480,True
3815,373,Chocolate Brownie,Dessert,470,False
3816,373,Mango Lassi,Beverage,375,False
3817,374,Mango Lassi,Beverage,295,True
3818,374,Cold Coffee,Beverage,490,True
3819,374,Cold Coffee,Beverage,305,True
3820,374,Buttermilk,Beverage,490,True
3821,374,Gulab Jamun,Dessert,300,False
3822,374,Cold Drink,Beverage,385,True
3823,374,Mango Lassi,Beverage,245,False
3824,375,Cold Coffee,Beverage,145,True
3825,375,Masala Chai,Beverage,200,False
3826,375,Cold Coffee,Beverage,235,False
3827,375,Masala Chai,Beverage,225,True
3828,375,Gulab Jamun,Dessert,145,True
3829,375,Buttermilk,Beverage,210,True
3830,375,Cold Drink,Beverage,120,True
3831,375,Mango Lassi,Beverage,235,True
3832,375,Mango Lassi,Beverage,205,True
3833,375,Fresh Lime Soda,Beverage,195,False
3834,375,Chocolate Brownie,Dessert,140,False
3835,376,Mango Lassi,Beverage,235,True
3836,376,Gulab Jamun,Dessert,195,True
3837,376,Garlic Bread,Main,155,True
3838,376,Farmhouse Pizza,Main,110,True
3839,376,Cold Coffee,Beverage,135,True
3840,376,Cheese Burst Pizza,Main,170,True
3841,376,Margherita Pizza,Main,135,False
3842,376,Peppy Paneer Pizza,Main,210,False
3843,376,Chicken Supreme Pizza,Main,250,False
3844,376,Chocolate Brownie,Dessert,215,True
3845,377,Nuggets,Main,150,True
3846,377,Veg Wrap,Main,65,True
3847,377,Peri Peri Fries,Main,105,True
3848,377,Chicken Burger,Main,90,True
3849,377,Cold Coffee,Beverage,100,False
3850,377,Cheese Sandwich,Main,75,False
3851,377,Veg Burger,Main,120,True
3852,377,Chocolate Brownie,Dessert,60,True
3853,377,French Fries,Main,70,False
3854,377,Gulab Jamun,Dessert,145,True
3855,377,Mango Lassi,Beverage,85,False
3856,377,Masala Chai,Beverage,105,True
3857,378,Gulab Jamun,Dessert,85,False
3858,378,Cold Drink,Beverage,75,False
3859,378,Mango Lassi,Beverage,130,True
3860,378,Masala Chai,Beverage,140,False
3861,378,Fresh Lime Soda,Beverage,140,True
3862,378,Buttermilk,Beverage,115,True
3863,378,Chocolate Brownie,Dessert,70,False
3864,379,Chocolate Brownie,Dessert,145,False
3865,379,Cold Coffee,Beverage,115,True
3866,379,Pasta Alfredo,Main,100,True
3867,379,Veg Sandwich,Main,140,True
3868,379,Gulab Jamun,Dessert,90,False
3869,379,Cappuccino,Main,130,False
3870,379,Club Sandwich,Main,125,True
3871,379,Masala Chai,Beverage,85,False
3872,379,Mango Lassi,Beverage,140,True
3873,379,Croissant,Main,85,True
3874,379,Chocolate Shake,Main,110,True
3875,380,Mango Lassi,Beverage,125,True
3876,380,Mutton Biryani,Main,95,True
3877,380,Boneless Biryani,Main,105,False
3878,380,Chicken Biryani,Main,115,False
3879,380,Veg Biryani,Main,85,True
3880,380,Chocolate Brownie,Dessert,125,True
3881,380,Gulab Jamun,Dessert,70,True
3882,380,Chicken 65,Main,80,False
3883,380,Hyderabadi Dum Biryani,Main,75,True
3884,381,Fruit Bowl,Main,85,True
3885,381,Gulab Jamun,Dessert,110,True
3886,381,Chocolate Brownie,Dessert,90,True
3887,381,Quinoa Salad,Main,95,True
3888,381,Mango Lassi,Beverage,135,False
3889,381,Cold Coffee,Beverage,85,True
3890,381,Grilled Chicken Bowl,Main,125,True
3891,381,Masala Chai,Beverage,140,False
3892,382,Club Sandwich,Main,155,False
3893,382,Croissant,Main,160,True
3894,382,Masala Chai,Beverage,145,True
3895,382,Cappuccino,Main,130,True
3896,382,Veg Sandwich,Main,245,True
3897,382,Gulab Jamun,Dessert,200,True
3898,382,Cold Coffee,Beverage,205,True
3899,382,Mango Lassi,Beverage,240,True
3900,382,Chocolate Shake,Main,185,True
3901,382,Chocolate Brownie,Dessert,185,True
3902,383,Chocolate Brownie,Dessert,105,True
3903,383,Hyderabadi Dum Biryani,Main,85,False
3904,383,Chicken Biryani,Main,125,False
3905,383,Cold Coffee,Beverage,85,True
3906,383,Boneless Biryani,Main,100,True
3907,383,Egg Biryani,Main,125,False
3908,383,Gulab Jamun,Dessert,140,True
3909,383,Masala Chai,Beverage,150,False
3910,383,Chicken 65,Main,65,True
3911,383,Veg Biryani,Main,130,True
3912,383,Mutton Biryani,Main,60,True
3913,384,Gulab Jamun,Dessert,95,True
3914,384,Rajma Chawal,Main,60,True
3915,384,Tandoori Roti,Main,75,True
3916,384,Mango Lassi,Beverage,100,True
3917,384,Chocolate Brownie,Dessert,140,True
3918,384,Chole Bhature,Main,120,False
3919,384,Masala Chai,Beverage,105,True
3920,384,Cold Coffee,Beverage,140,True
3921,384,Shahi Paneer,Main,110,True
3922,384,Paneer Butter Masala,Main,135,True
3923,384,Butter Naan,Main,100,True
3924,384,Chicken Curry,Main,130,True
3925,384,Dal Makhani,Main,145,False
3926,385,Medu Vada,Main,235,False
3927,385,Rava Dosa,Main,185,True
3928,385,Masala Dosa,Main,175,False
3929,385,Masala Chai,Beverage,245,False
3930,385,Gulab Jamun,Dessert,200,False
3931,385,Cold Coffee,Beverage,170,True
3932,385,Filter Coffee,Main,215,False
3933,385,Uttapam,Main,240,False
3934,385,Chocolate Brownie,Dessert,170,False
3935,385,Pongal,Main,205,True
3936,385,Idli Sambar,Main,135,True
3937,386,Masala Chai,Beverage,130,True
3938,386,Rasmalai,Dessert,105,True
3939,386,Chocolate Brownie,Dessert,60,False
3940,386,Ice Cream Tub,Dessert,85,True
3941,386,Choco Lava Cake,Dessert,135,True
3942,386,Mango Lassi,Beverage,85,False
3943,386,Gulab Jamun,Dessert,65,True
3944,386,Gajar Halwa,Dessert,70,False
3945,386,Cold Coffee,Beverage,115,False
3946,386,Gulab Jamun,Dessert,80,False
3947,386,Chocolate Brownie,Dessert,85,True
3948,387,Masala Chai,Beverage,135,False
3949,387,Gulab Jamun,Dessert,95,False
3950,387,Cold Coffee,Beverage,130,False
3951,387,Tandoori Roti,Main,110,True
3952,387,Chole Bhature,Main,110,True
3953,387,Rajma Chawal,Main,95,False
3954,387,Dal Makhani,Main,85,False
3955,388,Chicken 65,Main,105,True
3956,388,Masala Chai,Beverage,110,True
3957,388,Boneless Biryani,Main,100,False
3958,388,Egg Biryani,Main,95,False
3959,388,Veg Biryani,Main,125,False
3960,388,Chicken Biryani,Main,110,True
3961,388,Mutton Biryani,Main,125,False
3962,388,Gulab Jamun,Dessert,70,False
3963,388,Cold Coffee,Beverage,145,False
3964,388,Hyderabadi Dum Biryani,Main,70,False
3965,388,Mango Lassi,Beverage,90,True
3966,388,Chocolate Brownie,Dessert,65,False
3967,389,Chocolate Brownie,Dessert,130,True
3968,389,Veg Burger,Main,75,True
3969,389,Peri Peri Fries,Main,80,True
3970,389,Masala Chai,Beverage,130,True
3971,389,Chicken Burger,Main,95,True
3972,389,Veg Wrap,Main,95,True
3973,390,Masala Chai,Beverage,230,True
3974,390,Club Sandwich,Main,210,True
3975,390,Cold Coffee,Beverage,225,False
3976,390,Mango Lassi,Beverage,150,True
3977,390,Cappuccino,Main,190,True
3978,390,Chocolate Shake,Main,135,True
3979,391,Cold Drink,Beverage,170,True
3980,391,Gulab Jamun,Dessert,255,False
3981,391,Cold Coffee,Beverage,140,False
3982,391,Masala Chai,Beverage,180,False
3983,391,Chocolate Brownie,Dessert,200,True
3984,391,Cold Coffee,Beverage,140,False
3985,391,Mango Lassi,Beverage,250,True
3986,391,Fresh Lime Soda,Beverage,195,True
3987,391,Masala Chai,Beverage,225,True
3988,391,Buttermilk,Beverage,130,True
3989,391,Mango Lassi,Beverage,195,True
3990,392,Choco Lava Cake,Dessert,370,True
3991,392,Masala Chai,Beverage,320,True
3992,392,Mango Lassi,Beverage,280,True
3993,392,Chocolate Brownie,Dessert,455,True
3994,392,Gajar Halwa,Dessert,480,False
3995,392,Gulab Jamun,Dessert,260,False
3996,392,Rasmalai,Dessert,265,True
3997,392,Ice Cream Tub,Dessert,315,True
3998,392,Gulab Jamun,Dessert,425,False
3999,392,Chocolate Brownie,Dessert,420,True
4000,392,Cold Coffee,Beverage,460,False
4001,393,Masala Chai,Beverage,245,True
4002,393,Egg Biryani,Main,165,False
4003,393,Chicken 65,Main,150,True
4004,393,Mutton Biryani,Main,175,True
4005,393,Hyderabadi Dum Biryani,Main,260,True
4006,393,Boneless Biryani,Main,185,False
4007,393,Cold Coffee,Beverage,160,False
4008,393,Chocolate Brownie,Dessert,250,True
4009,393,Mango Lassi,Beverage,120,True
4010,393,Chicken Biryani,Main,120,True
4011,394,Butter Naan,Main,255,False
4012,394,Masala Chai,Beverage,165,False
4013,394,Shahi Paneer,Main,215,True
4014,394,Dal Makhani,Main,175,True
4015,394,Chicken Curry,Main,170,False
4016,394,Tandoori Roti,Main,155,False
4017,394,Chole Bhature,Main,160,True
4018,394,Chocolate Brownie,Dessert,220,True
4019,394,Gulab Jamun,Dessert,235,False
4020,394,Cold Coffee,Beverage,235,True
4021,394,Mango Lassi,Beverage,200,True
4022,395,Masala Chai,Beverage,315,False
4023,395,Garlic Bread,Main,405,False
4024,395,Farmhouse Pizza,Main,415,True
4025,395,Margherita Pizza,Main,365,True
4026,395,Cheese Burst Pizza,Main,405,True
4027,395,Mango Lassi,Beverage,520,True
4028,395,Gulab Jamun,Dessert,260,False
4029,396,Masala Dosa,Main,200,True
4030,396,Rava Dosa,Main,240,False
4031,396,Filter Coffee,Main,155,True
4032,396,Chocolate Brownie,Dessert,245,True
4033,396,Uttapam,Main,165,False
4034,396,Cold Coffee,Beverage,110,False
4035,396,Medu Vada,Main,140,False
4036,396,Pongal,Main,175,True
4037,396,Idli Sambar,Main,240,True
4038,396,Mango Lassi,Beverage,155,False
4039,396,Curd Rice,Main,185,True
4040,397,Chocolate Brownie,Dessert,250,False
4041,397,Masala Chai,Beverage,230,True
4042,397,Mango Lassi,Beverage,125,False
4043,397,French Fries,Main,125,True
4044,397,Veg Wrap,Main,150,False
4045,397,Gulab Jamun,Dessert,220,True
4046,397,Peri Peri Fries,Main,250,False
4047,397,Veg Burger,Main,200,True
4048,397,Cold Coffee,Beverage,160,True
4049,398,Masala Chai,Beverage,110,True
4050,398,Grilled Chicken Bowl,Main,125,True
4051,398,Quinoa Salad,Main,215,True
4052,398,Gulab Jamun,Dessert,220,False
4053,398,Mango Lassi,Beverage,190,True
4054,398,Cold Coffee,Beverage,155,True
4055,398,Fruit Bowl,Main,245,True
4056,398,Chocolate Brownie,Dessert,125,True
4057,398,Sprout Salad,Main,200,False
4058,399,Nuggets,Main,235,False
4059,399,Mango Lassi,Beverage,215,False
4060,399,Masala Chai,Beverage,170,True
4061,399,Chocolate Brownie,Dessert,135,True
4062,399,Peri Peri Fries,Main,160,True
4063,399,Chicken Burger,Main,250,True
4064,399,Gulab Jamun,Dessert,220,True
4065,399,Cheese Sandwich,Main,190,False
4066,399,Veg Wrap,Main,145,True
4067,400,Peppy Paneer Pizza,Main,235,True
4068,400,Cheese Burst Pizza,Main,120,True
4069,400,Cold Coffee,Beverage,165,True
4070,400,Chocolate Brownie,Dessert,155,True
4071,400,Chicken Supreme Pizza,Main,195,True
4072,400,Gulab Jamun,Dessert,125,False
4073,400,Mango Lassi,Beverage,220,True
4074,400,Garlic Bread,Main,120,True
4075,400,Margherita Pizza,Main,250,True
4076,400,Farmhouse Pizza,Main,155,False
4077,400,Masala Chai,Beverage,230,False
4078,401,Cold Coffee,Beverage,125,True
4079,401,Garlic Bread,Main,85,True
4080,401,Masala Chai,Beverage,130,True
4081,401,Gulab Jamun,Dessert,110,True
4082,401,Chocolate Brownie,Dessert,90,True
4083,401,Peppy Paneer Pizza,Main,75,False
4084,401,Chicken Supreme Pizza,Main,100,False
4085,402,Masala Chai,Beverage,260,False
4086,402,Chocolate Brownie,Dessert,135,True
4087,402,Buttermilk,Beverage,125,False
4088,402,Fresh Lime Soda,Beverage,135,False
4089,402,Masala Chai,Beverage,240,True
4090,402,Cold Coffee,Beverage,210,False
4091,402,Mango Lassi,Beverage,225,True
4092,402,Cold Coffee,Beverage,155,True
4093,402,Gulab Jamun,Dessert,150,True
4094,402,Mango Lassi,Beverage,255,True
4095,402,Cold Drink,Beverage,150,True
4096,403,Egg Biryani,Main,105,False
4097,403,Mango Lassi,Beverage,110,True
4098,403,Chocolate Brownie,Dessert,105,False
4099,403,Boneless Biryani,Main,95,True
4100,403,Chicken 65,Main,60,True
4101,403,Hyderabadi Dum Biryani,Main,75,False
4102,403,Chicken Biryani,Main,145,False
4103,403,Gulab Jamun,Dessert,95,True
4104,404,Masala Chai,Beverage,250,True
4105,404,Gulab Jamun,Dessert,220,False
4106,404,Mango Lassi,Beverage,195,False
4107,404,Boneless Biryani,Main,215,True
4108,404,Chicken 65,Main,210,False
4109,404,Chocolate Brownie,Dessert,110,True
4110,404,Egg Biryani,Main,115,True
4111,404,Mutton Biryani,Main,260,False
4112,404,Hyderabadi Dum Biryani,Main,215,True
4113,404,Veg Biryani,Main,170,True
4114,404,Chicken Biryani,Main,160,False
4115,404,Cold Coffee,Beverage,190,True
4116,405,Gulab Jamun,Dessert,440,True
4117,405,Mango Lassi,Beverage,245,True
4118,405,Filter Coffee,Main,475,True
4119,405,Idli Sambar,Main,430,False
4120,405,Pongal,Main,455,True
4121,405,Masala Chai,Beverage,495,True
4122,405,Uttapam,Main,475,True
4123,405,Masala Dosa,Main,305,True
4124,405,Curd Rice,Main,465,False
4125,405,Chocolate Brownie,Dessert,280,True
4126,406,Cheese Sandwich,Main,130,False
4127,406,Gulab Jamun,Dessert,260,True
4128,406,Cold Coffee,Beverage,210,False
4129,406,Veg Wrap,Main,135,True
4130,406,French Fries,Main,255,True
4131,406,Veg Burger,Main,195,True
4132,406,Chocolate Brownie,Dessert,135,True
4133,406,Mango Lassi,Beverage,250,True
4134,406,Peri Peri Fries,Main,140,True
4135,407,Chicken Momos,Main,105,True
4136,407,Chilli Chicken,Main,65,False
4137,407,Cold Coffee,Beverage,60,True
4138,407,Veg Manchurian,Main,120,False
4139,407,Chocolate Brownie,Dessert,70,False
4140,407,Mango Lassi,Beverage,90,False
4141,407,Veg Hakka Noodles,Main,70,False
4142,407,Fried Rice,Main,125,False
4143,407,Masala Chai,Beverage,105,False
4144,407,Chilli Paneer,Main,110,True
4145,407,Schezwan Noodles,Main,70,False
4146,407,Spring Roll,Main,95,False
4147,407,Gulab Jamun,Dessert,120,False
4148,408,Hyderabadi Dum Biryani,Main,85,False
4149,408,Veg Biryani,Main,85,False
4150,408,Gulab Jamun,Dessert,145,True
4151,408,Chocolate Brownie,Dessert,145,True
4152,408,Chicken 65,Main,95,False
4153,408,Boneless Biryani,Main,70,True
4154,408,Masala Chai,Beverage,80,False
4155,409,Choco Lava Cake,Dessert,125,True
4156,409,Masala Chai,Beverage,145,True
4157,409,Gajar Halwa,Dessert,125,False
4158,409,Chocolate Brownie,Dessert,130,False
4159,409,Gulab Jamun,Dessert,85,True
4160,409,Rasmalai,Dessert,70,True
4161,409,Ice Cream Tub,Dessert,60,False
4162,409,Mango Lassi,Beverage,145,False
4163,409,Gulab Jamun,Dessert,135,True
4164,409,Chocolate Brownie,Dessert,75,False
4165,409,Cold Coffee,Beverage,85,True
4166,410,Tandoori Roti,Main,515,False
4167,410,Cold Coffee,Beverage,490,True
4168,410,Chocolate Brownie,Dessert,440,False
4169,410,Dal Makhani,Main,270,False
4170,410,Gulab Jamun,Dessert,480,False
4171,410,Butter Naan,Main,505,True
4172,410,Chole Bhature,Main,485,False
4173,410,Chicken Curry,Main,435,True
4174,410,Mango Lassi,Beverage,350,True
4175,410,Shahi Paneer,Main,240,False
4176,411,Veg Wrap,Main,185,True
4177,411,Chocolate Brownie,Dessert,245,False
4178,411,Mango Lassi,Beverage,220,True
4179,411,Cheese Sandwich,Main,205,True
4180,411,Veg Burger,Main,200,True
4181,411,Peri Peri Fries,Main,115,True
4182,411,Gulab Jamun,Dessert,180,True
4183,411,Cold Coffee,Beverage,125,False
4184,411,Chicken Burger,Main,160,True
4185,411,Masala Chai,Beverage,210,False
4186,411,Nuggets,Main,165,True
4187,411,French Fries,Main,140,True
4188,412,Mango Lassi,Beverage,245,True
4189,412,Medu Vada,Main,110,False
4190,412,Pongal,Main,115,False
4191,412,Idli Sambar,Main,130,True
4192,412,Chocolate Brownie,Dessert,165,False
4193,412,Rava Dosa,Main,115,True
4194,412,Filter Coffee,Main,150,True
4195,412,Uttapam,Main,125,False
4196,412,Masala Dosa,Main,215,True
4197,412,Gulab Jamun,Dessert,145,True
4198,412,Masala Chai,Beverage,165,True
4199,412,Cold Coffee,Beverage,250,True
4200,412,Curd Rice,Main,170,False
4201,413,Chocolate Brownie,Dessert,160,True
4202,413,Veg Manchurian,Main,220,False
4203,413,Schezwan Noodles,Main,200,True
4204,413,Mango Lassi,Beverage,165,False
4205,413,Spring Roll,Main,245,False
4206,413,Cold Coffee,Beverage,240,False
4207,413,Masala Chai,Beverage,140,True
4208,413,Fried Rice,Main,190,True
4209,413,Chicken Momos,Main,235,True
4210,413,Chilli Chicken,Main,135,True
4211,413,Chilli Paneer,Main,130,True
4212,413,Veg Hakka Noodles,Main,130,True
4213,413,Gulab Jamun,Dessert,180,False
4214,414,Dal Makhani,Main,140,False
4215,414,Paneer Butter Masala,Main,210,True
4216,414,Chocolate Brownie,Dessert,150,False
4217,414,Butter Naan,Main,135,False
4218,414,Tandoori Roti,Main,245,True
4219,414,Rajma Chawal,Main,235,True
4220,414,Shahi Paneer,Main,185,False
4221,414,Mango Lassi,Beverage,120,True
4222,414,Cold Coffee,Beverage,255,True
4223,414,Chicken Curry,Main,160,True
4224,414,Chole Bhature,Main,110,True
4225,414,Gulab Jamun,Dessert,235,True
4226,414,Masala Chai,Beverage,170,False
4227,415,Chocolate Brownie,Dessert,165,False
4228,415,Idli Sambar,Main,160,False
4229,415,Gulab Jamun,Dessert,110,True
4230,415,Rava Dosa,Main,185,False
4231,415,Masala Chai,Beverage,140,True
4232,415,Masala Dosa,Main,235,True
4233,415,Pongal,Main,160,True
4234,415,Medu Vada,Main,250,False
4235,415,Mango Lassi,Beverage,215,False
4236,415,Cold Coffee,Beverage,235,True
4237,415,Filter Coffee,Main,135,False
4238,415,Uttapam,Main,210,True
4239,415,Curd Rice,Main,245,True
4240,416,Quinoa Salad,Main,120,True
4241,416,Gulab Jamun,Dessert,60,True
4242,416,Sprout Salad,Main,145,False
4243,416,Grilled Chicken Bowl,Main,110,True
4244,416,Fruit Bowl,Main,90,False
4245,416,Cold Coffee,Beverage,120,True
4246,416,Masala Chai,Beverage,125,True
4247,416,Chocolate Brownie,Dessert,95,True
4248,417,Masala Chai,Beverage,125,False
4249,417,Mango Lassi,Beverage,100,False
4250,417,Fruit Bowl,Main,145,False
4251,417,Quinoa Salad,Main,100,False
4252,417,Chocolate Brownie,Dessert,100,True
4253,417,Cold Coffee,Beverage,75,True
4254,417,Sprout Salad,Main,75,False
4255,417,Grilled Chicken Bowl,Main,60,True
4256,417,Gulab Jamun,Dessert,140,True
4257,418,Gulab Jamun,Dessert,115,True
4258,418,Masala Chai,Beverage,135,False
4259,418,Mango Lassi,Beverage,130,False
4260,418,Egg Roll,Main,110,False
4261,418,Veg Frankie,Main,70,True
4262,418,Double Egg Roll,Main,90,True
4263,418,Chicken Roll,Main,110,True
4264,418,Paneer Roll,Main,120,False
4265,418,Cold Coffee,Beverage,130,True
4266,418,Chocolate Brownie,Dessert,150,False
4267,419,Cheese Sandwich,Main,240,False
4268,419,Peri Peri Fries,Main,150,True
4269,419,Cold Coffee,Beverage,185,False
4270,419,Mango Lassi,Beverage,145,True
4271,419,Masala Chai,Beverage,225,True
4272,419,Chicken Burger,Main,170,False
4273,419,Nuggets,Main,195,False
4274,419,Veg Burger,Main,165,True
4275,420,Gulab Jamun,Dessert,265,True
4276,420,Rasmalai,Dessert,470,False
4277,420,Cold Coffee,Beverage,385,True
4278,420,Chocolate Brownie,Dessert,445,False
4279,420,Choco Lava Cake,Dessert,370,True
4280,420,Gajar Halwa,Dessert,380,True
4281,420,Ice Cream Tub,Dessert,385,True
4282,420,Chocolate Brownie,Dessert,400,True
4283,420,Masala Chai,Beverage,360,True
4284,420,Mango Lassi,Beverage,415,True
4285,420,Gulab Jamun,Dessert,270,True
4286,421,Gulab Jamun,Dessert,155,False
4287,421,Chocolate Shake,Main,135,False
4288,421,Masala Chai,Beverage,255,True
4289,421,Croissant,Main,240,True
4290,421,Club Sandwich,Main,205,True
4291,421,Mango Lassi,Beverage,165,True
4292,421,Chocolate Brownie,Dessert,200,False
4293,421,Pasta Alfredo,Main,150,True
4294,421,Veg Sandwich,Main,145,False
4295,421,Cappuccino,Main,125,True
4296,421,Cold Coffee,Beverage,255,False
4297,422,Gulab Jamun,Dessert,235,True
4298,422,Chocolate Brownie,Dessert,190,False
4299,422,Cold Coffee,Beverage,205,True
4300,422,Masala Chai,Beverage,150,True
4301,422,Egg Biryani,Main,140,True
4302,422,Veg Biryani,Main,170,True
4303,422,Mango Lassi,Beverage,185,False
4304,422,Hyderabadi Dum Biryani,Main,170,True
4305,422,Boneless Biryani,Main,150,True
4306,422,Chicken Biryani,Main,180,False
4307,422,Mutton Biryani,Main,205,True
4308,422,Chicken 65,Main,170,True
4309,423,Chocolate Brownie,Dessert,365,False
4310,423,Shahi Paneer,Main,485,True
4311,423,Dal Makhani,Main,480,True
4312,423,Cold Coffee,Beverage,245,False
4313,423,Chole Bhature,Main,470,True
4314,423,Butter Naan,Main,290,False
4315,423,Rajma Chawal,Main,445,False
4316,423,Tandoori Roti,Main,340,True
4317,423,Paneer Butter Masala,Main,395,True
4318,423,Masala Chai,Beverage,475,True
4319,423,Mango Lassi,Beverage,375,False
4320,424,Masala Chai,Beverage,145,True
4321,424,Veg Frankie,Main,80,False
4322,424,Double Egg Roll,Main,150,False
4323,424,Mango Lassi,Beverage,125,False
4324,424,Chocolate Brownie,Dessert,80,False
4325,424,Egg Roll,Main,90,True
4326,424,Gulab Jamun,Dessert,65,True
4327,424,Paneer Roll,Main,130,False
4328,424,Chicken Roll,Main,70,False
4329,424,Cold Coffee,Beverage,130,True
4330,425,Cold Coffee,Beverage,115,True
4331,425,Mango Lassi,Beverage,110,True
4332,425,Masala Chai,Beverage,125,True
4333,425,Sprout Salad,Main,85,False
4334,425,Fruit Bowl,Main,140,True
4335,425,Grilled Chicken Bowl,Main,130,False
4336,426,Chocolate Brownie,Dessert,425,True
4337,426,Cold Coffee,Beverage,325,True
4338,426,Gulab Jamun,Dessert,505,True
4339,426,Uttapam,Main,320,True
4340,426,Mango Lassi,Beverage,450,True
4341,426,Idli Sambar,Main,295,False
4342,426,Pongal,Main,500,False
4343,426,Masala Dosa,Main,395,True
4344,426,Rava Dosa,Main,285,True
4345,426,Filter Coffee,Main,410,True
4346,426,Curd Rice,Main,370,True
4347,426,Masala Chai,Beverage,445,True
4348,426,Medu Vada,Main,485,True
4349,427,Cold Coffee,Beverage,390,True
4350,427,Chicken Biryani,Main,370,True
4351,427,Boneless Biryani,Main,455,True
4352,427,Mutton Biryani,Main,330,False
4353,427,Masala Chai,Beverage,470,True
4354,427,Chicken 65,Main,505,True
4355,427,Gulab Jamun,Dessert,400,False
4356,427,Hyderabadi Dum Biryani,Main,400,True
4357,427,Chocolate Brownie,Dessert,465,True
4358,427,Veg Biryani,Main,285,False
4359,427,Egg Biryani,Main,260,True
4360,427,Mango Lassi,Beverage,345,True
4361,428,Chilli Paneer,Main,225,False
4362,428,Gulab Jamun,Dessert,125,True
4363,428,Masala Chai,Beverage,235,False
4364,428,Veg Hakka Noodles,Main,130,True
4365,428,Mango Lassi,Beverage,210,False
4366,428,Chilli Chicken,Main,245,False
4367,428,Cold Coffee,Beverage,130,False
4368,428,Fried Rice,Main,240,True
4369,428,Schezwan Noodles,Main,185,True
4370,428,Veg Manchurian,Main,155,False
4371,428,Chicken Momos,Main,125,False
4372,429,Boneless Biryani,Main,115,True
4373,429,Masala Chai,Beverage,125,False
4374,429,Hyderabadi Dum Biryani,Main,105,True
4375,429,Cold Coffee,Beverage,80,True
4376,429,Mango Lassi,Beverage,130,False
4377,429,Veg Biryani,Main,130,False
4378,429,Egg Biryani,Main,100,True
4379,429,Chicken 65,Main,120,True
4380,429,Chicken Biryani,Main,100,True
4381,430,Double Egg Roll,Main,515,True
4382,430,Chicken Roll,Main,360,False
4383,430,Veg Frankie,Main,450,True
4384,430,Chocolate Brownie,Dessert,405,True
4385,430,Masala Chai,Beverage,415,False
4386,430,Cold Coffee,Beverage,410,False
4387,431,Fried Rice,Main,215,True
4388,431,Chilli Chicken,Main,115,True
4389,431,Masala Chai,Beverage,130,True
4390,431,Veg Hakka Noodles,Main,160,True
4391,431,Chocolate Brownie,Dessert,175,False
4392,431,Schezwan Noodles,Main,115,True
4393,432,Cold Coffee,Beverage,140,False
4394,432,Gulab Jamun,Dessert,125,False
4395,432,Samosa,Main,150,True
4396,432,Pav Bhaji,Main,175,True
4397,432,Pani Puri,Main,235,True
4398,432,Vada Pav,Main,175,False
4399,432,Mango Lassi,Beverage,205,False
4400,432,Masala Chai,Beverage,260,True
4401,432,Kachori,Main,160,True
4402,432,Chocolate Brownie,Dessert,140,True
4403,432,Dahi Puri,Main,205,True
4404,433,Cold Coffee,Beverage,115,True
4405,433,Ice Cream Tub,Dessert,130,True
4406,433,Chocolate Brownie,Dessert,140,False
4407,433,Choco Lava Cake,Dessert,80,True
4408,433,Gulab Jamun,Dessert,110,True
4409,433,Gulab Jamun,Dessert,80,True
4410,433,Rasmalai,Dessert,115,True
4411,433,Gajar Halwa,Dessert,145,True
4412,434,Paneer Butter Masala,Main,255,True
4413,434,Mango Lassi,Beverage,210,False
4414,434,Masala Chai,Beverage,255,True
4415,434,Chocolate Brownie,Dessert,145,True
4416,434,Gulab Jamun,Dessert,205,True
4417,434,Cold Coffee,Beverage,120,False
4418,434,Tandoori Roti,Main,240,True
4419,434,Chicken Curry,Main,190,True
4420,435,Mango Lassi,Beverage,395,False
4421,435,Masala Chai,Beverage,390,False
4422,435,Cold Drink,Beverage,250,False
4423,435,Buttermilk,Beverage,510,True
4424,435,Cold Coffee,Beverage,465,True
4425,435,Mango Lassi,Beverage,435,True
4426,435,Fresh Lime Soda,Beverage,510,True
4427,435,Cold Coffee,Beverage,285,True
4428,436,Choco Lava Cake,Dessert,415,True
4429,436,Rasmalai,Dessert,455,False
4430,436,Cold Coffee,Beverage,355,False
4431,436,Chocolate Brownie,Dessert,245,False
4432,436,Masala Chai,Beverage,355,True
4433,436,Ice Cream Tub,Dessert,265,False
4434,436,Chocolate Brownie,Dessert,280,False
4435,436,Gulab Jamun,Dessert,325,True
4436,436,Gajar Halwa,Dessert,425,True
4437,436,Mango Lassi,Beverage,240,True
4438,436,Gulab Jamun,Dessert,390,True
4439,437,Mango Lassi,Beverage,165,True
4440,437,Chicken 65,Main,145,True
4441,437,Veg Biryani,Main,200,False
4442,437,Gulab Jamun,Dessert,145,True
4443,437,Boneless Biryani,Main,180,False
4444,437,Masala Chai,Beverage,220,True
4445,437,Chicken Biryani,Main,255,True
4446,437,Chocolate Brownie,Dessert,255,True
4447,437,Cold Coffee,Beverage,180,True
4448,437,Mutton Biryani,Main,120,False
4449,437,Hyderabadi Dum Biryani,Main,125,True
4450,437,Egg Biryani,Main,155,False
4451,438,Boneless Biryani,Main,120,True
4452,438,Hyderabadi Dum Biryani,Main,235,False
4453,438,Chicken Biryani,Main,250,True
4454,438,Mutton Biryani,Main,255,True
4455,438,Egg Biryani,Main,125,True
4456,438,Mango Lassi,Beverage,225,False
4457,438,Cold Coffee,Beverage,235,False
4458,438,Veg Biryani,Main,190,False
4459,438,Masala Chai,Beverage,160,False
4460,438,Gulab Jamun,Dessert,225,True
4461,438,Chicken 65,Main,115,True
4462,438,Chocolate Brownie,Dessert,245,True
4463,439,Mango Lassi,Beverage,165,True
4464,439,Cold Coffee,Beverage,220,True
4465,439,Fresh Lime Soda,Beverage,205,False
4466,439,Mango Lassi,Beverage,150,False
4467,439,Masala Chai,Beverage,180,False
4468,439,Buttermilk,Beverage,145,True
4469,439,Gulab Jamun,Dessert,220,True
4470,439,Cold Drink,Beverage,240,False
4471,439,Cold Coffee,Beverage,210,True
4472,439,Chocolate Brownie,Dessert,245,False
4473,439,Masala Chai,Beverage,150,True
4474,440,Mutton Biryani,Main,160,False
4475,440,Chicken 65,Main,215,True
4476,440,Veg Biryani,Main,170,True
4477,440,Gulab Jamun,Dessert,145,False
4478,440,Mango Lassi,Beverage,255,True
4479,440,Chicken Biryani,Main,130,True
4480,440,Hyderabadi Dum Biryani,Main,235,False
4481,441,Masala Chai,Beverage,120,True
4482,441,Chicken Curry,Main,135,True
4483,441,Chocolate Brownie,Dessert,95,False
4484,441,Paneer Butter Masala,Main,110,True
4485,441,Mango Lassi,Beverage,80,False
4486,441,Cold Coffee,Beverage,150,False
4487,441,Shahi Paneer,Main,60,False
4488,441,Butter Naan,Main,120,True
4489,441,Gulab Jamun,Dessert,80,True
4490,442,Chilli Paneer,Main,115,True
4491,442,Fried Rice,Main,135,True
4492,442,Spring Roll,Main,115,True
4493,442,Veg Manchurian,Main,100,False
4494,442,Schezwan Noodles,Main,70,True
4495,442,Cold Coffee,Beverage,70,False
4496,442,Mango Lassi,Beverage,145,False
4497,442,Masala Chai,Beverage,100,True
4498,442,Chilli Chicken,Main,135,True
4499,442,Gulab Jamun,Dessert,85,False
4500,442,Chocolate Brownie,Dessert,85,False
4501,442,Chicken Momos,Main,130,False
4502,442,Veg Hakka Noodles,Main,120,True
4503,443,Pongal,Main,150,True
4504,443,Masala Dosa,Main,95,False
4505,443,Chocolate Brownie,Dessert,75,True
4506,443,Masala Chai,Beverage,85,False
4507,443,Gulab Jamun,Dessert,140,False
4508,443,Mango Lassi,Beverage,90,True
4509,443,Medu Vada,Main,110,True
4510,443,Idli Sambar,Main,85,True
4511,443,Filter Coffee,Main,140,False
4512,443,Cold Coffee,Beverage,75,False
4513,443,Uttapam,Main,95,False
4514,443,Rava Dosa,Main,75,False
4515,443,Curd Rice,Main,65,False
4516,444,Margherita Pizza,Main,140,False
4517,444,Garlic Bread,Main,210,False
4518,444,Gulab Jamun,Dessert,160,True
4519,444,Peppy Paneer Pizza,Main,190,False
4520,444,Chicken Supreme Pizza,Main,225,True
4521,444,Mango Lassi,Beverage,225,True
4522,444,Farmhouse Pizza,Main,190,True
4523,444,Cold Coffee,Beverage,130,False
4524,445,Pongal,Main,105,True
4525,445,Masala Dosa,Main,95,True
4526,445,Gulab Jamun,Dessert,60,False
4527,445,Rava Dosa,Main,65,True
4528,445,Masala Chai,Beverage,140,False
4529,445,Medu Vada,Main,135,True
4530,446,Masala Chai,Beverage,65,True
4531,446,Mango Lassi,Beverage,120,True
4532,446,Peppy Paneer Pizza,Main,85,True
4533,446,Chicken Supreme Pizza,Main,115,False
4534,446,Garlic Bread,Main,105,True
4535,446,Chocolate Brownie,Dessert,135,True
4536,446,Margherita Pizza,Main,100,True
4537,446,Cheese Burst Pizza,Main,125,False
4538,446,Farmhouse Pizza,Main,65,False
4539,446,Gulab Jamun,Dessert,100,False
4540,446,Cold Coffee,Beverage,110,True
4541,447,Veg Biryani,Main,320,True
4542,447,Mango Lassi,Beverage,385,True
4543,447,Gulab Jamun,Dessert,260,True
4544,447,Chicken Biryani,Main,370,True
4545,447,Masala Chai,Beverage,490,True
4546,447,Mutton Biryani,Main,340,True
4547,447,Boneless Biryani,Main,415,True
4548,447,Egg Biryani,Main,450,True
4549,447,Hyderabadi Dum Biryani,Main,350,True
4550,447,Chicken 65,Main,400,False
4551,447,Cold Coffee,Beverage,465,True
4552,447,Chocolate Brownie,Dessert,285,False
4553,448,Mango Lassi,Beverage,115,True
4554,448,Masala Chai,Beverage,230,True
4555,448,Fresh Lime Soda,Beverage,245,False
4556,448,Mango Lassi,Beverage,245,False
4557,448,Cold Drink,Beverage,230,True
4558,448,Cold Coffee,Beverage,215,True
4559,448,Cold Coffee,Beverage,140,False
4560,448,Gulab Jamun,Dessert,190,True
4561,448,Chocolate Brownie,Dessert,140,True
4562,448,Masala Chai,Beverage,235,False
4563,448,Buttermilk,Beverage,125,True
4564,449,Cold Coffee,Beverage,80,True
4565,449,Chicken 65,Main,110,False
4566,449,Egg Biryani,Main,125,False
4567,449,Hyderabadi Dum Biryani,Main,125,False
4568,449,Chicken Biryani,Main,60,False
4569,449,Boneless Biryani,Main,95,True
4570,449,Gulab Jamun,Dessert,110,True
4571,449,Chocolate Brownie,Dessert,75,True
4572,449,Mutton Biryani,Main,130,False
4573,449,Masala Chai,Beverage,75,True
4574,449,Mango Lassi,Beverage,115,True
4575,449,Veg Biryani,Main,85,True
4576,450,Cold Coffee,Beverage,135,False
4577,450,Gulab Jamun,Dessert,135,True
4578,450,Seekh Kebab,Main,110,False
4579,450,Chocolate Brownie,Dessert,115,False
4580,450,Mango Lassi,Beverage,140,False
4581,450,Galouti Kebab,Main,120,True
4582,450,Mutton Rogan Josh,Main,90,True
4583,450,Masala Chai,Beverage,115,False
4584,451,Chocolate Brownie,Dessert,255,False
4585,451,Seekh Kebab,Main,360,True
4586,451,Gulab Jamun,Dessert,285,True
4587,451,Cold Coffee,Beverage,300,False
4588,451,Masala Chai,Beverage,400,True
4589,451,Mutton Rogan Josh,Main,475,False
4590,451,Mango Lassi,Beverage,430,True
4591,451,Chicken Korma,Main,435,True
4592,451,Galouti Kebab,Main,315,True
4593,452,Mango Lassi,Beverage,85,False
4594,452,Curd Rice,Main,125,False
4595,452,Masala Chai,Beverage,70,False
4596,452,Idli Sambar,Main,140,True
4597,452,Cold Coffee,Beverage,125,True
4598,452,Uttapam,Main,80,False
4599,452,Pongal,Main,65,True
4600,452,Masala Dosa,Main,120,False
4601,452,Rava Dosa,Main,65,True
4602,453,Cold Coffee,Beverage,240,True
4603,453,Gulab Jamun,Dessert,210,False
4604,453,Margherita Pizza,Main,185,True
4605,453,Chicken Supreme Pizza,Main,135,False
4606,453,Chocolate Brownie,Dessert,180,True
4607,453,Garlic Bread,Main,215,False
4608,454,Filter Coffee,Main,160,True
4609,454,Medu Vada,Main,145,False
4610,454,Cold Coffee,Beverage,155,False
4611,454,Masala Dosa,Main,220,False
4612,454,Rava Dosa,Main,245,False
4613,454,Gulab Jamun,Dessert,130,True
4614,454,Masala Chai,Beverage,230,False
4615,454,Pongal,Main,120,False
4616,454,Mango Lassi,Beverage,240,False
4617,454,Curd Rice,Main,140,True
4618,454,Idli Sambar,Main,175,True
4619,454,Chocolate Brownie,Dessert,145,True
4620,454,Uttapam,Main,240,True
4621,455,Chocolate Brownie,Dessert,120,True
4622,455,Gulab Jamun,Dessert,140,True
4623,455,Cold Coffee,Beverage,95,True
4624,455,Mango Lassi,Beverage,135,False
4625,455,Mango Lassi,Beverage,135,True
4626,455,Cold Drink,Beverage,80,False
4627,455,Masala Chai,Beverage,145,True
4628,455,Cold Coffee,Beverage,80,True
4629,455,Fresh Lime Soda,Beverage,120,True
4630,456,Chicken Supreme Pizza,Main,230,True
4631,456,Garlic Bread,Main,210,True
4632,456,Peppy Paneer Pizza,Main,240,True
4633,456,Cold Coffee,Beverage,130,True
4634,456,Gulab Jamun,Dessert,135,True
4635,456,Mango Lassi,Beverage,160,False
4636,456,Margherita Pizza,Main,130,True
4637,456,Cheese Burst Pizza,Main,240,True
4638,457,Spring Roll,Main,145,True
4639,457,Cold Coffee,Beverage,145,False
4640,457,Fried Rice,Main,135,True
4641,457,Gulab Jamun,Dessert,145,False
4642,457,Chilli Chicken,Main,130,False
4643,457,Masala Chai,Beverage,130,True
4644,458,Uttapam,Main,205,False
4645,458,Masala Dosa,Main,220,True
4646,458,Curd Rice,Main,185,False
4647,458,Pongal,Main,185,True
4648,458,Masala Chai,Beverage,245,False
4649,458,Cold Coffee,Beverage,120,True
4650,458,Medu Vada,Main,205,False
4651,458,Mango Lassi,Beverage,150,True
4652,458,Chocolate Brownie,Dessert,200,True
4653,458,Rava Dosa,Main,150,False
4654,458,Gulab Jamun,Dessert,160,True
4655,458,Idli Sambar,Main,120,True
4656,458,Filter Coffee,Main,130,True
4657,459,Boneless Biryani,Main,125,True
4658,459,Masala Chai,Beverage,85,True
4659,459,Gulab Jamun,Dessert,70,True
4660,459,Mutton Biryani,Main,70,False
4661,459,Chocolate Brownie,Dessert,125,True
4662,459,Mango Lassi,Beverage,130,False
4663,459,Chicken Biryani,Main,125,True
4664,459,Egg Biryani,Main,105,True
4665,459,Chicken 65,Main,95,True
4666,459,Veg Biryani,Main,80,False
4667,459,Hyderabadi Dum Biryani,Main,145,True
4668,459,Cold Coffee,Beverage,90,True
4669,460,Masala Chai,Beverage,100,True
4670,460,Ice Cream Tub,Dessert,115,False
4671,460,Gulab Jamun,Dessert,70,True
4672,460,Mango Lassi,Beverage,130,True
4673,460,Chocolate Brownie,Dessert,90,True
4674,460,Rasmalai,Dessert,105,True
4675,460,Gulab Jamun,Dessert,130,True
4676,460,Chocolate Brownie,Dessert,135,False
4677,460,Choco Lava Cake,Dessert,75,False
4678,460,Cold Coffee,Beverage,120,False
4679,460,Gajar Halwa,Dessert,125,True
4680,461,Chocolate Brownie,Dessert,70,True
4681,461,Choco Lava Cake,Dessert,105,True
4682,461,Cold Coffee,Beverage,70,True
4683,461,Gulab Jamun,Dessert,80,True
4684,461,Rasmalai,Dessert,105,True
4685,461,Gajar Halwa,Dessert,60,False
4686,461,Gulab Jamun,Dessert,130,True
4687,461,Masala Chai,Beverage,110,False
4688,461,Ice Cream Tub,Dessert,130,True
4689,461,Mango Lassi,Beverage,135,True
4690,461,Chocolate Brownie,Dessert,105,False
4691,462,Mango Lassi,Beverage,325,True
4692,462,Chicken Curry,Main,315,False
4693,462,Cold Coffee,Beverage,455,True
4694,462,Chole Bhature,Main,445,True
4695,462,Masala Chai,Beverage,265,True
4696,462,Dal Makhani,Main,400,True
4697,462,Chocolate Brownie,Dessert,350,False
4698,462,Butter Naan,Main,490,False
4699,462,Tandoori Roti,Main,400,False
4700,462,Paneer Butter Masala,Main,390,True
4701,462,Shahi Paneer,Main,445,True
4702,462,Rajma Chawal,Main,490,True
4703,462,Gulab Jamun,Dessert,300,True
4704,463,Chilli Paneer,Main,120,True
4705,463,Schezwan Noodles,Main,95,False
4706,463,Chocolate Brownie,Dessert,70,False
4707,463,Cold Coffee,Beverage,90,True
4708,463,Veg Manchurian,Main,120,True
4709,463,Chicken Momos,Main,115,False
4710,463,Mango Lassi,Beverage,70,True
4711,463,Spring Roll,Main,60,True
4712,463,Masala Chai,Beverage,125,False
4713,463,Veg Hakka Noodles,Main,95,True
4714,463,Fried Rice,Main,65,True
4715,463,Gulab Jamun,Dessert,105,False
4716,463,Chilli Chicken,Main,80,False
4717,464,Cold Coffee,Beverage,135,True
4718,464,Mango Lassi,Beverage,145,True
4719,464,Boneless Biryani,Main,120,False
4720,464,Gulab Jamun,Dessert,140,True
4721,464,Chocolate Brownie,Dessert,80,True
4722,464,Veg Biryani,Main,100,True
4723,464,Masala Chai,Beverage,120,True
4724,464,Chicken 65,Main,145,False
4725,464,Egg Biryani,Main,125,False
4726,464,Mutton Biryani,Main,65,True
4727,464,Chicken Biryani,Main,100,False
4728,464,Hyderabadi Dum Biryani,Main,70,True
4729,465,Cold Coffee,Beverage,75,True
4730,465,Chicken Burger,Main,65,False
4731,465,Veg Burger,Main,60,True
4732,465,Masala Chai,Beverage,120,True
4733,465,Veg Wrap,Main,90,True
4734,465,Cheese Sandwich,Main,70,True
4735,465,Nuggets,Main,70,True
4736,465,Chocolate Brownie,Dessert,70,True
4737,465,Gulab Jamun,Dessert,125,False
4738,465,Mango Lassi,Beverage,95,False
4739,466,Chocolate Brownie,Dessert,170,False
4740,466,Gulab Jamun,Dessert,125,False
4741,466,Butter Naan,Main,230,False
4742,466,Mango Lassi,Beverage,145,False
4743,466,Tandoori Roti,Main,125,False
4744,466,Cold Coffee,Beverage,180,False
4745,466,Shahi Paneer,Main,240,True
4746,466,Dal Makhani,Main,185,True
4747,466,Chole Bhature,Main,200,False
4748,467,Veg Hakka Noodles,Main,110,True
4749,467,Cold Coffee,Beverage,175,False
4750,467,Spring Roll,Main,200,True
4751,467,Chilli Paneer,Main,200,True
4752,467,Chicken Momos,Main,230,True
4753,467,Masala Chai,Beverage,220,False
4754,468,Club Sandwich,Main,480,False
4755,468,Croissant,Main,335,True
4756,468,Mango Lassi,Beverage,510,False
4757,468,Chocolate Shake,Main,240,False
4758,468,Cappuccino,Main,340,True
4759,468,Masala Chai,Beverage,475,False
4760,468,Gulab Jamun,Dessert,255,True
4761,468,Pasta Alfredo,Main,320,False
4762,468,Veg Sandwich,Main,485,False
4763,468,Chocolate Brownie,Dessert,250,True
4764,468,Cold Coffee,Beverage,395,True
4765,469,Hyderabadi Dum Biryani,Main,200,True
4766,469,Gulab Jamun,Dessert,185,False
4767,469,Mango Lassi,Beverage,260,False
4768,469,Chicken Biryani,Main,230,False
4769,469,Boneless Biryani,Main,225,True
4770,469,Masala Chai,Beverage,175,True
4771,469,Egg Biryani,Main,190,True
4772,469,Chocolate Brownie,Dessert,255,False
4773,469,Cold Coffee,Beverage,235,False
4774,469,Chicken 65,Main,230,False
4775,469,Veg Biryani,Main,150,False
4776,469,Mutton Biryani,Main,150,False
4777,470,Double Egg Roll,Main,165,False
4778,470,Veg Frankie,Main,150,False
4779,470,Egg Roll,Main,140,True
4780,470,Paneer Roll,Main,135,False
4781,470,Gulab Jamun,Dessert,195,True
4782,470,Mango Lassi,Beverage,130,False
4783,470,Cold Coffee,Beverage,120,False
4784,470,Chicken Roll,Main,200,False
4785,470,Chocolate Brownie,Dessert,210,False
4786,470,Masala Chai,Beverage,115,True
4787,471,Mango Lassi,Beverage,150,True
4788,471,Masala Chai,Beverage,225,True
4789,471,Cold Coffee,Beverage,160,True
4790,471,Egg Biryani,Main,205,False
4791,471,Chicken 65,Main,260,True
4792,471,Boneless Biryani,Main,130,True
4793,471,Gulab Jamun,Dessert,185,True
4794,471,Hyderabadi Dum Biryani,Main,245,True
4795,471,Veg Biryani,Main,180,False
4796,471,Mutton Biryani,Main,230,False
4797,472,Masala Chai,Beverage,65,False
4798,472,Mango Lassi,Beverage,65,True
4799,472,Mutton Biryani,Main,85,False
4800,472,Chocolate Brownie,Dessert,110,False
4801,472,Chicken 65,Main,110,False
4802,472,Veg Biryani,Main,110,True
4803,472,Boneless Biryani,Main,120,True
4804,472,Hyderabadi Dum Biryani,Main,145,False
4805,472,Chicken Biryani,Main,65,False
4806,473,Farmhouse Pizza,Main,335,False
4807,473,Chicken Supreme Pizza,Main,300,True
4808,473,Gulab Jamun,Dessert,330,False
4809,473,Chocolate Brownie,Dessert,305,True
4810,473,Margherita Pizza,Main,390,False
4811,473,Mango Lassi,Beverage,280,False
4812,473,Cold Coffee,Beverage,345,True
4813,473,Peppy Paneer Pizza,Main,260,False
4814,473,Garlic Bread,Main,435,True
4815,474,Uttapam,Main,305,True
4816,474,Idli Sambar,Main,355,True
4817,474,Mango Lassi,Beverage,265,True
4818,474,Chocolate Brownie,Dessert,520,False
4819,474,Gulab Jamun,Dessert,255,False
4820,474,Pongal,Main,340,False
4821,474,Medu Vada,Main,505,True
4822,475,Chocolate Brownie,Dessert,70,True
4823,475,Rava Dosa,Main,110,False
4824,475,Medu Vada,Main,115,True
4825,475,Filter Coffee,Main,135,True
4826,475,Idli Sambar,Main,95,True
4827,475,Pongal,Main,65,True
4828,475,Uttapam,Main,150,True
4829,475,Curd Rice,Main,65,True
4830,475,Masala Dosa,Main,75,False
4831,476,Fruit Bowl,Main,185,True
4832,476,Sprout Salad,Main,245,True
4833,476,Mango Lassi,Beverage,130,True
4834,476,Masala Chai,Beverage,260,True
4835,476,Cold Coffee,Beverage,140,True
4836,476,Gulab Jamun,Dessert,165,False
4837,476,Quinoa Salad,Main,190,True
4838,476,Chocolate Brownie,Dessert,165,True
4839,476,Grilled Chicken Bowl,Main,190,True
4840,477,Veg Sandwich,Main,60,True
4841,477,Cappuccino,Main,130,False
4842,477,Chocolate Shake,Main,100,False
4843,477,Mango Lassi,Beverage,75,False
4844,477,Croissant,Main,115,False
4845,477,Masala Chai,Beverage,110,False
4846,477,Gulab Jamun,Dessert,65,True
4847,477,Club Sandwich,Main,140,True
4848,478,Cold Coffee,Beverage,240,False
4849,478,Egg Roll,Main,245,False
4850,478,Mango Lassi,Beverage,225,False
4851,478,Chocolate Brownie,Dessert,175,False
4852,478,Veg Frankie,Main,215,True
4853,478,Masala Chai,Beverage,185,True
4854,478,Chicken Roll,Main,230,False
4855,478,Gulab Jamun,Dessert,110,True
4856,478,Double Egg Roll,Main,260,True
4857,478,Paneer Roll,Main,220,True
4858,479,Butter Naan,Main,240,True
4859,479,Chocolate Brownie,Dessert,210,True
4860,479,Rajma Chawal,Main,245,True
4861,479,Shahi Paneer,Main,225,True
4862,479,Cold Coffee,Beverage,250,False
4863,479,Dal Makhani,Main,135,True
4864,479,Masala Chai,Beverage,150,False
4865,479,Paneer Butter Masala,Main,225,True
4866,479,Tandoori Roti,Main,155,False
4867,479,Chicken Curry,Main,240,True
4868,479,Gulab Jamun,Dessert,220,True
4869,479,Chole Bhature,Main,160,False
4870,479,Mango Lassi,Beverage,220,True
4871,480,Chole Bhature,Main,330,True
4872,480,Butter Naan,Main,405,True
4873,480,Mango Lassi,Beverage,495,True
4874,480,Tandoori Roti,Main,250,False
4875,480,Paneer Butter Masala,Main,490,True
4876,480,Gulab Jamun,Dessert,450,False
4877,480,Masala Chai,Beverage,310,False
4878,480,Chocolate Brownie,Dessert,445,True
4879,480,Cold Coffee,Beverage,505,False
4880,480,Chicken Curry,Main,375,True
4881,480,Shahi Paneer,Main,495,True
4882,480,Dal Makhani,Main,280,False
4883,480,Rajma Chawal,Main,430,True
4884,481,Masala Dosa,Main,235,False
4885,481,Gulab Jamun,Dessert,145,False
4886,481,Rava Dosa,Main,150,False
4887,481,Chocolate Brownie,Dessert,165,False
4888,481,Idli Sambar,Main,250,True
4889,481,Mango Lassi,Beverage,240,False
4890,481,Uttapam,Main,195,True
4891,481,Curd Rice,Main,160,True
4892,481,Medu Vada,Main,125,False
4893,481,Filter Coffee,Main,145,True
4894,481,Cold Coffee,Beverage,245,False
4895,481,Pongal,Main,135,False
4896,481,Masala Chai,Beverage,140,False
4897,482,Dahi Puri,Main,200,False
4898,482,Vada Pav,Main,190,False
4899,482,Pani Puri,Main,245,False
4900,482,Kachori,Main,235,True
4901,482,Mango Lassi,Beverage,180,False
4902,482,Chocolate Brownie,Dessert,140,True
4903,482,Pav Bhaji,Main,130,True
4904,482,Cold Coffee,Beverage,235,True
4905,482,Samosa,Main,200,True
4906,482,Masala Chai,Beverage,200,True
4907,482,Gulab Jamun,Dessert,135,True
4908,483,Cold Coffee,Beverage,225,True
4909,483,Gulab Jamun,Dessert,205,False
4910,483,Mango Lassi,Beverage,125,True
4911,483,Masala Chai,Beverage,155,False
4912,483,Cold Coffee,Beverage,160,False
4913,483,Cold Drink,Beverage,135,True
4914,483,Masala Chai,Beverage,125,True
4915,483,Chocolate Brownie,Dessert,235,True
4916,483,Mango Lassi,Beverage,115,False
4917,483,Fresh Lime Soda,Beverage,165,True
4918,483,Buttermilk,Beverage,125,False
4919,484,Masala Chai,Beverage,105,False
4920,484,Nuggets,Main,145,False
4921,484,Mango Lassi,Beverage,90,True
4922,484,Chicken Burger,Main,125,True
4923,484,Gulab Jamun,Dessert,130,True
4924,484,Chocolate Brownie,Dessert,130,True
4925,484,Veg Wrap,Main,140,False
4926,484,Cheese Sandwich,Main,75,True
4927,484,French Fries,Main,105,False
4928,484,Peri Peri Fries,Main,110,True
4929,484,Cold Coffee,Beverage,90,False
4930,484,Veg Burger,Main,65,False
4931,485,Mango Lassi,Beverage,215,True
4932,485,Vada Pav,Main,215,True
4933,485,Chocolate Brownie,Dessert,120,True
4934,485,Pani Puri,Main,130,False
4935,485,Gulab Jamun,Dessert,235,False
4936,485,Samosa,Main,110,True
4937,485,Pav Bhaji,Main,170,True
4938,485,Masala Chai,Beverage,195,True
4939,485,Dahi Puri,Main,115,True
4940,485,Kachori,Main,150,False
4941,485,Cold Coffee,Beverage,225,False
4942,486,Butter Naan,Main,240,False
4943,486,Masala Chai,Beverage,240,False
4944,486,Dal Makhani,Main,115,False
4945,486,Chocolate Brownie,Dessert,120,True
4946,486,Cold Coffee,Beverage,205,True
4947,486,Shahi Paneer,Main,225,False
4948,486,Rajma Chawal,Main,110,False
4949,486,Mango Lassi,Beverage,240,False
4950,486,Chole Bhature,Main,135,True
4951,486,Paneer Butter Masala,Main,130,False
4952,486,Gulab Jamun,Dessert,205,True
4953,486,Chicken Curry,Main,155,False
4954,486,Tandoori Roti,Main,230,True
4955,487,Gulab Jamun,Dessert,435,False
4956,487,Chicken Burger,Main,415,False
4957,487,Mango Lassi,Beverage,310,True
4958,487,Veg Wrap,Main,285,True
4959,487,French Fries,Main,345,False
4960,487,Nuggets,Main,475,True
4961,487,Cheese Sandwich,Main,350,False
4962,487,Veg Burger,Main,460,False
4963,487,Cold Coffee,Beverage,355,True
4964,487,Masala Chai,Beverage,445,True
4965,487,Peri Peri Fries,Main,390,True
4966,487,Chocolate Brownie,Dessert,415,True
4967,488,Mango Lassi,Beverage,510,True
4968,488,Masala Dosa,Main,295,True
4969,488,Gulab Jamun,Dessert,395,True
4970,488,Cold Coffee,Beverage,270,True
4971,488,Curd Rice,Main,360,True
4972,488,Filter Coffee,Main,515,True
4973,488,Medu Vada,Main,490,True
4974,488,Pongal,Main,290,True
4975,488,Uttapam,Main,505,True
4976,488,Chocolate Brownie,Dessert,300,True
4977,488,Masala Chai,Beverage,425,True
4978,488,Rava Dosa,Main,245,True
4979,488,Idli Sambar,Main,490,False
4980,489,Veg Hakka Noodles,Main,135,True
4981,489,Chilli Paneer,Main,70,True
4982,489,Fried Rice,Main,65,False
4983,489,Mango Lassi,Beverage,65,False
4984,489,Chicken Momos,Main,120,True
4985,489,Gulab Jamun,Dessert,135,False
4986,489,Cold Coffee,Beverage,110,True
4987,489,Chocolate Brownie,Dessert,95,True
4988,489,Chilli Chicken,Main,125,True
4989,489,Masala Chai,Beverage,140,True
4990,489,Veg Manchurian,Main,150,True
4991,489,Schezwan Noodles,Main,135,True
4992,489,Spring Roll,Main,130,False
4993,490,Dahi Puri,Main,150,True
4994,490,Chocolate Brownie,Dessert,90,True
4995,490,Pav Bhaji,Main,70,True
4996,490,Pani Puri,Main,60,False
4997,490,Samosa,Main,70,False
4998,490,Gulab Jamun,Dessert,115,True
4999,490,Masala Chai,Beverage,135,False
5000,490,Vada Pav,Main,130,False
5001,490,Cold Coffee,Beverage,135,False
5002,490,Kachori,Main,125,True
5003,490,Mango Lassi,Beverage,120,True
5004,491,Club Sandwich,Main,115,True
5005,491,Chocolate Shake,Main,115,True
5006,491,Gulab Jamun,Dessert,90,True
5007,491,Cold Coffee,Beverage,110,True
5008,491,Mango Lassi,Beverage,125,False
5009,491,Cappuccino,Main,120,False
5010,491,Chocolate Brownie,Dessert,130,True
5011,491,Croissant,Main,70,False
5012,491,Veg Sandwich,Main,125,False
5013,491,Pasta Alfredo,Main,60,True
5014,491,Masala Chai,Beverage,135,False
5015,492,Chicken Curry,Main,110,False
5016,492,Cold Coffee,Beverage,110,False
5017,492,Gulab Jamun,Dessert,65,True
5018,492,Tandoori Roti,Main,100,False
5019,492,Dal Makhani,Main,115,False
5020,492,Paneer Butter Masala,Main,90,False
5021,492,Rajma Chawal,Main,135,False
5022,492,Mango Lassi,Beverage,85,True
5023,492,Butter Naan,Main,115,True
5024,492,Chole Bhature,Main,130,True
5025,492,Chocolate Brownie,Dessert,115,True
5026,492,Masala Chai,Beverage,105,True
5027,492,Shahi Paneer,Main,140,True
5028,493,Masala Chai,Beverage,235,True
5029,493,Mango Lassi,Beverage,145,False
5030,493,Rava Dosa,Main,135,False
5031,493,Masala Dosa,Main,135,False
5032,493,Cold Coffee,Beverage,230,True
5033,493,Pongal,Main,260,True
5034,493,Filter Coffee,Main,240,False
5035,493,Chocolate Brownie,Dessert,135,True
5036,493,Gulab Jamun,Dessert,110,True
5037,493,Idli Sambar,Main,195,True
5038,493,Curd Rice,Main,235,False
5039,494,Veg Wrap,Main,355,True
5040,494,Veg Burger,Main,330,True
5041,494,Cheese Sandwich,Main,245,True
5042,494,Chocolate Brownie,Dessert,370,False
5043,494,Cold Coffee,Beverage,290,True
5044,494,Peri Peri Fries,Main,250,True
5045,494,Chicken Burger,Main,340,True
5046,494,French Fries,Main,450,False
5047,494,Gulab Jamun,Dessert,495,False
5048,494,Nuggets,Main,270,True
5049,494,Masala Chai,Beverage,380,True
5050,494,Mango Lassi,Beverage,405,True
5051,495,Chicken Curry,Main,115,True
5052,495,Rajma Chawal,Main,125,True
5053,495,Cold Coffee,Beverage,230,True
5054,495,Dal Makhani,Main,245,True
5055,495,Gulab Jamun,Dessert,210,True
5056,495,Chole Bhature,Main,235,True
5057,495,Mango Lassi,Beverage,175,False
5058,495,Tandoori Roti,Main,125,False
5059,495,Chocolate Brownie,Dessert,220,True
5060,495,Paneer Butter Masala,Main,120,False
5061,495,Masala Chai,Beverage,245,True
5062,495,Shahi Paneer,Main,235,False
5063,496,Veg Wrap,Main,245,True
5064,496,Mango Lassi,Beverage,140,False
5065,496,Veg Burger,Main,115,True
5066,496,Chocolate Brownie,Dessert,145,False
5067,496,Cold Coffee,Beverage,160,False
5068,496,Cheese Sandwich,Main,255,False
5069,496,Nuggets,Main,230,False
5070,496,French Fries,Main,255,True
5071,497,Mango Lassi,Beverage,255,True
5072,497,Chicken Burger,Main,140,False
5073,497,Veg Wrap,Main,185,False
5074,497,Chocolate Brownie,Dessert,235,True
5075,497,Cold Coffee,Beverage,240,True
5076,497,Gulab Jamun,Dessert,255,True
5077,497,Cheese Sandwich,Main,240,True
5078,498,Masala Chai,Beverage,95,False
5079,498,Cold Coffee,Beverage,100,False
5080,498,Veg Manchurian,Main,90,True
5081,498,Fried Rice,Main,95,True
5082,498,Chicken Momos,Main,140,True
5083,498,Mango Lassi,Beverage,120,True
5084,498,Gulab Jamun,Dessert,65,False
5085,498,Chilli Chicken,Main,130,False
5086,498,Chocolate Brownie,Dessert,95,False
5087,498,Spring Roll,Main,120,False
5088,498,Veg Hakka Noodles,Main,65,True
5089,498,Chilli Paneer,Main,80,False
5090,498,Schezwan Noodles,Main,130,False
5091,499,Mango Lassi,Beverage,120,False
5092,499,Fried Rice,Main,175,True
5093,499,Gulab Jamun,Dessert,195,False
5094,499,Schezwan Noodles,Main,120,False
5095,499,Veg Manchurian,Main,245,True
5096,499,Spring Roll,Main,110,True
5097,499,Chilli Chicken,Main,250,True
5098,500,Uttapam,Main,170,True
5099,500,Medu Vada,Main,215,False
5100,500,Filter Coffee,Main,150,True
5101,500,Idli Sambar,Main,215,False
5102,500,Gulab Jamun,Dessert,180,True
5103,500,Masala Dosa,Main,125,False
5104,500,Mango Lassi,Beverage,235,False
5105,500,Cold Coffee,Beverage,195,True
5106,500,Pongal,Main,175,True
5107,500,Chocolate Brownie,Dessert,180,True
5108,500,Curd Rice,Main,130,False
5109,500,Masala Chai,Beverage,195,False
5110,500,Rava Dosa,Main,210,False
5111,501,Masala Chai,Beverage,145,True
5112,501,Mango Lassi,Beverage,100,False
5113,501,Pani Puri,Main,70,True
5114,501,Cold Coffee,Beverage,80,True
5115,501,Gulab Jamun,Dessert,115,True
5116,501,Vada Pav,Main,110,True
5117,501,Pav Bhaji,Main,105,False
5118,502,Mango Lassi,Beverage,350,False
5119,502,Chilli Paneer,Main,335,False
5120,502,Chocolate Brownie,Dessert,455,False
5121,502,Chilli Chicken,Main,420,True
5122,502,Spring Roll,Main,440,False
5123,502,Veg Hakka Noodles,Main,355,True
5124,502,Gulab Jamun,Dessert,285,False
5125,503,Cheese Sandwich,Main,200,False
5126,503,Mango Lassi,Beverage,205,False
5127,503,Veg Burger,Main,220,True
5128,503,Gulab Jamun,Dessert,130,False
5129,503,French Fries,Main,215,True
5130,503,Veg Wrap,Main,145,False
5131,503,Nuggets,Main,125,False
5132,504,Gulab Jamun,Dessert,95,False
5133,504,Chilli Paneer,Main,140,True
5134,504,Veg Hakka Noodles,Main,140,False
5135,504,Schezwan Noodles,Main,115,False
5136,504,Spring Roll,Main,105,True
5137,504,Veg Manchurian,Main,145,False
5138,505,Gulab Jamun,Dessert,215,True
5139,505,Paneer Roll,Main,230,True
5140,505,Egg Roll,Main,250,False
5141,505,Chocolate Brownie,Dessert,220,True
5142,505,Veg Frankie,Main,175,False
5143,505,Chicken Roll,Main,220,False
5144,505,Cold Coffee,Beverage,110,True
5145,505,Mango Lassi,Beverage,120,True
5146,506,Cold Coffee,Beverage,235,True
5147,506,Paneer Butter Masala,Main,125,True
5148,506,Tandoori Roti,Main,135,True
5149,506,Chocolate Brownie,Dessert,115,False
5150,506,Gulab Jamun,Dessert,235,False
5151,506,Chicken Curry,Main,165,False
5152,506,Chole Bhature,Main,195,False
5153,506,Masala Chai,Beverage,125,False
5154,506,Butter Naan,Main,160,True
5155,506,Dal Makhani,Main,170,True
5156,506,Shahi Paneer,Main,260,False
5157,506,Mango Lassi,Beverage,245,False
5158,506,Rajma Chawal,Main,195,False
5159,507,Dal Makhani,Main,80,True
5160,507,Mango Lassi,Beverage,140,False
5161,507,Cold Coffee,Beverage,100,True
5162,507,Paneer Butter Masala,Main,75,True
5163,507,Butter Naan,Main,140,True
5164,507,Chocolate Brownie,Dessert,65,False
5165,507,Chole Bhature,Main,140,False
5166,507,Shahi Paneer,Main,80,True
5167,507,Masala Chai,Beverage,145,False
5168,507,Tandoori Roti,Main,135,True
5169,507,Chicken Curry,Main,130,False
5170,507,Rajma Chawal,Main,90,True
5171,507,Gulab Jamun,Dessert,65,False
5172,508,Veg Frankie,Main,255,False
5173,508,Masala Chai,Beverage,190,False
5174,508,Egg Roll,Main,170,False
5175,508,Gulab Jamun,Dessert,110,True
5176,508,Paneer Roll,Main,245,False
5177,508,Double Egg Roll,Main,115,True
5178,508,Chicken Roll,Main,165,False
5179,508,Chocolate Brownie,Dessert,125,False
5180,508,Mango Lassi,Beverage,215,True
5181,509,Paneer Roll,Main,140,False
5182,509,Veg Frankie,Main,200,False
5183,509,Egg Roll,Main,175,True
5184,509,Cold Coffee,Beverage,200,True
5185,509,Chocolate Brownie,Dessert,135,True
5186,509,Double Egg Roll,Main,145,True
5187,509,Chicken Roll,Main,185,False
5188,509,Masala Chai,Beverage,245,True
5189,509,Mango Lassi,Beverage,175,False
5190,509,Gulab Jamun,Dessert,260,False
5191,510,Mango Lassi,Beverage,150,True
5192,510,Chocolate Brownie,Dessert,110,True
5193,510,Masala Dosa,Main,180,True
5194,510,Pongal,Main,260,False
5195,510,Idli Sambar,Main,135,False
5196,510,Curd Rice,Main,160,False
5197,510,Rava Dosa,Main,180,True
5198,510,Filter Coffee,Main,180,False
5199,510,Medu Vada,Main,220,False
5200,510,Gulab Jamun,Dessert,235,False
5201,510,Masala Chai,Beverage,245,True
5202,510,Uttapam,Main,130,False
5203,510,Cold Coffee,Beverage,260,True
5204,511,Veg Manchurian,Main,380,True
5205,511,Chocolate Brownie,Dessert,465,False
5206,511,Spring Roll,Main,435,True
5207,511,Cold Coffee,Beverage,420,True
5208,511,Chilli Paneer,Main,455,True
5209,511,Fried Rice,Main,450,False
5210,511,Chicken Momos,Main,480,False
5211,511,Mango Lassi,Beverage,260,True
5212,511,Chilli Chicken,Main,310,True
5213,511,Masala Chai,Beverage,440,False
5214,511,Gulab Jamun,Dessert,520,False
5215,511,Veg Hakka Noodles,Main,310,False
5216,511,Schezwan Noodles,Main,490,False
5217,512,Kachori,Main,160,False
5218,512,Pani Puri,Main,160,True
5219,512,Dahi Puri,Main,180,True
5220,512,Cold Coffee,Beverage,255,True
5221,512,Vada Pav,Main,130,False
5222,512,Gulab Jamun,Dessert,220,True
5223,512,Pav Bhaji,Main,260,True
5224,512,Samosa,Main,140,False
5225,513,Masala Chai,Beverage,130,True
5226,513,Chole Bhature,Main,190,False
5227,513,Dal Makhani,Main,225,True
5228,513,Butter Naan,Main,260,True
5229,513,Gulab Jamun,Dessert,260,True
5230,513,Tandoori Roti,Main,135,False
5231,513,Chicken Curry,Main,180,False
5232,513,Mango Lassi,Beverage,220,True
5233,513,Rajma Chawal,Main,130,True
5234,513,Cold Coffee,Beverage,195,True
5235,513,Paneer Butter Masala,Main,140,True
5236,513,Chocolate Brownie,Dessert,185,True
5237,513,Shahi Paneer,Main,175,True
5238,514,Masala Chai,Beverage,100,True
5239,514,Mango Lassi,Beverage,70,True
5240,514,Gulab Jamun,Dessert,105,True
5241,514,Medu Vada,Main,145,False
5242,514,Uttapam,Main,140,False
5243,514,Chocolate Brownie,Dessert,60,False
5244,514,Filter Coffee,Main,145,True
5245,515,Mango Lassi,Beverage,140,True
5246,515,Gulab Jamun,Dessert,80,False
5247,515,Hyderabadi Dum Biryani,Main,135,True
5248,515,Chicken Biryani,Main,110,True
5249,515,Chocolate Brownie,Dessert,105,False
5250,515,Veg Biryani,Main,70,True
5251,515,Mutton Biryani,Main,85,True
5252,515,Egg Biryani,Main,105,True
5253,515,Masala Chai,Beverage,100,True
5254,515,Boneless Biryani,Main,105,True
5255,516,Masala Chai,Beverage,245,False
5256,516,Chilli Chicken,Main,195,True
5257,516,Veg Hakka Noodles,Main,180,True
5258,516,Veg Manchurian,Main,120,True
5259,516,Mango Lassi,Beverage,140,True
5260,516,Chicken Momos,Main,115,False
5261,516,Schezwan Noodles,Main,140,False
5262,516,Fried Rice,Main,190,True
5263,517,Mango Lassi,Beverage,130,False
5264,517,Chocolate Brownie,Dessert,95,True
5265,517,Gulab Jamun,Dessert,90,False
5266,517,Cheese Burst Pizza,Main,135,True
5267,517,Peppy Paneer Pizza,Main,110,False
5268,517,Farmhouse Pizza,Main,80,False
5269,517,Chicken Supreme Pizza,Main,130,True
5270,517,Masala Chai,Beverage,85,True
5271,518,Mango Lassi,Beverage,125,False
5272,518,Margherita Pizza,Main,135,False
5273,518,Chocolate Brownie,Dessert,160,False
5274,518,Farmhouse Pizza,Main,180,True
5275,518,Peppy Paneer Pizza,Main,220,False
5276,518,Cheese Burst Pizza,Main,210,False
5277,518,Gulab Jamun,Dessert,200,False
5278,518,Chicken Supreme Pizza,Main,155,True
5279,518,Garlic Bread,Main,220,True
5280,518,Cold Coffee,Beverage,245,False
5281,518,Masala Chai,Beverage,240,True
5282,519,Chicken Burger,Main,135,False
5283,519,Cold Coffee,Beverage,115,True
5284,519,Mango Lassi,Beverage,100,True
5285,519,Gulab Jamun,Dessert,60,True
5286,519,Peri Peri Fries,Main,80,True
5287,519,Masala Chai,Beverage,110,True
5288,519,Veg Wrap,Main,75,False
5289,519,Chocolate Brownie,Dessert,135,False
5290,519,Cheese Sandwich,Main,75,False
5291,519,Nuggets,Main,125,True
5292,519,Veg Burger,Main,70,True
5293,519,French Fries,Main,100,True
5294,520,Veg Burger,Main,70,True
5295,520,Cold Coffee,Beverage,135,True
5296,520,Mango Lassi,Beverage,70,False
5297,520,Chocolate Brownie,Dessert,150,True
5298,520,Masala Chai,Beverage,110,True
5299,520,Nuggets,Main,105,False
5300,520,Veg Wrap,Main,85,True
5301,520,Cheese Sandwich,Main,140,True
5302,520,Peri Peri Fries,Main,150,True
5303,521,Chocolate Brownie,Dessert,165,True
5304,521,Veg Biryani,Main,220,False
5305,521,Boneless Biryani,Main,155,True
5306,521,Egg Biryani,Main,235,True
5307,521,Gulab Jamun,Dessert,195,True
5308,521,Chicken 65,Main,135,True
5309,521,Chicken Biryani,Main,170,False
5310,521,Mutton Biryani,Main,225,True
5311,521,Cold Coffee,Beverage,160,False
5312,521,Masala Chai,Beverage,125,False
5313,521,Hyderabadi Dum Biryani,Main,205,False
5314,521,Mango Lassi,Beverage,220,False
5315,522,Masala Chai,Beverage,70,True
5316,522,Mango Lassi,Beverage,120,True
5317,522,Gajar Halwa,Dessert,140,True
5318,522,Cold Coffee,Beverage,105,False
5319,522,Gulab Jamun,Dessert,90,True
5320,522,Chocolate Brownie,Dessert,145,True
5321,522,Gulab Jamun,Dessert,140,False
5322,522,Chocolate Brownie,Dessert,85,False
5323,522,Choco Lava Cake,Dessert,120,False
5324,522,Ice Cream Tub,Dessert,115,False
5325,522,Rasmalai,Dessert,90,False
5326,523,Mango Lassi,Beverage,130,True
5327,523,Paneer Butter Masala,Main,255,True
5328,523,Butter Naan,Main,210,True
5329,523,Tandoori Roti,Main,240,False
5330,523,Chocolate Brownie,Dessert,255,True
5331,523,Cold Coffee,Beverage,190,True
5332,523,Gulab Jamun,Dessert,130,True
5333,523,Shahi Paneer,Main,230,True
5334,523,Masala Chai,Beverage,215,False
5335,523,Chicken Curry,Main,180,False
5336,523,Dal Makhani,Main,200,False
5337,523,Rajma Chawal,Main,225,False
5338,523,Chole Bhature,Main,165,False
5339,524,Gulab Jamun,Dessert,240,False
5340,524,Cold Coffee,Beverage,255,False
5341,524,Veg Manchurian,Main,120,True
5342,524,Schezwan Noodles,Main,120,False
5343,524,Chilli Chicken,Main,255,True
5344,524,Chocolate Brownie,Dessert,190,True
5345,524,Chilli Paneer,Main,135,False
5346,524,Masala Chai,Beverage,170,True
5347,525,Cheese Burst Pizza,Main,115,False
5348,525,Farmhouse Pizza,Main,115,False
5349,525,Peppy Paneer Pizza,Main,70,False
5350,525,Cold Coffee,Beverage,110,True
5351,525,Mango Lassi,Beverage,105,True
5352,525,Chocolate Brownie,Dessert,100,True
5353,525,Margherita Pizza,Main,135,True
5354,525,Gulab Jamun,Dessert,100,False
5355,525,Masala Chai,Beverage,140,False
5356,525,Garlic Bread,Main,65,False
5357,525,Chicken Supreme Pizza,Main,75,True
5358,526,Masala Chai,Beverage,115,True
5359,526,Chilli Chicken,Main,115,True
5360,526,Mango Lassi,Beverage,80,False
5361,526,Fried Rice,Main,100,False
5362,526,Schezwan Noodles,Main,90,True
5363,526,Chocolate Brownie,Dessert,140,True
5364,526,Veg Hakka Noodles,Main,90,False
5365,526,Chilli Paneer,Main,115,False
5366,526,Chicken Momos,Main,150,True
5367,526,Cold Coffee,Beverage,80,False
5368,526,Veg Manchurian,Main,75,True
5369,526,Spring Roll,Main,95,False
5370,526,Gulab Jamun,Dessert,145,True
5371,527,Mango Lassi,Beverage,75,True
5372,527,Chicken Curry,Main,140,False
5373,527,Paneer Butter Masala,Main,100,True
5374,527,Butter Naan,Main,110,True
5375,527,Rajma Chawal,Main,85,True
5376,527,Chocolate Brownie,Dessert,90,True
5377,527,Gulab Jamun,Dessert,120,True
5378,527,Dal Makhani,Main,90,False
5379,527,Chole Bhature,Main,130,True
5380,527,Cold Coffee,Beverage,80,False
5381,527,Tandoori Roti,Main,120,True
5382,527,Shahi Paneer,Main,115,True
5383,527,Masala Chai,Beverage,90,False
5384,528,Fried Rice,Main,95,True
5385,528,Masala Chai,Beverage,125,True
5386,528,Cold Coffee,Beverage,85,True
5387,528,Veg Manchurian,Main,145,True
5388,528,Spring Roll,Main,95,False
5389,528,Veg Hakka Noodles,Main,135,False
5390,528,Gulab Jamun,Dessert,110,False
5391,528,Chilli Paneer,Main,145,False
5392,528,Chocolate Brownie,Dessert,120,False
5393,528,Chilli Chicken,Main,130,False
5394,528,Mango Lassi,Beverage,125,True
5395,528,Schezwan Noodles,Main,130,True
5396,528,Chicken Momos,Main,80,True
5397,529,Double Egg Roll,Main,155,True
5398,529,Veg Frankie,Main,205,False
5399,529,Egg Roll,Main,220,False
5400,529,Chocolate Brownie,Dessert,255,True
5401,529,Chicken Roll,Main,120,False
5402,529,Cold Coffee,Beverage,130,True
5403,529,Gulab Jamun,Dessert,220,True
5404,529,Masala Chai,Beverage,165,True
5405,529,Paneer Roll,Main,145,True
5406,529,Mango Lassi,Beverage,170,True
5407,530,Dal Makhani,Main,195,False
5408,530,Paneer Butter Masala,Main,250,True
5409,530,Gulab Jamun,Dessert,140,True
5410,530,Chocolate Brownie,Dessert,215,False
5411,530,Rajma Chawal,Main,160,True
5412,530,Shahi Paneer,Main,255,True
5413,530,Chole Bhature,Main,240,False
5414,530,Mango Lassi,Beverage,230,True
5415,530,Chicken Curry,Main,210,True
5416,530,Tandoori Roti,Main,130,True
5417,531,Cold Coffee,Beverage,190,True
5418,531,Masala Chai,Beverage,140,False
5419,531,Chicken Roll,Main,180,True
5420,531,Chocolate Brownie,Dessert,155,True
5421,531,Egg Roll,Main,250,True
5422,531,Veg Frankie,Main,185,False
5423,531,Double Egg Roll,Main,135,True
5424,531,Gulab Jamun,Dessert,210,False
5425,531,Mango Lassi,Beverage,210,True
5426,531,Paneer Roll,Main,160,True
5427,532,Chocolate Brownie,Dessert,180,True
5428,532,Choco Lava Cake,Dessert,200,True
5429,532,Gulab Jamun,Dessert,220,True
5430,532,Gajar Halwa,Dessert,180,False
5431,532,Ice Cream Tub,Dessert,200,True
5432,532,Masala Chai,Beverage,225,True
5433,532,Chocolate Brownie,Dessert,180,True
5434,532,Rasmalai,Dessert,130,True
5435,532,Mango Lassi,Beverage,220,True
5436,532,Cold Coffee,Beverage,250,True
5437,532,Gulab Jamun,Dessert,145,False
5438,533,Garlic Bread,Main,505,True
5439,533,Gulab Jamun,Dessert,485,False
5440,533,Chocolate Brownie,Dessert,450,True
5441,533,Mango Lassi,Beverage,310,False
5442,533,Farmhouse Pizza,Main,475,True
5443,533,Peppy Paneer Pizza,Main,255,True
5444,533,Cheese Burst Pizza,Main,255,True
5445,533,Masala Chai,Beverage,380,False
5446,533,Margherita Pizza,Main,425,False
5447,533,Cold Coffee,Beverage,450,False
5448,533,Chicken Supreme Pizza,Main,365,False
5449,534,Gulab Jamun,Dessert,130,False
5450,534,Mango Lassi,Beverage,110,True
5451,534,Chocolate Brownie,Dessert,95,True
5452,534,Masala Dosa,Main,60,False
5453,534,Filter Coffee,Main,135,True
5454,534,Pongal,Main,120,True
5455,534,Medu Vada,Main,60,True
5456,534,Idli Sambar,Main,110,False
5457,534,Curd Rice,Main,95,True
5458,534,Masala Chai,Beverage,65,False
5459,534,Cold Coffee,Beverage,95,False
5460,534,Rava Dosa,Main,80,False
5461,534,Uttapam,Main,90,True
5462,535,Chocolate Brownie,Dessert,340,True
5463,535,Masala Chai,Beverage,465,True
5464,535,Mango Lassi,Beverage,450,False
5465,535,Gulab Jamun,Dessert,405,True
5466,535,Choco Lava Cake,Dessert,500,True
5467,535,Gulab Jamun,Dessert,255,True
5468,535,Ice Cream Tub,Dessert,490,True
5469,535,Rasmalai,Dessert,365,False
5470,535,Gajar Halwa,Dessert,400,False
5471,535,Chocolate Brownie,Dessert,340,False
5472,535,Cold Coffee,Beverage,245,True
5473,536,Chocolate Brownie,Dessert,255,False
5474,536,Medu Vada,Main,170,False
5475,536,Mango Lassi,Beverage,140,False
5476,536,Masala Dosa,Main,150,True
5477,536,Pongal,Main,120,False
5478,536,Filter Coffee,Main,165,True
5479,536,Masala Chai,Beverage,250,True
5480,536,Cold Coffee,Beverage,255,True
5481,536,Gulab Jamun,Dessert,225,True
5482,536,Idli Sambar,Main,230,False
5483,536,Rava Dosa,Main,165,False
5484,537,Cold Coffee,Beverage,120,True
5485,537,Masala Chai,Beverage,210,False
5486,537,Gulab Jamun,Dessert,240,True
5487,537,Chicken Korma,Main,225,False
5488,537,Galouti Kebab,Main,250,False
5489,537,Mutton Rogan Josh,Main,190,False
5490,537,Mango Lassi,Beverage,155,False
5491,537,Chocolate Brownie,Dessert,225,False
5492,537,Seekh Kebab,Main,145,False
5493,538,Masala Chai,Beverage,115,True
5494,538,Chocolate Brownie,Dessert,130,True
5495,538,Egg Roll,Main,90,True
5496,538,Double Egg Roll,Main,125,True
5497,538,Chicken Roll,Main,125,True
5498,538,Veg Frankie,Main,95,True
5499,538,Paneer Roll,Main,115,True
5500,539,Paneer Butter Masala,Main,85,True
5501,539,Rajma Chawal,Main,130,False
5502,539,Dal Makhani,Main,140,False
5503,539,Chocolate Brownie,Dessert,65,False
5504,539,Masala Chai,Beverage,135,True
5505,539,Chicken Curry,Main,70,False
5506,539,Tandoori Roti,Main,130,True
5507,539,Shahi Paneer,Main,125,True
5508,539,Butter Naan,Main,100,False
5509,539,Chole Bhature,Main,80,True
5510,539,Gulab Jamun,Dessert,115,True
5511,540,Gajar Halwa,Dessert,445,True
5512,540,Cold Coffee,Beverage,400,True
5513,540,Chocolate Brownie,Dessert,415,True
5514,540,Ice Cream Tub,Dessert,365,True
5515,540,Gulab Jamun,Dessert,515,True
5516,540,Chocolate Brownie,Dessert,355,True
5517,540,Choco Lava Cake,Dessert,390,False
5518,540,Masala Chai,Beverage,285,True
5519,540,Gulab Jamun,Dessert,260,True
5520,540,Mango Lassi,Beverage,410,False
5521,540,Rasmalai,Dessert,475,True
5522,541,Cold Coffee,Beverage,65,False
5523,541,Chocolate Brownie,Dessert,95,True
5524,541,Chicken Biryani,Main,70,True
5525,541,Chicken 65,Main,100,True
5526,541,Masala Chai,Beverage,105,True
5527,541,Boneless Biryani,Main,150,False
5528,541,Veg Biryani,Main,60,True
5529,541,Mutton Biryani,Main,60,True
5530,541,Hyderabadi Dum Biryani,Main,90,False
5531,541,Gulab Jamun,Dessert,105,False
5532,541,Egg Biryani,Main,115,True
5533,542,Veg Biryani,Main,345,False
5534,542,Hyderabadi Dum Biryani,Main,515,False
5535,542,Mutton Biryani,Main,395,False
5536,542,Boneless Biryani,Main,400,True
5537,542,Chocolate Brownie,Dessert,290,True
5538,542,Mango Lassi,Beverage,365,False
5539,542,Chicken Biryani,Main,410,False
5540,542,Egg Biryani,Main,310,True
5541,543,Mutton Biryani,Main,155,True
5542,543,Chicken Biryani,Main,190,True
5543,543,Gulab Jamun,Dessert,235,False
5544,543,Chicken 65,Main,155,True
5545,543,Chocolate Brownie,Dessert,195,False
5546,543,Hyderabadi Dum Biryani,Main,175,False
5547,543,Veg Biryani,Main,135,True
5548,543,Boneless Biryani,Main,125,False
5549,543,Masala Chai,Beverage,170,False
5550,544,Chicken Burger,Main,180,True
5551,544,Chocolate Brownie,Dessert,215,False
5552,544,Peri Peri Fries,Main,175,True
5553,544,French Fries,Main,125,True
5554,544,Mango Lassi,Beverage,220,False
5555,544,Gulab Jamun,Dessert,155,True
5556,545,Veg Frankie,Main,150,True
5557,545,Masala Chai,Beverage,115,False
5558,545,Egg Roll,Main,190,False
5559,545,Cold Coffee,Beverage,215,False
5560,545,Chocolate Brownie,Dessert,170,False
5561,545,Chicken Roll,Main,175,False
5562,545,Gulab Jamun,Dessert,195,False
5563,545,Double Egg Roll,Main,165,False
5564,545,Paneer Roll,Main,200,False
5565,545,Mango Lassi,Beverage,120,True
5566,546,Chocolate Brownie,Dessert,75,False
5567,546,Cold Coffee,Beverage,125,False
5568,546,Veg Sandwich,Main,100,False
5569,546,Croissant,Main,110,True
5570,546,Masala Chai,Beverage,60,True
5571,546,Gulab Jamun,Dessert,135,True
5572,546,Mango Lassi,Beverage,125,False
5573,546,Cappuccino,Main,90,True
5574,546,Club Sandwich,Main,100,True
5575,546,Chocolate Shake,Main,70,False
5576,546,Pasta Alfredo,Main,145,True
5577,547,Mango Lassi,Beverage,205,False
5578,547,Chilli Paneer,Main,160,True
5579,547,Chilli Chicken,Main,225,True
5580,547,Cold Coffee,Beverage,135,True
5581,547,Spring Roll,Main,230,False
5582,547,Chicken Momos,Main,225,False
5583,547,Fried Rice,Main,230,True
5584,548,Masala Chai,Beverage,485,False
5585,548,Cold Coffee,Beverage,315,False
5586,548,Peppy Paneer Pizza,Main,470,False
5587,548,Chocolate Brownie,Dessert,245,False
5588,548,Farmhouse Pizza,Main,300,True
5589,548,Gulab Jamun,Dessert,435,True
5590,548,Chicken Supreme Pizza,Main,310,True
5591,548,Garlic Bread,Main,325,False
5592,548,Margherita Pizza,Main,270,True
5593,548,Mango Lassi,Beverage,405,False
5594,548,Cheese Burst Pizza,Main,380,True
5595,549,Garlic Bread,Main,95,True
5596,549,Chocolate Brownie,Dessert,90,True
5597,549,Cold Coffee,Beverage,75,True
5598,549,Peppy Paneer Pizza,Main,65,True
5599,549,Gulab Jamun,Dessert,145,False
5600,549,Margherita Pizza,Main,65,False
5601,549,Farmhouse Pizza,Main,80,True
5602,549,Cheese Burst Pizza,Main,85,False
5603,549,Chicken Supreme Pizza,Main,65,False
5604,549,Masala Chai,Beverage,125,True
5605,549,Mango Lassi,Beverage,140,True
5606,550,Garlic Bread,Main,320,True
5607,550,Margherita Pizza,Main,410,True
5608,550,Cold Coffee,Beverage,515,True
5609,550,Mango Lassi,Beverage,475,True
5610,550,Cheese Burst Pizza,Main,435,True
5611,550,Chicken Supreme Pizza,Main,390,False
5612,550,Masala Chai,Beverage,445,True
5613,550,Farmhouse Pizza,Main,445,True
5614,550,Chocolate Brownie,Dessert,260,False
5615,550,Gulab Jamun,Dessert,500,True
5616,550,Peppy Paneer Pizza,Main,435,False
5617,551,Chocolate Brownie,Dessert,440,False
5618,551,Hyderabadi Dum Biryani,Main,300,False
5619,551,Chicken Biryani,Main,335,True
5620,551,Masala Chai,Beverage,275,False
5621,551,Mango Lassi,Beverage,415,False
5622,551,Mutton Biryani,Main,395,False
5623,551,Veg Biryani,Main,395,False
5624,551,Egg Biryani,Main,255,False
5625,551,Boneless Biryani,Main,405,True
5626,551,Chicken 65,Main,270,True
5627,551,Gulab Jamun,Dessert,255,False
5628,551,Cold Coffee,Beverage,395,False
5629,552,Masala Chai,Beverage,90,False
5630,552,Veg Biryani,Main,75,True
5631,552,Cold Coffee,Beverage,65,True
5632,552,Chicken 65,Main,95,True
5633,552,Chocolate Brownie,Dessert,60,True
5634,552,Egg Biryani,Main,145,False
5635,552,Chicken Biryani,Main,125,False
5636,552,Gulab Jamun,Dessert,120,True
5637,552,Boneless Biryani,Main,145,True
5638,552,Mutton Biryani,Main,100,False
5639,552,Hyderabadi Dum Biryani,Main,80,True
5640,552,Mango Lassi,Beverage,135,True
5641,553,Chocolate Brownie,Dessert,190,False
5642,553,Gajar Halwa,Dessert,200,True
5643,553,Chocolate Brownie,Dessert,180,True
5644,553,Masala Chai,Beverage,190,True
5645,553,Gulab Jamun,Dessert,115,True
5646,553,Cold Coffee,Beverage,210,True
5647,553,Ice Cream Tub,Dessert,120,True
5648,553,Choco Lava Cake,Dessert,185,True
5649,553,Mango Lassi,Beverage,110,True
5650,553,Gulab Jamun,Dessert,225,True
5651,553,Rasmalai,Dessert,250,True
5652,554,Chilli Paneer,Main,90,True
5653,554,Fried Rice,Main,125,True
5654,554,Veg Manchurian,Main,145,False
5655,554,Mango Lassi,Beverage,135,False
5656,554,Chicken Momos,Main,135,True
5657,554,Chilli Chicken,Main,75,True
5658,554,Spring Roll,Main,90,False
5659,554,Chocolate Brownie,Dessert,105,False
5660,554,Gulab Jamun,Dessert,95,False
5661,554,Veg Hakka Noodles,Main,65,True
5662,554,Schezwan Noodles,Main,140,True
5663,554,Masala Chai,Beverage,125,True
5664,554,Cold Coffee,Beverage,135,False
5665,555,Gulab Jamun,Dessert,210,True
5666,555,Filter Coffee,Main,255,True
5667,555,Chocolate Brownie,Dessert,110,False
5668,555,Masala Dosa,Main,130,True
5669,555,Curd Rice,Main,115,False
5670,555,Rava Dosa,Main,115,True
5671,555,Masala Chai,Beverage,185,False
5672,555,Pongal,Main,245,False
5673,555,Mango Lassi,Beverage,170,True
5674,555,Uttapam,Main,235,True
5675,555,Cold Coffee,Beverage,125,False
5676,555,Medu Vada,Main,115,True
5677,556,Chocolate Brownie,Dessert,475,False
5678,556,Veg Burger,Main,465,False
5679,556,Gulab Jamun,Dessert,515,True
5680,556,Mango Lassi,Beverage,345,False
5681,556,French Fries,Main,395,False
5682,556,Cold Coffee,Beverage,340,True
5683,556,Nuggets,Main,515,True
5684,556,Peri Peri Fries,Main,395,True
5685,556,Masala Chai,Beverage,510,True
5686,556,Cheese Sandwich,Main,495,True
5687,556,Chicken Burger,Main,505,True
5688,557,Masala Chai,Beverage,340,True
5689,557,Gulab Jamun,Dessert,430,False
5690,557,Pongal,Main,465,True
5691,557,Idli Sambar,Main,485,False
5692,557,Rava Dosa,Main,515,True
5693,557,Curd Rice,Main,375,False
5694,557,Medu Vada,Main,455,True
5695,557,Masala Dosa,Main,485,False
5696,557,Cold Coffee,Beverage,460,True
5697,557,Filter Coffee,Main,415,False
5698,557,Mango Lassi,Beverage,350,False
5699,557,Chocolate Brownie,Dessert,315,True
5700,557,Uttapam,Main,480,True
5701,558,Chicken Curry,Main,375,False
5702,558,Shahi Paneer,Main,300,False
5703,558,Gulab Jamun,Dessert,315,True
5704,558,Rajma Chawal,Main,395,True
5705,558,Chocolate Brownie,Dessert,450,False
5706,558,Chole Bhature,Main,305,False
5707,558,Dal Makhani,Main,335,False
5708,558,Paneer Butter Masala,Main,315,True
5709,558,Tandoori Roti,Main,480,False
5710,558,Mango Lassi,Beverage,340,True
5711,558,Cold Coffee,Beverage,435,True
5712,558,Masala Chai,Beverage,480,True
5713,558,Butter Naan,Main,280,True
5714,559,Butter Naan,Main,110,True
5715,559,Chole Bhature,Main,110,False
5716,559,Chocolate Brownie,Dessert,70,False
5717,559,Tandoori Roti,Main,140,True
5718,559,Masala Chai,Beverage,65,False
5719,559,Gulab Jamun,Dessert,90,True
5720,559,Rajma Chawal,Main,90,True
5721,559,Cold Coffee,Beverage,125,False
5722,559,Paneer Butter Masala,Main,90,True
5723,559,Chicken Curry,Main,110,True
5724,559,Mango Lassi,Beverage,115,False
5725,559,Shahi Paneer,Main,140,True
5726,559,Dal Makhani,Main,70,False
5727,560,Chicken Supreme Pizza,Main,180,True
5728,560,Masala Chai,Beverage,215,True
5729,560,Garlic Bread,Main,235,False
5730,560,Chocolate Brownie,Dessert,200,True
5731,560,Mango Lassi,Beverage,135,False
5732,560,Cold Coffee,Beverage,125,False
5733,561,Masala Chai,Beverage,70,True
5734,561,Pani Puri,Main,150,True
5735,561,Samosa,Main,75,True
5736,561,Vada Pav,Main,130,True
5737,561,Kachori,Main,130,True
5738,561,Mango Lassi,Beverage,130,False
5739,561,Dahi Puri,Main,100,False
5740,562,Mango Lassi,Beverage,225,False
5741,562,Boneless Biryani,Main,135,False
5742,562,Mutton Biryani,Main,235,True
5743,562,Masala Chai,Beverage,175,True
5744,562,Egg Biryani,Main,130,False
5745,562,Chicken 65,Main,155,False
5746,563,Chocolate Brownie,Dessert,110,False
5747,563,Rajma Chawal,Main,70,True
5748,563,Masala Chai,Beverage,95,True
5749,563,Paneer Butter Masala,Main,70,True
5750,563,Chole Bhature,Main,65,True
5751,563,Tandoori Roti,Main,65,False
5752,563,Mango Lassi,Beverage,145,True
5753,564,Masala Chai,Beverage,85,True
5754,564,Mango Lassi,Beverage,70,True
5755,564,Masala Chai,Beverage,65,False
5756,564,Buttermilk,Beverage,135,True
5757,564,Cold Drink,Beverage,85,True
5758,564,Cold Coffee,Beverage,95,False
5759,564,Chocolate Brownie,Dessert,65,False
5760,564,Fresh Lime Soda,Beverage,110,False
5761,564,Mango Lassi,Beverage,90,True
5762,564,Cold Coffee,Beverage,70,False
5763,565,Curd Rice,Main,90,True
5764,565,Mango Lassi,Beverage,145,True
5765,565,Masala Chai,Beverage,135,True
5766,565,Filter Coffee,Main,135,False
5767,565,Gulab Jamun,Dessert,120,False
5768,565,Cold Coffee,Beverage,105,False
5769,565,Uttapam,Main,140,True
5770,565,Pongal,Main,65,False
5771,565,Medu Vada,Main,140,True
5772,565,Idli Sambar,Main,130,False
5773,565,Rava Dosa,Main,100,True
5774,565,Masala Dosa,Main,105,True
5775,565,Chocolate Brownie,Dessert,60,False
5776,566,Grilled Chicken Bowl,Main,65,False
5777,566,Sprout Salad,Main,145,True
5778,566,Cold Coffee,Beverage,135,False
5779,566,Mango Lassi,Beverage,60,False
5780,566,Gulab Jamun,Dessert,75,False
5781,566,Quinoa Salad,Main,60,False
5782,566,Chocolate Brownie,Dessert,135,True
5783,566,Masala Chai,Beverage,130,True
5784,566,Fruit Bowl,Main,65,False
5785,567,Peri Peri Fries,Main,110,False
5786,567,French Fries,Main,95,True
5787,567,Nuggets,Main,135,True
5788,567,Chicken Burger,Main,85,False
5789,567,Masala Chai,Beverage,75,False
5790,567,Chocolate Brownie,Dessert,105,True
5791,567,Cold Coffee,Beverage,95,True
5792,567,Veg Wrap,Main,125,True
5793,567,Cheese Sandwich,Main,135,True
5794,567,Veg Burger,Main,85,False
5795,567,Mango Lassi,Beverage,90,True
5796,567,Gulab Jamun,Dessert,110,True
5797,568,Curd Rice,Main,130,True
5798,568,Mango Lassi,Beverage,135,True
5799,568,Uttapam,Main,130,True
5800,568,Medu Vada,Main,115,True
5801,568,Chocolate Brownie,Dessert,100,True
5802,568,Idli Sambar,Main,125,True
5803,568,Rava Dosa,Main,145,False
5804,568,Masala Dosa,Main,140,False
5805,568,Cold Coffee,Beverage,100,False
5806,568,Gulab Jamun,Dessert,100,True
5807,568,Filter Coffee,Main,65,True
5808,568,Pongal,Main,75,True
5809,568,Masala Chai,Beverage,150,True
5810,569,Mango Lassi,Beverage,510,False
5811,569,Egg Biryani,Main,260,False
5812,569,Veg Biryani,Main,320,False
5813,569,Masala Chai,Beverage,245,True
5814,569,Chicken Biryani,Main,320,False
5815,569,Chicken 65,Main,465,False
5816,569,Cold Coffee,Beverage,255,True
5817,569,Boneless Biryani,Main,380,True
5818,569,Mutton Biryani,Main,355,True
5819,569,Hyderabadi Dum Biryani,Main,395,False
5820,569,Gulab Jamun,Dessert,300,False
5821,569,Chocolate Brownie,Dessert,470,False
5822,570,Chocolate Brownie,Dessert,465,True
5823,570,Veg Manchurian,Main,485,True
5824,570,Chicken Momos,Main,470,False
5825,570,Spring Roll,Main,445,False
5826,570,Cold Coffee,Beverage,410,True
5827,570,Schezwan Noodles,Main,405,False
5828,570,Mango Lassi,Beverage,340,True
5829,570,Veg Hakka Noodles,Main,375,False
5830,570,Gulab Jamun,Dessert,415,False
5831,571,Chocolate Brownie,Dessert,105,True
5832,571,Gulab Jamun,Dessert,125,True
5833,571,Rasmalai,Dessert,100,True
5834,571,Ice Cream Tub,Dessert,65,False
5835,571,Choco Lava Cake,Dessert,80,True
5836,571,Gulab Jamun,Dessert,65,True
5837,571,Mango Lassi,Beverage,85,True
5838,571,Masala Chai,Beverage,125,True
5839,571,Chocolate Brownie,Dessert,80,True
5840,571,Gajar Halwa,Dessert,140,True
5841,571,Cold Coffee,Beverage,125,False
5842,572,Cold Coffee,Beverage,255,False
5843,572,Masala Chai,Beverage,390,False
5844,572,Paneer Butter Masala,Main,465,True
5845,572,Rajma Chawal,Main,425,True
5846,572,Mango Lassi,Beverage,350,True
5847,572,Chocolate Brownie,Dessert,270,False
5848,572,Butter Naan,Main,510,True
5849,572,Chicken Curry,Main,275,True
5850,572,Tandoori Roti,Main,255,False
5851,572,Shahi Paneer,Main,365,False
5852,573,Cappuccino,Main,125,False
5853,573,Gulab Jamun,Dessert,230,False
5854,573,Croissant,Main,115,False
5855,573,Chocolate Brownie,Dessert,235,False
5856,573,Chocolate Shake,Main,120,True
5857,573,Masala Chai,Beverage,160,False
5858,574,Mango Lassi,Beverage,425,False
5859,574,Rasmalai,Dessert,330,True
5860,574,Gulab Jamun,Dessert,380,False
5861,574,Masala Chai,Beverage,435,True
5862,574,Chocolate Brownie,Dessert,315,True
5863,574,Gajar Halwa,Dessert,280,True
5864,574,Cold Coffee,Beverage,470,False
5865,574,Choco Lava Cake,Dessert,315,False
5866,574,Chocolate Brownie,Dessert,400,False
5867,574,Ice Cream Tub,Dessert,485,True
5868,574,Gulab Jamun,Dessert,425,True
5869,575,Pasta Alfredo,Main,110,True
5870,575,Veg Sandwich,Main,135,True
5871,575,Cappuccino,Main,135,True
5872,575,Cold Coffee,Beverage,65,False
5873,575,Chocolate Brownie,Dessert,105,False
5874,575,Club Sandwich,Main,100,True
5875,575,Chocolate Shake,Main,95,True
5876,575,Mango Lassi,Beverage,130,True
5877,575,Croissant,Main,105,True
5878,576,Chocolate Shake,Main,200,True
5879,576,Croissant,Main,115,False
5880,576,Masala Chai,Beverage,240,True
5881,576,Cappuccino,Main,115,True
5882,576,Pasta Alfredo,Main,160,False
5883,576,Club Sandwich,Main,230,True
5884,576,Veg Sandwich,Main,175,True
5885,577,Idli Sambar,Main,260,True
5886,577,Chocolate Brownie,Dessert,195,True
5887,577,Masala Dosa,Main,210,False
5888,577,Rava Dosa,Main,205,True
5889,577,Gulab Jamun,Dessert,250,True
5890,577,Masala Chai,Beverage,235,True
5891,577,Medu Vada,Main,190,False
5892,577,Filter Coffee,Main,215,True
5893,577,Pongal,Main,215,True
5894,577,Uttapam,Main,165,True
5895,577,Curd Rice,Main,150,True
5896,577,Mango Lassi,Beverage,205,False
5897,577,Cold Coffee,Beverage,155,True
5898,578,Mango Lassi,Beverage,110,False
5899,578,Veg Wrap,Main,115,True
5900,578,Peri Peri Fries,Main,145,True
5901,578,Veg Burger,Main,75,True
5902,578,Chicken Burger,Main,100,True
5903,578,French Fries,Main,115,True
5904,578,Chocolate Brownie,Dessert,140,True
5905,578,Cold Coffee,Beverage,85,False
5906,578,Gulab Jamun,Dessert,115,False
5907,578,Cheese Sandwich,Main,95,True
5908,578,Masala Chai,Beverage,150,True
5909,578,Nuggets,Main,120,True
5910,579,Mango Lassi,Beverage,120,False
5911,579,Mango Lassi,Beverage,215,False
5912,579,Cold Coffee,Beverage,250,False
5913,579,Gulab Jamun,Dessert,205,False
5914,579,Cold Coffee,Beverage,185,True
5915,579,Cold Drink,Beverage,150,False
5916,579,Buttermilk,Beverage,145,False
5917,579,Chocolate Brownie,Dessert,170,False
5918,579,Masala Chai,Beverage,115,True
5919,579,Fresh Lime Soda,Beverage,170,False
5920,579,Masala Chai,Beverage,120,True
5921,580,Chilli Paneer,Main,200,True
5922,580,Gulab Jamun,Dessert,220,False
5923,580,Mango Lassi,Beverage,165,False
5924,580,Spring Roll,Main,130,True
5925,580,Veg Manchurian,Main,190,True
5926,580,Masala Chai,Beverage,235,True
5927,580,Veg Hakka Noodles,Main,165,True
5928,580,Fried Rice,Main,210,True
5929,580,Schezwan Noodles,Main,235,True
5930,580,Cold Coffee,Beverage,150,True
5931,580,Chilli Chicken,Main,250,True
5932,580,Chicken Momos,Main,165,True
5933,580,Chocolate Brownie,Dessert,185,True
5934,581,Chocolate Brownie,Dessert,200,False
5935,581,Rajma Chawal,Main,235,True
5936,581,Masala Chai,Beverage,115,False
5937,581,Butter Naan,Main,210,True
5938,581,Chole Bhature,Main,220,True
5939,581,Shahi Paneer,Main,255,False
5940,581,Tandoori Roti,Main,240,True
5941,581,Chicken Curry,Main,230,True
5942,581,Paneer Butter Masala,Main,130,True
5943,581,Dal Makhani,Main,245,False
5944,581,Cold Coffee,Beverage,180,True
5945,581,Gulab Jamun,Dessert,200,True
5946,581,Mango Lassi,Beverage,190,False
5947,582,Spring Roll,Main,135,False
5948,582,Mango Lassi,Beverage,125,True
5949,582,Chicken Momos,Main,130,True
5950,582,Schezwan Noodles,Main,145,True
5951,582,Veg Hakka Noodles,Main,120,True
5952,582,Chilli Paneer,Main,115,True
5953,582,Chocolate Brownie,Dessert,70,True
5954,582,Gulab Jamun,Dessert,70,True
5955,582,Fried Rice,Main,140,True
5956,582,Masala Chai,Beverage,115,True
5957,582,Cold Coffee,Beverage,125,False
5958,582,Chilli Chicken,Main,100,False
5959,583,Idli Sambar,Main,225,True
5960,583,Chocolate Brownie,Dessert,130,False
5961,583,Cold Coffee,Beverage,210,False
5962,583,Filter Coffee,Main,220,True
5963,583,Rava Dosa,Main,155,False
5964,583,Pongal,Main,170,True
5965,583,Masala Chai,Beverage,205,True
5966,583,Mango Lassi,Beverage,205,True
5967,583,Medu Vada,Main,210,False
5968,583,Curd Rice,Main,150,False
5969,583,Uttapam,Main,225,False
5970,583,Masala Dosa,Main,230,True
5971,583,Gulab Jamun,Dessert,185,True
5972,584,Mango Lassi,Beverage,440,True
5973,584,Masala Chai,Beverage,385,True
5974,584,Club Sandwich,Main,445,False
5975,584,Cold Coffee,Beverage,500,True
5976,584,Veg Sandwich,Main,495,True
5977,584,Chocolate Brownie,Dessert,295,False
5978,584,Gulab Jamun,Dessert,270,True
5979,584,Pasta Alfredo,Main,280,False
5980,585,Chicken 65,Main,75,False
5981,585,Hyderabadi Dum Biryani,Main,140,False
5982,585,Veg Biryani,Main,120,False
5983,585,Mutton Biryani,Main,90,True
5984,585,Gulab Jamun,Dessert,105,True
5985,585,Chicken Biryani,Main,120,False
5986,585,Cold Coffee,Beverage,60,False
5987,585,Egg Biryani,Main,145,True
5988,585,Masala Chai,Beverage,105,True
5989,585,Chocolate Brownie,Dessert,145,True
5990,585,Mango Lassi,Beverage,125,False
5991,585,Boneless Biryani,Main,120,False
5992,586,Gulab Jamun,Dessert,95,False
5993,586,Mango Lassi,Beverage,95,True
5994,586,Cheese Burst Pizza,Main,105,False
5995,586,Masala Chai,Beverage,140,True
5996,586,Garlic Bread,Main,120,True
5997,586,Farmhouse Pizza,Main,90,True
5998,586,Margherita Pizza,Main,140,False
5999,586,Peppy Paneer Pizza,Main,110,True
6000,587,Cold Coffee,Beverage,80,True
6001,587,Gulab Jamun,Dessert,135,True
6002,587,Kachori,Main,130,False
6003,587,Samosa,Main,85,False
6004,587,Mango Lassi,Beverage,135,True
6005,587,Dahi Puri,Main,70,False
6006,588,Chocolate Brownie,Dessert,115,False
6007,588,Spring Roll,Main,115,False
6008,588,Masala Chai,Beverage,70,True
6009,588,Veg Manchurian,Main,90,False
6010,588,Chilli Chicken,Main,65,True
6011,588,Chicken Momos,Main,150,False
6012,588,Chilli Paneer,Main,95,True
6013,588,Cold Coffee,Beverage,130,False
6014,588,Fried Rice,Main,125,True
6015,588,Schezwan Noodles,Main,110,True
6016,589,Chocolate Brownie,Dessert,145,False
6017,589,Choco Lava Cake,Dessert,95,False
6018,589,Gajar Halwa,Dessert,105,False
6019,589,Gulab Jamun,Dessert,90,True
6020,589,Mango Lassi,Beverage,70,False
6021,589,Chocolate Brownie,Dessert,140,True
6022,589,Gulab Jamun,Dessert,110,True
6023,589,Ice Cream Tub,Dessert,75,True
6024,589,Cold Coffee,Beverage,135,True
6025,589,Rasmalai,Dessert,105,False
6026,589,Masala Chai,Beverage,60,True
6027,590,Butter Naan,Main,70,True
6028,590,Mango Lassi,Beverage,75,False
6029,590,Chole Bhature,Main,85,True
6030,590,Chocolate Brownie,Dessert,95,True
6031,590,Chicken Curry,Main,130,True
6032,590,Gulab Jamun,Dessert,110,True
6033,590,Tandoori Roti,Main,140,True
6034,590,Shahi Paneer,Main,95,True
6035,590,Rajma Chawal,Main,145,False
6036,590,Dal Makhani,Main,65,True
6037,590,Paneer Butter Masala,Main,105,True
6038,590,Cold Coffee,Beverage,115,True
6039,590,Masala Chai,Beverage,90,False
6040,591,Shahi Paneer,Main,165,False
6041,591,Chocolate Brownie,Dessert,245,False
6042,591,Rajma Chawal,Main,200,True
6043,591,Chicken Curry,Main,220,False
6044,591,Tandoori Roti,Main,155,True
6045,591,Butter Naan,Main,150,False
6046,591,Gulab Jamun,Dessert,190,False
6047,591,Mango Lassi,Beverage,205,True
6048,591,Chole Bhature,Main,200,True
6049,591,Cold Coffee,Beverage,175,True
6050,591,Paneer Butter Masala,Main,195,True
6051,591,Dal Makhani,Main,180,False
6052,591,Masala Chai,Beverage,135,False
6053,592,Masala Chai,Beverage,140,False
6054,592,Rava Dosa,Main,250,False
6055,592,Curd Rice,Main,110,False
6056,592,Chocolate Brownie,Dessert,205,True
6057,592,Mango Lassi,Beverage,125,False
6058,592,Filter Coffee,Main,115,True
6059,592,Idli Sambar,Main,210,False
6060,592,Gulab Jamun,Dessert,150,False
6061,592,Cold Coffee,Beverage,225,False
6062,592,Masala Dosa,Main,225,True
6063,592,Uttapam,Main,245,True
6064,592,Pongal,Main,175,True
6065,592,Medu Vada,Main,200,True
6066,593,Chilli Chicken,Main,130,False
6067,593,Chicken Momos,Main,130,False
6068,593,Cold Coffee,Beverage,230,False
6069,593,Schezwan Noodles,Main,145,False
6070,593,Chilli Paneer,Main,240,False
6071,593,Chocolate Brownie,Dessert,165,True
6072,593,Gulab Jamun,Dessert,160,False
6073,593,Veg Hakka Noodles,Main,155,True
6074,593,Fried Rice,Main,140,True
6075,593,Veg Manchurian,Main,205,False
6076,593,Mango Lassi,Beverage,250,True
6077,593,Spring Roll,Main,115,True
6078,593,Masala Chai,Beverage,230,False
6079,594,Mutton Biryani,Main,125,False
6080,594,Hyderabadi Dum Biryani,Main,145,True
6081,594,Chicken 65,Main,230,True
6082,594,Egg Biryani,Main,140,True
6083,594,Chocolate Brownie,Dessert,130,True
6084,594,Mango Lassi,Beverage,210,True
6085,594,Chicken Biryani,Main,130,False
6086,594,Boneless Biryani,Main,115,True
6087,594,Cold Coffee,Beverage,130,True
6088,594,Veg Biryani,Main,195,True
6089,595,Masala Chai,Beverage,165,False
6090,595,Veg Biryani,Main,195,False
6091,595,Chicken Biryani,Main,190,True
6092,595,Chicken 65,Main,180,True
6093,595,Gulab Jamun,Dessert,135,True
6094,595,Hyderabadi Dum Biryani,Main,170,True
6095,595,Chocolate Brownie,Dessert,130,True
6096,595,Egg Biryani,Main,255,True
6097,595,Mango Lassi,Beverage,225,True
6098,595,Cold Coffee,Beverage,140,True
6099,595,Boneless Biryani,Main,165,False
6100,595,Mutton Biryani,Main,160,True
6101,596,Curd Rice,Main,360,False
6102,596,Idli Sambar,Main,480,False
6103,596,Chocolate Brownie,Dessert,335,False
6104,596,Uttapam,Main,450,True
6105,596,Masala Dosa,Main,265,False
6106,596,Gulab Jamun,Dessert,320,True
6107,596,Pongal,Main,250,True
6108,596,Rava Dosa,Main,385,True
6109,596,Mango Lassi,Beverage,400,False
6110,596,Masala Chai,Beverage,405,True
6111,596,Cold Coffee,Beverage,305,True
6112,596,Medu Vada,Main,410,False
6113,596,Filter Coffee,Main,485,True
6114,597,Butter Naan,Main,205,True
6115,597,Shahi Paneer,Main,235,True
6116,597,Mango Lassi,Beverage,240,False
6117,597,Tandoori Roti,Main,245,True
6118,597,Rajma Chawal,Main,225,True
6119,597,Chicken Curry,Main,250,True
6120,597,Masala Chai,Beverage,195,True
6121,597,Cold Coffee,Beverage,230,False
6122,597,Dal Makhani,Main,160,True
6123,597,Gulab Jamun,Dessert,230,False
6124,597,Chole Bhature,Main,125,False
6125,597,Chocolate Brownie,Dessert,185,True
6126,597,Paneer Butter Masala,Main,110,False
6127,598,Cheese Burst Pizza,Main,120,True
6128,598,Garlic Bread,Main,125,True
6129,598,Cold Coffee,Beverage,225,False
6130,598,Mango Lassi,Beverage,195,True
6131,598,Peppy Paneer Pizza,Main,190,True
6132,598,Masala Chai,Beverage,195,False
6133,598,Chicken Supreme Pizza,Main,200,False
6134,598,Chocolate Brownie,Dessert,140,True
6135,598,Farmhouse Pizza,Main,130,True
6136,598,Margherita Pizza,Main,110,False
6137,598,Gulab Jamun,Dessert,180,False
6138,599,Tandoori Roti,Main,135,True
6139,599,Masala Chai,Beverage,95,False
6140,599,Chocolate Brownie,Dessert,80,True
6141,599,Chole Bhature,Main,145,False
6142,599,Dal Makhani,Main,145,True
6143,599,Gulab Jamun,Dessert,115,False
6144,599,Shahi Paneer,Main,125,False
6145,599,Paneer Butter Masala,Main,135,True
6146,599,Rajma Chawal,Main,85,False
6147,599,Cold Coffee,Beverage,140,False
6148,599,Butter Naan,Main,90,False
6149,599,Chicken Curry,Main,120,True
6150,599,Mango Lassi,Beverage,115,False
6151,600,Choco Lava Cake,Dessert,215,True
6152,600,Mango Lassi,Beverage,140,True
6153,600,Ice Cream Tub,Dessert,260,True
6154,600,Chocolate Brownie,Dessert,230,True
6155,600,Gajar Halwa,Dessert,145,True
6156,600,Gulab Jamun,Dessert,125,True
6157,600,Cold Coffee,Beverage,170,False
6158,600,Masala Chai,Beverage,120,True
6159,601,Gulab Jamun,Dessert,255,True
6160,601,Galouti Kebab,Main,140,True
6161,601,Cold Coffee,Beverage,240,True
6162,601,Mango Lassi,Beverage,145,True
6163,601,Mutton Rogan Josh,Main,125,True
6164,601,Masala Chai,Beverage,250,False
6165,601,Seekh Kebab,Main,205,True
6166,601,Chicken Korma,Main,185,False
6167,601,Chocolate Brownie,Dessert,120,False
6168,602,Egg Roll,Main,240,True
6169,602,Masala Chai,Beverage,250,False
6170,602,Veg Frankie,Main,220,True
6171,602,Double Egg Roll,Main,125,False
6172,602,Chicken Roll,Main,180,False
6173,602,Cold Coffee,Beverage,160,False
6174,602,Mango Lassi,Beverage,195,True
6175,602,Chocolate Brownie,Dessert,190,False
6176,602,Gulab Jamun,Dessert,180,True
6177,602,Paneer Roll,Main,215,False
6178,603,Cold Coffee,Beverage,430,True
6179,603,Cheese Sandwich,Main,330,False
6180,603,Mango Lassi,Beverage,425,True
6181,603,Gulab Jamun,Dessert,295,False
6182,603,Peri Peri Fries,Main,275,True
6183,603,Veg Burger,Main,520,False
6184,603,Chicken Burger,Main,360,True
6185,604,Mango Lassi,Beverage,390,False
6186,604,Peppy Paneer Pizza,Main,450,True
6187,604,Margherita Pizza,Main,355,False
6188,604,Chicken Supreme Pizza,Main,360,True
6189,604,Garlic Bread,Main,465,True
6190,604,Cold Coffee,Beverage,435,True
6191,604,Chocolate Brownie,Dessert,445,True
6192,604,Gulab Jamun,Dessert,380,True
6193,604,Farmhouse Pizza,Main,330,False
6194,604,Cheese Burst Pizza,Main,360,True
6195,604,Masala Chai,Beverage,520,True
6196,605,Cheese Burst Pizza,Main,505,True
6197,605,Gulab Jamun,Dessert,240,False
6198,605,Cold Coffee,Beverage,400,True
6199,605,Peppy Paneer Pizza,Main,470,True
6200,605,Mango Lassi,Beverage,360,False
6201,605,Margherita Pizza,Main,380,False
6202,605,Garlic Bread,Main,495,True
6203,605,Chicken Supreme Pizza,Main,490,True
6204,605,Masala Chai,Beverage,500,True
6205,605,Farmhouse Pizza,Main,305,False
6206,605,Chocolate Brownie,Dessert,500,False
6207,606,Kachori,Main,205,True
6208,606,Mango Lassi,Beverage,245,True
6209,606,Cold Coffee,Beverage,140,True
6210,606,Pani Puri,Main,165,True
6211,606,Samosa,Main,170,False
6212,606,Chocolate Brownie,Dessert,205,True
6213,606,Vada Pav,Main,170,False
6214,606,Masala Chai,Beverage,145,True
6215,606,Dahi Puri,Main,215,True
6216,606,Pav Bhaji,Main,130,True
6217,606,Gulab Jamun,Dessert,195,True
6218,607,Masala Chai,Beverage,315,True
6219,607,Chocolate Brownie,Dessert,320,True
6220,607,Vada Pav,Main,315,True
6221,607,Samosa,Main,430,True
6222,607,Kachori,Main,275,False
6223,607,Pav Bhaji,Main,290,True
6224,607,Pani Puri,Main,500,False
6225,607,Gulab Jamun,Dessert,405,True
6226,607,Dahi Puri,Main,260,True
6227,607,Cold Coffee,Beverage,325,True
6228,607,Mango Lassi,Beverage,505,False
6229,608,Mutton Biryani,Main,305,True
6230,608,Hyderabadi Dum Biryani,Main,250,True
6231,608,Veg Biryani,Main,275,True
6232,608,Chocolate Brownie,Dessert,485,False
6233,608,Egg Biryani,Main,465,True
6234,608,Mango Lassi,Beverage,290,True
6235,608,Boneless Biryani,Main,460,False
6236,608,Gulab Jamun,Dessert,465,True
6237,608,Chicken Biryani,Main,515,False
6238,608,Masala Chai,Beverage,255,True
6239,608,Chicken 65,Main,395,True
6240,608,Cold Coffee,Beverage,355,False
6241,609,Masala Chai,Beverage,125,False
6242,609,Chocolate Brownie,Dessert,75,True
6243,609,Veg Wrap,Main,115,True
6244,609,Cheese Sandwich,Main,115,False
6245,609,Cold Coffee,Beverage,70,True
6246,609,French Fries,Main,145,False
6247,609,Gulab Jamun,Dessert,65,False
6248,609,Chicken Burger,Main,80,False
6249,609,Veg Burger,Main,90,True
6250,609,Peri Peri Fries,Main,100,True
6251,609,Mango Lassi,Beverage,100,True
6252,609,Nuggets,Main,145,True
6253,610,Chocolate Brownie,Dessert,125,True
6254,610,Mango Lassi,Beverage,125,True
6255,610,Rasmalai,Dessert,155,False
6256,610,Gulab Jamun,Dessert,110,True
6257,610,Masala Chai,Beverage,195,True
6258,610,Chocolate Brownie,Dessert,125,False
6259,610,Choco Lava Cake,Dessert,210,True
6260,610,Cold Coffee,Beverage,190,False
6261,611,Shahi Paneer,Main,65,True
6262,611,Dal Makhani,Main,130,True
6263,611,Masala Chai,Beverage,110,False
6264,611,Paneer Butter Masala,Main,65,True
6265,611,Butter Naan,Main,85,False
6266,611,Rajma Chawal,Main,120,False
6267,611,Gulab Jamun,Dessert,110,True
6268,611,Chole Bhature,Main,100,True
6269,611,Cold Coffee,Beverage,120,False
6270,611,Chicken Curry,Main,100,False
6271,611,Chocolate Brownie,Dessert,75,True
6272,612,French Fries,Main,110,True
6273,612,Peri Peri Fries,Main,115,False
6274,612,Cheese Sandwich,Main,140,True
6275,612,Masala Chai,Beverage,85,True
6276,612,Chicken Burger,Main,135,False
6277,612,Gulab Jamun,Dessert,90,True
6278,612,Chocolate Brownie,Dessert,120,False
6279,612,Veg Burger,Main,125,True
6280,612,Cold Coffee,Beverage,150,True
6281,612,Veg Wrap,Main,115,True
6282,612,Mango Lassi,Beverage,60,True
6283,612,Nuggets,Main,95,False
6284,613,Garlic Bread,Main,125,True
6285,613,Mango Lassi,Beverage,90,True
6286,613,Gulab Jamun,Dessert,70,True
6287,613,Chicken Supreme Pizza,Main,125,True
6288,613,Chocolate Brownie,Dessert,85,False
6289,613,Masala Chai,Beverage,105,True
6290,613,Cold Coffee,Beverage,130,True
6291,613,Margherita Pizza,Main,110,True
6292,613,Peppy Paneer Pizza,Main,90,True
6293,613,Cheese Burst Pizza,Main,140,True
6294,613,Farmhouse Pizza,Main,125,False
6295,614,Gulab Jamun,Dessert,225,False
6296,614,Veg Frankie,Main,180,False
6297,614,Paneer Roll,Main,145,False
6298,614,Masala Chai,Beverage,235,True
6299,614,Cold Coffee,Beverage,190,True
6300,614,Mango Lassi,Beverage,130,True
6301,614,Chicken Roll,Main,250,True
6302,614,Chocolate Brownie,Dessert,180,True
6303,614,Double Egg Roll,Main,155,True
6304,615,Chicken Momos,Main,90,True
6305,615,Chocolate Brownie,Dessert,85,True
6306,615,Chilli Chicken,Main,100,False
6307,615,Cold Coffee,Beverage,80,False
6308,615,Veg Hakka Noodles,Main,145,True
6309,615,Gulab Jamun,Dessert,105,True
6310,615,Chilli Paneer,Main,115,False
6311,615,Veg Manchurian,Main,140,True
6312,615,Mango Lassi,Beverage,130,True
6313,615,Schezwan Noodles,Main,130,False
6314,615,Fried Rice,Main,125,True
6315,615,Spring Roll,Main,80,False
6316,615,Masala Chai,Beverage,60,True
6317,616,Chicken Momos,Main,75,True
6318,616,Gulab Jamun,Dessert,90,True
6319,616,Spring Roll,Main,100,True
6320,616,Schezwan Noodles,Main,90,True
6321,616,Masala Chai,Beverage,85,True
6322,616,Chilli Paneer,Main,75,True
6323,616,Fried Rice,Main,145,True
6324,616,Veg Hakka Noodles,Main,125,True
6325,616,Mango Lassi,Beverage,90,True
6326,616,Veg Manchurian,Main,70,False
6327,616,Cold Coffee,Beverage,75,False
6328,616,Chocolate Brownie,Dessert,115,False
6329,616,Chilli Chicken,Main,75,True
6330,617,Curd Rice,Main,105,False
6331,617,Medu Vada,Main,125,False
6332,617,Masala Dosa,Main,130,False
6333,617,Masala Chai,Beverage,110,True
6334,617,Chocolate Brownie,Dessert,105,False
6335,617,Filter Coffee,Main,80,False
6336,617,Uttapam,Main,110,True
6337,617,Idli Sambar,Main,80,True
6338,617,Cold Coffee,Beverage,115,True
6339,617,Pongal,Main,60,True
6340,617,Rava Dosa,Main,85,False
6341,617,Gulab Jamun,Dessert,110,True
6342,617,Mango Lassi,Beverage,150,True
6343,618,Peri Peri Fries,Main,210,False
6344,618,Chocolate Brownie,Dessert,230,True
6345,618,Mango Lassi,Beverage,180,True
6346,618,Nuggets,Main,145,False
6347,618,Cold Coffee,Beverage,225,True
6348,618,Chicken Burger,Main,115,False
6349,618,Masala Chai,Beverage,250,False
6350,618,French Fries,Main,215,False
6351,618,Veg Wrap,Main,130,True
6352,618,Cheese Sandwich,Main,150,True
6353,618,Veg Burger,Main,245,False
6354,618,Gulab Jamun,Dessert,155,True
6355,619,Galouti Kebab,Main,445,True
6356,619,Chocolate Brownie,Dessert,330,True
6357,619,Mango Lassi,Beverage,475,True
6358,619,Masala Chai,Beverage,250,False
6359,619,Chicken Korma,Main,390,True
6360,619,Cold Coffee,Beverage,455,True
6361,619,Seekh Kebab,Main,395,False
6362,619,Gulab Jamun,Dessert,255,True
6363,619,Mutton Rogan Josh,Main,370,True
6364,620,Pasta Alfredo,Main,310,False
6365,620,Gulab Jamun,Dessert,470,True
6366,620,Chocolate Shake,Main,305,False
6367,620,Mango Lassi,Beverage,470,False
6368,620,Chocolate Brownie,Dessert,245,True
6369,620,Cold Coffee,Beverage,315,True
6370,620,Croissant,Main,265,False
6371,620,Masala Chai,Beverage,385,False
6372,620,Cappuccino,Main,275,False
6373,620,Club Sandwich,Main,340,False
6374,620,Veg Sandwich,Main,430,True
6375,621,Chocolate Brownie,Dessert,80,True
6376,621,Masala Chai,Beverage,65,True
6377,621,Cold Coffee,Beverage,130,True
6378,621,Fried Rice,Main,125,True
6379,621,Veg Hakka Noodles,Main,120,False
6380,621,Veg Manchurian,Main,135,True
6381,621,Gulab Jamun,Dessert,110,False
6382,621,Chilli Chicken,Main,80,True
6383,621,Mango Lassi,Beverage,90,False
6384,621,Chilli Paneer,Main,75,True
6385,621,Chicken Momos,Main,150,True
6386,621,Spring Roll,Main,75,True
6387,621,Schezwan Noodles,Main,60,True
6388,622,Cold Coffee,Beverage,130,True
6389,622,Rava Dosa,Main,145,True
6390,622,Medu Vada,Main,120,False
6391,622,Filter Coffee,Main,90,True
6392,622,Masala Chai,Beverage,120,False
6393,622,Mango Lassi,Beverage,100,False
6394,622,Gulab Jamun,Dessert,75,True
6395,623,Chocolate Brownie,Dessert,325,True
6396,623,Mango Lassi,Beverage,290,True
6397,623,Masala Chai,Beverage,335,True
6398,623,Gajar Halwa,Dessert,250,True
6399,623,Choco Lava Cake,Dessert,270,True
6400,623,Gulab Jamun,Dessert,425,True
6401,623,Gulab Jamun,Dessert,280,False
6402,623,Rasmalai,Dessert,355,True
6403,623,Chocolate Brownie,Dessert,280,False
6404,623,Cold Coffee,Beverage,350,True
6405,623,Ice Cream Tub,Dessert,265,False
6406,624,Double Egg Roll,Main,90,True
6407,624,Paneer Roll,Main,110,False
6408,624,Chocolate Brownie,Dessert,110,True
6409,624,Gulab Jamun,Dessert,90,False
6410,624,Cold Coffee,Beverage,75,False
6411,624,Veg Frankie,Main,100,False
6412,624,Chicken Roll,Main,90,True
6413,624,Egg Roll,Main,145,True
6414,624,Masala Chai,Beverage,70,False
6415,624,Mango Lassi,Beverage,95,False
6416,625,Mutton Biryani,Main,255,True
6417,625,Cold Coffee,Beverage,385,True
6418,625,Gulab Jamun,Dessert,340,True
6419,625,Veg Biryani,Main,315,True
6420,625,Chicken Biryani,Main,315,True
6421,625,Chicken 65,Main,295,True
6422,625,Chocolate Brownie,Dessert,505,True
6423,625,Masala Chai,Beverage,240,False
6424,625,Hyderabadi Dum Biryani,Main,450,True
6425,625,Egg Biryani,Main,485,False
6426,625,Boneless Biryani,Main,445,True
6427,625,Mango Lassi,Beverage,405,False
6428,626,Chicken Momos,Main,200,True
6429,626,Fried Rice,Main,215,True
6430,626,Masala Chai,Beverage,145,True
6431,626,Gulab Jamun,Dessert,205,False
6432,626,Veg Hakka Noodles,Main,170,False
6433,626,Chilli Paneer,Main,250,True
6434,626,Chocolate Brownie,Dessert,190,False
6435,626,Chilli Chicken,Main,155,False
6436,626,Veg Manchurian,Main,195,True
6437,626,Spring Roll,Main,240,True
6438,626,Mango Lassi,Beverage,115,True
6439,626,Cold Coffee,Beverage,240,True
6440,626,Schezwan Noodles,Main,215,True
6441,627,Masala Chai,Beverage,165,False
6442,627,Cold Coffee,Beverage,240,False
6443,627,Gulab Jamun,Dessert,125,False
6444,627,Paneer Butter Masala,Main,220,True
6445,627,Rajma Chawal,Main,135,False
6446,627,Dal Makhani,Main,155,True
6447,627,Chole Bhature,Main,245,False
6448,627,Chicken Curry,Main,165,False
6449,627,Mango Lassi,Beverage,240,True
6450,627,Chocolate Brownie,Dessert,220,False
6451,627,Tandoori Roti,Main,220,True
6452,627,Butter Naan,Main,140,True
6453,628,Gulab Jamun,Dessert,85,True
6454,628,Chocolate Brownie,Dessert,125,True
6455,628,Cold Coffee,Beverage,80,False
6456,628,Ice Cream Tub,Dessert,85,True
6457,628,Masala Chai,Beverage,80,False
6458,628,Gajar Halwa,Dessert,115,True
6459,628,Choco Lava Cake,Dessert,105,False
6460,628,Gulab Jamun,Dessert,65,True
6461,628,Chocolate Brownie,Dessert,140,True
6462,628,Mango Lassi,Beverage,150,False
6463,628,Rasmalai,Dessert,125,True
6464,629,Gulab Jamun,Dessert,60,False
6465,629,Masala Chai,Beverage,85,True
6466,629,Cheese Sandwich,Main,85,False
6467,629,Veg Wrap,Main,135,False
6468,629,Nuggets,Main,105,True
6469,629,French Fries,Main,90,True
6470,629,Veg Burger,Main,140,False
6471,629,Peri Peri Fries,Main,95,False
6472,629,Chicken Burger,Main,75,True
6473,629,Cold Coffee,Beverage,95,False
6474,630,Masala Chai,Beverage,135,True
6475,630,Fried Rice,Main,130,True
6476,630,Veg Manchurian,Main,165,False
6477,630,Mango Lassi,Beverage,170,True
6478,630,Chicken Momos,Main,190,False
6479,630,Chilli Chicken,Main,165,False
6480,630,Spring Roll,Main,175,True
6481,631,Cold Coffee,Beverage,155,True
6482,631,Mutton Rogan Josh,Main,235,False
6483,631,Chicken Korma,Main,155,True
6484,631,Mango Lassi,Beverage,230,True
6485,631,Chocolate Brownie,Dessert,260,True
6486,631,Masala Chai,Beverage,180,True
6487,631,Galouti Kebab,Main,115,True
6488,631,Seekh Kebab,Main,160,False
6489,631,Gulab Jamun,Dessert,185,True
6490,632,Margherita Pizza,Main,235,False
6491,632,Cold Coffee,Beverage,220,False
6492,632,Cheese Burst Pizza,Main,165,False
6493,632,Mango Lassi,Beverage,170,False
6494,632,Gulab Jamun,Dessert,260,False
6495,632,Peppy Paneer Pizza,Main,225,False
6496,632,Chocolate Brownie,Dessert,125,True
6497,632,Chicken Supreme Pizza,Main,220,False
6498,633,Seekh Kebab,Main,220,True
6499,633,Mango Lassi,Beverage,185,False
6500,633,Masala Chai,Beverage,180,False
6501,633,Cold Coffee,Beverage,140,True
6502,633,Gulab Jamun,Dessert,160,False
6503,633,Chicken Korma,Main,245,True
6504,633,Chocolate Brownie,Dessert,235,True
6505,633,Mutton Rogan Josh,Main,200,True
6506,633,Galouti Kebab,Main,195,True
6507,634,Cold Coffee,Beverage,120,True
6508,634,Hyderabadi Dum Biryani,Main,230,True
6509,634,Chocolate Brownie,Dessert,150,True
6510,634,Egg Biryani,Main,255,True
6511,634,Chicken Biryani,Main,135,True
6512,634,Masala Chai,Beverage,150,True
6513,634,Veg Biryani,Main,255,True
6514,634,Mutton Biryani,Main,215,False
6515,634,Gulab Jamun,Dessert,140,True
6516,634,Chicken 65,Main,150,False
6517,634,Boneless Biryani,Main,165,True
6518,635,Egg Biryani,Main,130,True
6519,635,Veg Biryani,Main,140,False
6520,635,Mutton Biryani,Main,90,True
6521,635,Hyderabadi Dum Biryani,Main,80,False
6522,635,Masala Chai,Beverage,105,False
6523,635,Chicken Biryani,Main,140,True
6524,635,Chocolate Brownie,Dessert,70,False
6525,635,Boneless Biryani,Main,90,True
6526,635,Cold Coffee,Beverage,110,True
6527,635,Gulab Jamun,Dessert,110,True
6528,635,Mango Lassi,Beverage,75,True
6529,636,Vada Pav,Main,120,True
6530,636,Kachori,Main,215,False
6531,636,Masala Chai,Beverage,180,True
6532,636,Cold Coffee,Beverage,190,True
6533,636,Mango Lassi,Beverage,120,True
6534,636,Samosa,Main,220,False
6535,636,Chocolate Brownie,Dessert,170,True
6536,636,Dahi Puri,Main,200,True
6537,636,Pav Bhaji,Main,195,True
6538,636,Gulab Jamun,Dessert,175,True
6539,636,Pani Puri,Main,250,True
6540,637,Pav Bhaji,Main,85,True
6541,637,Chocolate Brownie,Dessert,125,True
6542,637,Masala Chai,Beverage,140,True
6543,637,Samosa,Main,145,True
6544,637,Vada Pav,Main,130,True
6545,637,Pani Puri,Main,65,True
6546,637,Dahi Puri,Main,110,True
6547,637,Mango Lassi,Beverage,75,False
6548,637,Gulab Jamun,Dessert,105,True
6549,637,Cold Coffee,Beverage,110,False
6550,637,Kachori,Main,125,True
6551,638,Samosa,Main,245,False
6552,638,Mango Lassi,Beverage,255,True
6553,638,Pav Bhaji,Main,130,True
6554,638,Vada Pav,Main,240,True
6555,638,Gulab Jamun,Dessert,230,True
6556,638,Kachori,Main,215,False
6557,638,Chocolate Brownie,Dessert,175,True
6558,638,Cold Coffee,Beverage,205,False
6559,638,Pani Puri,Main,115,True
6560,638,Masala Chai,Beverage,240,True
6561,638,Dahi Puri,Main,110,False
6562,639,Cold Drink,Beverage,130,True
6563,639,Mango Lassi,Beverage,230,True
6564,639,Chocolate Brownie,Dessert,170,True
6565,639,Fresh Lime Soda,Beverage,200,False
6566,639,Cold Coffee,Beverage,160,True
6567,639,Mango Lassi,Beverage,240,True
6568,639,Cold Coffee,Beverage,195,True
6569,639,Gulab Jamun,Dessert,240,False
6570,639,Masala Chai,Beverage,175,True
6571,640,Boneless Biryani,Main,515,False
6572,640,Hyderabadi Dum Biryani,Main,325,True
6573,640,Egg Biryani,Main,370,True
6574,640,Veg Biryani,Main,325,False
6575,640,Chicken 65,Main,425,False
6576,640,Cold Coffee,Beverage,390,True
6577,640,Mango Lassi,Beverage,280,False
6578,640,Chocolate Brownie,Dessert,360,True
6579,641,Filter Coffee,Main,135,True
6580,641,Curd Rice,Main,160,False
6581,641,Masala Dosa,Main,120,False
6582,641,Chocolate Brownie,Dessert,190,True
6583,641,Pongal,Main,130,True
6584,641,Uttapam,Main,190,True
6585,641,Cold Coffee,Beverage,175,True
6586,641,Rava Dosa,Main,110,True
6587,641,Medu Vada,Main,215,False
6588,641,Gulab Jamun,Dessert,135,False
6589,642,Veg Manchurian,Main,60,True
6590,642,Mango Lassi,Beverage,125,True
6591,642,Chocolate Brownie,Dessert,65,True
6592,642,Chilli Paneer,Main,135,True
6593,642,Spring Roll,Main,110,True
6594,642,Chilli Chicken,Main,95,True
6595,642,Schezwan Noodles,Main,85,True
6596,643,Dahi Puri,Main,270,True
6597,643,Gulab Jamun,Dessert,405,True
6598,643,Samosa,Main,275,True
6599,643,Kachori,Main,355,True
6600,643,Chocolate Brownie,Dessert,505,False
6601,643,Masala Chai,Beverage,410,True
6602,643,Vada Pav,Main,490,True
6603,643,Mango Lassi,Beverage,505,False
6604,643,Cold Coffee,Beverage,515,True
6605,643,Pani Puri,Main,280,False
6606,643,Pav Bhaji,Main,360,True
6607,644,Chilli Chicken,Main,185,True
6608,644,Veg Manchurian,Main,160,False
6609,644,Fried Rice,Main,195,False
6610,644,Mango Lassi,Beverage,230,True
6611,644,Gulab Jamun,Dessert,260,True
6612,644,Spring Roll,Main,125,True
6613,644,Chicken Momos,Main,225,True
6614,644,Masala Chai,Beverage,180,True
6615,644,Veg Hakka Noodles,Main,230,False
6616,644,Chocolate Brownie,Dessert,145,True
6617,644,Cold Coffee,Beverage,215,False
6618,644,Schezwan Noodles,Main,135,False
6619,644,Chilli Paneer,Main,145,True
6620,645,Rasmalai,Dessert,150,False
6621,645,Chocolate Brownie,Dessert,210,True
6622,645,Gajar Halwa,Dessert,135,True
6623,645,Chocolate Brownie,Dessert,250,False
6624,645,Cold Coffee,Beverage,185,False
6625,645,Masala Chai,Beverage,235,False
6626,645,Ice Cream Tub,Dessert,175,True
6627,645,Choco Lava Cake,Dessert,150,False
6628,645,Gulab Jamun,Dessert,155,False
6629,645,Mango Lassi,Beverage,240,True
6630,645,Gulab Jamun,Dessert,135,True
6631,646,Galouti Kebab,Main,135,False
6632,646,Cold Coffee,Beverage,210,False
6633,646,Chicken Korma,Main,250,False
6634,646,Masala Chai,Beverage,140,False
6635,646,Mutton Rogan Josh,Main,205,False
6636,646,Seekh Kebab,Main,175,False
6637,646,Gulab Jamun,Dessert,180,False
6638,646,Chocolate Brownie,Dessert,180,False
6639,647,Cold Coffee,Beverage,435,True
6640,647,Vada Pav,Main,250,True
6641,647,Kachori,Main,405,True
6642,647,Pani Puri,Main,330,True
6643,647,Samosa,Main,500,False
6644,647,Dahi Puri,Main,390,False
6645,647,Mango Lassi,Beverage,405,True
6646,647,Masala Chai,Beverage,375,False
6647,647,Gulab Jamun,Dessert,425,False
6648,647,Chocolate Brownie,Dessert,390,False
6649,647,Pav Bhaji,Main,455,False
6650,648,Pav Bhaji,Main,95,False
6651,648,Chocolate Brownie,Dessert,120,True
6652,648,Gulab Jamun,Dessert,140,True
6653,648,Cold Coffee,Beverage,85,False
6654,648,Pani Puri,Main,125,False
6655,648,Dahi Puri,Main,60,True
6656,648,Mango Lassi,Beverage,90,True
6657,648,Masala Chai,Beverage,65,False
6658,648,Samosa,Main,140,False
6659,648,Vada Pav,Main,130,True
6660,649,Chocolate Brownie,Dessert,250,False
6661,649,Gulab Jamun,Dessert,125,True
6662,649,Cheese Sandwich,Main,140,False
6663,649,French Fries,Main,155,True
6664,649,Masala Chai,Beverage,230,True
6665,649,Chicken Burger,Main,255,True
6666,649,Peri Peri Fries,Main,175,False
6667,649,Cold Coffee,Beverage,130,True
6668,649,Mango Lassi,Beverage,175,True
6669,649,Nuggets,Main,185,False
6670,649,Veg Burger,Main,260,True
6671,649,Veg Wrap,Main,135,True
6672,650,Chicken 65,Main,220,True
6673,650,Hyderabadi Dum Biryani,Main,155,True
6674,650,Gulab Jamun,Dessert,125,False
6675,650,Boneless Biryani,Main,165,False
6676,650,Masala Chai,Beverage,205,False
6677,650,Chicken Biryani,Main,220,True
6678,650,Mutton Biryani,Main,135,True
6679,650,Chocolate Brownie,Dessert,125,True
6680,650,Mango Lassi,Beverage,255,True
6681,651,Mango Lassi,Beverage,110,True
6682,651,Fruit Bowl,Main,120,True
6683,651,Cold Coffee,Beverage,110,True
6684,651,Sprout Salad,Main,140,True
6685,651,Gulab Jamun,Dessert,60,True
6686,651,Grilled Chicken Bowl,Main,95,False
6687,651,Masala Chai,Beverage,70,True
6688,651,Chocolate Brownie,Dessert,130,True
6689,651,Quinoa Salad,Main,90,False
6690,652,Cold Coffee,Beverage,245,True
6691,652,Pongal,Main,220,True
6692,652,Gulab Jamun,Dessert,170,False
6693,652,Medu Vada,Main,180,True
6694,652,Filter Coffee,Main,190,True
6695,652,Masala Chai,Beverage,220,True
6696,652,Uttapam,Main,120,True
6697,652,Masala Dosa,Main,200,True
6698,652,Mango Lassi,Beverage,235,True
6699,652,Idli Sambar,Main,195,False
6700,652,Chocolate Brownie,Dessert,155,True
6701,652,Rava Dosa,Main,260,True
6702,652,Curd Rice,Main,195,True
6703,653,Curd Rice,Main,225,False
6704,653,Masala Chai,Beverage,200,False
6705,653,Idli Sambar,Main,230,True
6706,653,Filter Coffee,Main,120,False
6707,653,Rava Dosa,Main,255,False
6708,653,Uttapam,Main,200,True
6709,653,Chocolate Brownie,Dessert,225,False
6710,653,Mango Lassi,Beverage,250,False
6711,653,Cold Coffee,Beverage,125,False
6712,653,Masala Dosa,Main,170,True
6713,653,Medu Vada,Main,205,False
6714,653,Gulab Jamun,Dessert,225,True
6715,653,Pongal,Main,130,True
6716,654,Gulab Jamun,Dessert,75,True
6717,654,Masala Chai,Beverage,70,False
6718,654,Cold Coffee,Beverage,150,True
6719,654,Pav Bhaji,Main,145,False
6720,654,Kachori,Main,145,False
6721,654,Chocolate Brownie,Dessert,120,False
6722,654,Pani Puri,Main,125,False
6723,654,Dahi Puri,Main,85,True
6724,654,Vada Pav,Main,120,True
6725,654,Samosa,Main,100,False
6726,654,Mango Lassi,Beverage,115,False
6727,655,Farmhouse Pizza,Main,60,True
6728,655,Peppy Paneer Pizza,Main,135,False
6729,655,Cold Coffee,Beverage,150,False
6730,655,Margherita Pizza,Main,105,True
6731,655,Garlic Bread,Main,140,True
6732,655,Gulab Jamun,Dessert,100,True
6733,655,Masala Chai,Beverage,145,True
6734,655,Chocolate Brownie,Dessert,60,False
6735,655,Chicken Supreme Pizza,Main,115,True
6736,655,Mango Lassi,Beverage,110,True
6737,655,Cheese Burst Pizza,Main,90,True
6738,656,French Fries,Main,220,True
6739,656,Chocolate Brownie,Dessert,205,True
6740,656,Nuggets,Main,150,True
6741,656,Cheese Sandwich,Main,220,True
6742,656,Peri Peri Fries,Main,245,True
6743,656,Veg Wrap,Main,165,True
6744,657,Shahi Paneer,Main,320,False
6745,657,Rajma Chawal,Main,300,False
6746,657,Chole Bhature,Main,355,True
6747,657,Chocolate Brownie,Dessert,385,True
6748,657,Mango Lassi,Beverage,305,True
6749,657,Gulab Jamun,Dessert,450,False
6750,658,Chicken 65,Main,105,True
6751,658,Gulab Jamun,Dessert,70,True
6752,658,Hyderabadi Dum Biryani,Main,85,False
6753,658,Masala Chai,Beverage,120,True
6754,658,Chicken Biryani,Main,100,False
6755,658,Cold Coffee,Beverage,90,False
6756,658,Egg Biryani,Main,120,True
6757,658,Chocolate Brownie,Dessert,105,True
6758,658,Boneless Biryani,Main,85,True
6759,658,Mango Lassi,Beverage,135,False
6760,658,Veg Biryani,Main,150,True
6761,658,Mutton Biryani,Main,145,False
6762,659,Kachori,Main,140,True
6763,659,Dahi Puri,Main,145,False
6764,659,Gulab Jamun,Dessert,105,True
6765,659,Chocolate Brownie,Dessert,85,False
6766,659,Masala Chai,Beverage,115,False
6767,659,Cold Coffee,Beverage,150,True
6768,659,Samosa,Main,145,False
6769,659,Pani Puri,Main,100,False
6770,659,Vada Pav,Main,115,True
6771,659,Mango Lassi,Beverage,75,False
6772,659,Pav Bhaji,Main,130,True
6773,660,Cheese Sandwich,Main,125,True
6774,660,Chicken Burger,Main,100,False
6775,660,Mango Lassi,Beverage,80,True
6776,660,Gulab Jamun,Dessert,75,False
6777,660,Nuggets,Main,110,True
6778,660,Masala Chai,Beverage,110,True
6779,660,French Fries,Main,135,False
6780,660,Veg Burger,Main,75,False
6781,660,Chocolate Brownie,Dessert,95,True
6782,660,Peri Peri Fries,Main,110,False
6783,661,Cold Coffee,Beverage,130,True
6784,661,Chicken 65,Main,130,True
6785,661,Masala Chai,Beverage,90,True
6786,661,Egg Biryani,Main,100,False
6787,661,Mutton Biryani,Main,125,True
6788,661,Mango Lassi,Beverage,145,False
6789,661,Chocolate Brownie,Dessert,100,False
6790,661,Chicken Biryani,Main,130,False
6791,661,Gulab Jamun,Dessert,80,True
6792,662,Peri Peri Fries,Main,215,True
6793,662,Masala Chai,Beverage,175,True
6794,662,Cold Coffee,Beverage,115,False
6795,662,Veg Burger,Main,255,True
6796,662,Nuggets,Main,155,False
6797,662,Veg Wrap,Main,215,True
6798,662,Cheese Sandwich,Main,205,False
6799,662,Gulab Jamun,Dessert,145,False
6800,662,Chicken Burger,Main,230,True
6801,662,Mango Lassi,Beverage,250,False
6802,662,Chocolate Brownie,Dessert,220,True
6803,662,French Fries,Main,200,False
6804,663,Cold Coffee,Beverage,115,True
6805,663,Croissant,Main,115,True
6806,663,Chocolate Shake,Main,85,True
6807,663,Club Sandwich,Main,60,False
6808,663,Masala Chai,Beverage,125,False
6809,663,Chocolate Brownie,Dessert,135,False
6810,663,Cappuccino,Main,120,False
6811,663,Pasta Alfredo,Main,70,True
6812,663,Gulab Jamun,Dessert,110,True
6813,663,Veg Sandwich,Main,120,False
6814,663,Mango Lassi,Beverage,135,True
6815,664,Galouti Kebab,Main,105,False
6816,664,Chicken Korma,Main,70,True
6817,664,Seekh Kebab,Main,135,False
6818,664,Mutton Rogan Josh,Main,75,True
6819,664,Mango Lassi,Beverage,135,True
6820,664,Gulab Jamun,Dessert,75,False
6821,664,Cold Coffee,Beverage,130,True
6822,664,Chocolate Brownie,Dessert,115,True
6823,664,Masala Chai,Beverage,85,False
6824,665,Chicken 65,Main,95,False
6825,665,Hyderabadi Dum Biryani,Main,140,False
6826,665,Mutton Biryani,Main,90,False
6827,665,Egg Biryani,Main,70,True
6828,665,Chocolate Brownie,Dessert,80,True
6829,665,Mango Lassi,Beverage,105,True
6830,666,Cold Coffee,Beverage,140,False
6831,666,Chocolate Brownie,Dessert,135,False
6832,666,Veg Wrap,Main,145,False
6833,666,Chicken Burger,Main,155,True
6834,666,Mango Lassi,Beverage,115,True
6835,666,Gulab Jamun,Dessert,170,True
6836,666,Veg Burger,Main,180,False
6837,667,Veg Manchurian,Main,215,True
6838,667,Fried Rice,Main,235,False
6839,667,Spring Roll,Main,120,True
6840,667,Chicken Momos,Main,215,False
6841,667,Veg Hakka Noodles,Main,155,True
6842,667,Chocolate Brownie,Dessert,145,True
6843,667,Gulab Jamun,Dessert,205,True
6844,667,Chilli Chicken,Main,230,True
6845,667,Mango Lassi,Beverage,230,False
6846,667,Cold Coffee,Beverage,135,False
6847,667,Schezwan Noodles,Main,215,False
6848,667,Masala Chai,Beverage,160,False
6849,667,Chilli Paneer,Main,180,True
6850,668,Mango Lassi,Beverage,120,False
6851,668,Chocolate Brownie,Dessert,135,True
6852,668,Mutton Biryani,Main,250,True
6853,668,Masala Chai,Beverage,225,True
6854,668,Chicken Biryani,Main,170,True
6855,668,Veg Biryani,Main,170,False
6856,668,Chicken 65,Main,230,True
6857,668,Hyderabadi Dum Biryani,Main,215,True
6858,668,Gulab Jamun,Dessert,220,True
6859,668,Boneless Biryani,Main,160,True
6860,668,Cold Coffee,Beverage,200,True
6861,668,Egg Biryani,Main,190,False
6862,669,Chocolate Brownie,Dessert,220,True
6863,669,Masala Dosa,Main,125,False
6864,669,Filter Coffee,Main,205,False
6865,669,Masala Chai,Beverage,225,False
6866,669,Pongal,Main,200,True
6867,669,Medu Vada,Main,240,False
6868,669,Curd Rice,Main,220,False
6869,669,Uttapam,Main,140,True
6870,669,Mango Lassi,Beverage,135,False
6871,669,Idli Sambar,Main,175,True
6872,670,Gulab Jamun,Dessert,240,False
6873,670,Masala Chai,Beverage,370,False
6874,670,Chocolate Brownie,Dessert,500,False
6875,670,Mango Lassi,Beverage,300,True
6876,670,Veg Burger,Main,355,True
6877,670,Nuggets,Main,460,True
6878,670,Veg Wrap,Main,375,False
6879,670,Cheese Sandwich,Main,315,False
6880,670,Peri Peri Fries,Main,280,False
6881,670,Chicken Burger,Main,280,False
6882,671,Chicken Burger,Main,215,False
6883,671,Peri Peri Fries,Main,130,False
6884,671,Veg Burger,Main,165,True
6885,671,Veg Wrap,Main,190,True
6886,671,Nuggets,Main,180,False
6887,671,Masala Chai,Beverage,135,True
6888,671,Cheese Sandwich,Main,150,True
6889,671,Gulab Jamun,Dessert,160,False
6890,671,French Fries,Main,190,True
6891,671,Chocolate Brownie,Dessert,180,True
6892,671,Cold Coffee,Beverage,130,True
6893,671,Mango Lassi,Beverage,230,False
6894,672,Cold Coffee,Beverage,140,False
6895,672,Spring Roll,Main,220,True
6896,672,Chilli Paneer,Main,210,True
6897,672,Fried Rice,Main,235,True
6898,672,Veg Hakka Noodles,Main,200,False
6899,672,Chicken Momos,Main,230,True
6900,672,Chocolate Brownie,Dessert,165,False
6901,672,Schezwan Noodles,Main,240,False
6902,672,Masala Chai,Beverage,125,True
6903,672,Chilli Chicken,Main,255,True
6904,672,Mango Lassi,Beverage,230,True
6905,672,Gulab Jamun,Dessert,220,True
6906,672,Veg Manchurian,Main,110,True
6907,673,Veg Manchurian,Main,125,False
6908,673,Gulab Jamun,Dessert,225,False
6909,673,Veg Hakka Noodles,Main,195,True
6910,673,Masala Chai,Beverage,125,False
6911,673,Spring Roll,Main,130,True
6912,673,Chilli Chicken,Main,190,True
6913,674,Masala Chai,Beverage,85,True
6914,674,Shahi Paneer,Main,150,False
6915,674,Gulab Jamun,Dessert,125,True
6916,674,Tandoori Roti,Main,100,False
6917,674,Mango Lassi,Beverage,70,False
6918,674,Rajma Chawal,Main,145,True
6919,674,Dal Makhani,Main,80,True
6920,674,Chicken Curry,Main,100,True
6921,674,Cold Coffee,Beverage,120,True
6922,674,Butter Naan,Main,75,True
6923,674,Paneer Butter Masala,Main,95,True
6924,675,Chole Bhature,Main,120,True
6925,675,Tandoori Roti,Main,220,True
6926,675,Chocolate Brownie,Dessert,135,True
6927,675,Masala Chai,Beverage,200,False
6928,675,Mango Lassi,Beverage,220,False
6929,675,Chicken Curry,Main,200,True
6930,675,Dal Makhani,Main,255,True
6931,675,Paneer Butter Masala,Main,230,True
6932,676,Cold Coffee,Beverage,225,False
6933,676,Chocolate Brownie,Dessert,160,False
6934,676,Veg Frankie,Main,150,False
6935,676,Chicken Roll,Main,240,True
6936,676,Egg Roll,Main,155,True
6937,676,Double Egg Roll,Main,170,True
6938,676,Gulab Jamun,Dessert,225,True
6939,676,Masala Chai,Beverage,190,False
6940,676,Mango Lassi,Beverage,215,True
6941,676,Paneer Roll,Main,225,False
6942,677,Pongal,Main,255,True
6943,677,Masala Chai,Beverage,200,False
6944,677,Mango Lassi,Beverage,250,True
6945,677,Curd Rice,Main,145,False
6946,677,Cold Coffee,Beverage,110,True
6947,677,Uttapam,Main,140,True
6948,678,Rajma Chawal,Main,75,True
6949,678,Shahi Paneer,Main,145,True
6950,678,Tandoori Roti,Main,105,False
6951,678,Gulab Jamun,Dessert,100,True
6952,678,Paneer Butter Masala,Main,100,True
6953,678,Chocolate Brownie,Dessert,65,True
6954,678,Masala Chai,Beverage,105,True
6955,679,Chocolate Brownie,Dessert,130,False
6956,679,Sprout Salad,Main,260,False
6957,679,Mango Lassi,Beverage,165,True
6958,679,Quinoa Salad,Main,160,True
6959,679,Grilled Chicken Bowl,Main,240,True
6960,679,Gulab Jamun,Dessert,260,True
6961,679,Cold Coffee,Beverage,110,False
6962,679,Masala Chai,Beverage,145,True
6963,679,Fruit Bowl,Main,115,True
6964,680,Medu Vada,Main,130,False
6965,680,Filter Coffee,Main,150,True
6966,680,Masala Dosa,Main,200,True
6967,680,Masala Chai,Beverage,170,True
6968,680,Uttapam,Main,180,True
6969,680,Chocolate Brownie,Dessert,135,True
6970,680,Curd Rice,Main,225,False
6971,680,Cold Coffee,Beverage,165,False
6972,680,Idli Sambar,Main,130,False
6973,680,Pongal,Main,255,True
6974,680,Gulab Jamun,Dessert,120,False
6975,680,Rava Dosa,Main,175,True
6976,680,Mango Lassi,Beverage,245,True
6977,681,Cappuccino,Main,120,False
6978,681,Chocolate Shake,Main,110,False
6979,681,Croissant,Main,130,True
6980,681,Cold Coffee,Beverage,125,False
6981,681,Mango Lassi,Beverage,130,True
6982,681,Masala Chai,Beverage,105,False
6983,681,Gulab Jamun,Dessert,150,True
6984,681,Club Sandwich,Main,105,True
6985,681,Veg Sandwich,Main,125,True
6986,681,Chocolate Brownie,Dessert,145,True
6987,681,Pasta Alfredo,Main,85,True
6988,682,Nuggets,Main,140,True
6989,682,Chocolate Brownie,Dessert,100,False
6990,682,Mango Lassi,Beverage,85,False
6991,682,Chicken Burger,Main,125,True
6992,682,Gulab Jamun,Dessert,65,False
6993,682,French Fries,Main,85,True
6994,682,Cheese Sandwich,Main,95,True
6995,682,Masala Chai,Beverage,135,False
6996,682,Veg Wrap,Main,140,True
6997,682,Veg Burger,Main,150,False
6998,682,Peri Peri Fries,Main,115,False
6999,682,Cold Coffee,Beverage,130,True
7000,683,Masala Chai,Beverage,70,False
7001,683,Veg Frankie,Main,100,True
7002,683,Chicken Roll,Main,110,True
7003,683,Paneer Roll,Main,85,True
7004,683,Chocolate Brownie,Dessert,95,True
7005,683,Gulab Jamun,Dessert,95,True
7006,683,Cold Coffee,Beverage,95,True
7007,683,Egg Roll,Main,115,True
7008,683,Double Egg Roll,Main,75,True
7009,683,Mango Lassi,Beverage,65,True
7010,684,Nuggets,Main,85,True
7011,684,Mango Lassi,Beverage,75,False
7012,684,Chicken Burger,Main,110,False
7013,684,French Fries,Main,105,True
7014,684,Veg Wrap,Main,115,False
7015,684,Masala Chai,Beverage,65,False
7016,684,Chocolate Brownie,Dessert,110,False
7017,684,Cold Coffee,Beverage,110,False
7018,684,Cheese Sandwich,Main,120,False
7019,684,Veg Burger,Main,75,True
7020,684,Peri Peri Fries,Main,80,False
7021,684,Gulab Jamun,Dessert,90,True
7022,685,Gulab Jamun,Dessert,260,True
7023,685,Filter Coffee,Main,175,False
7024,685,Masala Dosa,Main,115,True
7025,685,Uttapam,Main,230,True
7026,685,Pongal,Main,210,False
7027,685,Mango Lassi,Beverage,215,True
7028,685,Masala Chai,Beverage,135,True
7029,685,Rava Dosa,Main,180,True
7030,685,Chocolate Brownie,Dessert,210,True
7031,685,Medu Vada,Main,235,False
7032,685,Cold Coffee,Beverage,165,True
7033,685,Curd Rice,Main,120,False
7034,686,Chocolate Brownie,Dessert,170,False
7035,686,Buttermilk,Beverage,190,True
7036,686,Cold Drink,Beverage,170,False
7037,686,Fresh Lime Soda,Beverage,120,False
7038,686,Gulab Jamun,Dessert,120,True
7039,686,Masala Chai,Beverage,230,True
7040,686,Mango Lassi,Beverage,180,True
7041,686,Masala Chai,Beverage,125,False
7042,686,Cold Coffee,Beverage,215,True
7043,687,Masala Chai,Beverage,510,False
7044,687,Mango Lassi,Beverage,315,True
7045,687,Mango Lassi,Beverage,320,True
7046,687,Buttermilk,Beverage,425,True
7047,687,Cold Drink,Beverage,305,True
7048,687,Fresh Lime Soda,Beverage,465,True
7049,687,Gulab Jamun,Dessert,260,True
7050,688,Veg Manchurian,Main,145,False
7051,688,Mango Lassi,Beverage,190,True
7052,688,Chicken Momos,Main,210,False
7053,688,Chocolate Brownie,Dessert,255,True
7054,688,Veg Hakka Noodles,Main,170,True
7055,688,Spring Roll,Main,135,True
7056,688,Gulab Jamun,Dessert,215,True
7057,689,Choco Lava Cake,Dessert,115,True
7058,689,Cold Coffee,Beverage,175,False
7059,689,Gulab Jamun,Dessert,120,False
7060,689,Masala Chai,Beverage,140,True
7061,689,Mango Lassi,Beverage,240,False
7062,689,Gulab Jamun,Dessert,185,True
7063,689,Rasmalai,Dessert,200,False
7064,689,Gajar Halwa,Dessert,150,True
7065,689,Chocolate Brownie,Dessert,185,False
7066,689,Chocolate Brownie,Dessert,185,True
7067,689,Ice Cream Tub,Dessert,240,False
7068,690,Nuggets,Main,70,True
7069,690,Mango Lassi,Beverage,150,False
7070,690,Cheese Sandwich,Main,105,True
7071,690,Masala Chai,Beverage,70,False
7072,690,Gulab Jamun,Dessert,65,True
7073,690,Peri Peri Fries,Main,95,False
7074,691,Gulab Jamun,Dessert,120,False
7075,691,Chocolate Brownie,Dessert,70,True
7076,691,Cold Coffee,Beverage,90,False
7077,691,Mango Lassi,Beverage,105,True
7078,691,Masala Chai,Beverage,85,False
7079,691,Chicken Korma,Main,140,False
7080,691,Mutton Rogan Josh,Main,75,False
7081,692,Gulab Jamun,Dessert,255,True
7082,692,Rasmalai,Dessert,225,False
7083,692,Ice Cream Tub,Dessert,230,True
7084,692,Chocolate Brownie,Dessert,140,True
7085,692,Chocolate Brownie,Dessert,215,False
7086,692,Gulab Jamun,Dessert,130,True
7087,692,Masala Chai,Beverage,175,False
7088,692,Choco Lava Cake,Dessert,150,True
7089,692,Cold Coffee,Beverage,200,True
7090,692,Gajar Halwa,Dessert,210,True
7091,692,Mango Lassi,Beverage,190,False
7092,693,Dal Makhani,Main,145,True
7093,693,Chole Bhature,Main,135,True
7094,693,Gulab Jamun,Dessert,95,False
7095,693,Cold Coffee,Beverage,80,False
7096,693,Chicken Curry,Main,120,False
7097,693,Rajma Chawal,Main,70,True
7098,693,Mango Lassi,Beverage,90,False
7099,693,Paneer Butter Masala,Main,75,False
7100,694,Veg Sandwich,Main,145,False
7101,694,Chocolate Brownie,Dessert,75,True
7102,694,Cappuccino,Main,130,True
7103,694,Masala Chai,Beverage,100,False
7104,694,Chocolate Shake,Main,65,False
7105,694,Gulab Jamun,Dessert,105,False
7106,694,Pasta Alfredo,Main,85,True
7107,694,Cold Coffee,Beverage,150,False
7108,694,Mango Lassi,Beverage,140,False
7109,694,Club Sandwich,Main,65,False
7110,694,Croissant,Main,95,True
7111,695,Mango Lassi,Beverage,450,False
7112,695,Masala Chai,Beverage,300,False
7113,695,Pav Bhaji,Main,385,True
7114,695,Chocolate Brownie,Dessert,400,True
7115,695,Kachori,Main,495,True
7116,695,Vada Pav,Main,490,False
7117,696,Gulab Jamun,Dessert,145,False
7118,696,Cold Coffee,Beverage,250,False
7119,696,Chocolate Brownie,Dessert,170,False
7120,696,Masala Chai,Beverage,150,True
7121,696,Mango Lassi,Beverage,230,True
7122,696,Veg Frankie,Main,115,False
7123,696,Double Egg Roll,Main,225,True
7124,696,Egg Roll,Main,210,False
7125,697,Butter Naan,Main,90,False
7126,697,Gulab Jamun,Dessert,125,True
7127,697,Paneer Butter Masala,Main,130,False
7128,697,Mango Lassi,Beverage,105,True
7129,697,Chicken Curry,Main,105,True
7130,697,Chole Bhature,Main,135,False
7131,697,Tandoori Roti,Main,135,False
7132,697,Masala Chai,Beverage,130,False
7133,697,Cold Coffee,Beverage,145,False
7134,697,Shahi Paneer,Main,135,False
7135,697,Dal Makhani,Main,85,True
7136,697,Chocolate Brownie,Dessert,125,True
7137,697,Rajma Chawal,Main,110,True
7138,698,Chocolate Brownie,Dessert,220,True
7139,698,Mango Lassi,Beverage,115,True
7140,698,Cold Coffee,Beverage,165,False
7141,698,Chocolate Brownie,Dessert,120,False
7142,698,Gajar Halwa,Dessert,220,False
7143,698,Ice Cream Tub,Dessert,240,True
7144,698,Masala Chai,Beverage,210,False
7145,698,Gulab Jamun,Dessert,140,True
7146,698,Rasmalai,Dessert,155,True
7147,698,Choco Lava Cake,Dessert,205,True
7148,699,Peppy Paneer Pizza,Main,165,False
7149,699,Garlic Bread,Main,200,True
7150,699,Cheese Burst Pizza,Main,225,True
7151,699,Masala Chai,Beverage,250,True
7152,699,Farmhouse Pizza,Main,185,True
7153,699,Gulab Jamun,Dessert,195,True
7154,699,Mango Lassi,Beverage,175,False
7155,699,Cold Coffee,Beverage,135,False
7156,699,Chocolate Brownie,Dessert,115,False
7157,699,Margherita Pizza,Main,220,False
7158,699,Chicken Supreme Pizza,Main,155,False
7159,700,Chilli Paneer,Main,475,True
7160,700,Chocolate Brownie,Dessert,290,True
7161,700,Chilli Chicken,Main,310,False
7162,700,Spring Roll,Main,470,False
7163,700,Mango Lassi,Beverage,475,False
7164,700,Chicken Momos,Main,335,False
7165,700,Masala Chai,Beverage,495,False
7166,700,Veg Manchurian,Main,520,False
7167,700,Cold Coffee,Beverage,260,True
7168,700,Schezwan Noodles,Main,315,False
7169,700,Veg Hakka Noodles,Main,500,True
7170,700,Gulab Jamun,Dessert,255,True
7171,700,Fried Rice,Main,295,True
7172,701,Chocolate Shake,Main,145,True
7173,701,Chocolate Brownie,Dessert,185,False
7174,701,Club Sandwich,Main,155,True
7175,701,Gulab Jamun,Dessert,150,True
7176,701,Croissant,Main,220,False
7177,701,Pasta Alfredo,Main,210,False
7178,701,Cappuccino,Main,155,True
7179,701,Veg Sandwich,Main,200,False
7180,701,Mango Lassi,Beverage,230,False
7181,701,Masala Chai,Beverage,210,False
7182,702,Mango Lassi,Beverage,70,True
7183,702,Veg Burger,Main,65,True
7184,702,Peri Peri Fries,Main,125,True
7185,702,Chocolate Brownie,Dessert,95,False
7186,702,Nuggets,Main,90,True
7187,702,Cheese Sandwich,Main,145,True
7188,702,French Fries,Main,75,True
7189,702,Cold Coffee,Beverage,140,False
7190,702,Gulab Jamun,Dessert,85,False
7191,702,Veg Wrap,Main,75,True
7192,702,Chicken Burger,Main,145,True
7193,702,Masala Chai,Beverage,80,True
7194,703,Chocolate Shake,Main,115,False
7195,703,Pasta Alfredo,Main,105,True
7196,703,Masala Chai,Beverage,65,True
7197,703,Croissant,Main,90,True
7198,703,Gulab Jamun,Dessert,130,True
7199,703,Mango Lassi,Beverage,65,True
7200,703,Veg Sandwich,Main,60,False
7201,703,Chocolate Brownie,Dessert,85,False
7202,703,Club Sandwich,Main,95,False
7203,704,Masala Chai,Beverage,70,False
7204,704,Chicken Supreme Pizza,Main,65,False
7205,704,Cold Coffee,Beverage,110,False
7206,704,Gulab Jamun,Dessert,130,True
7207,704,Margherita Pizza,Main,85,True
7208,704,Peppy Paneer Pizza,Main,115,True
7209,704,Garlic Bread,Main,105,True
7210,704,Cheese Burst Pizza,Main,115,True
7211,704,Mango Lassi,Beverage,145,False
7212,704,Chocolate Brownie,Dessert,90,False
7213,704,Farmhouse Pizza,Main,130,True
7214,705,Schezwan Noodles,Main,170,True
7215,705,Chocolate Brownie,Dessert,245,False
7216,705,Spring Roll,Main,180,False
7217,705,Gulab Jamun,Dessert,180,False
7218,705,Masala Chai,Beverage,150,True
7219,705,Mango Lassi,Beverage,205,True
7220,705,Fried Rice,Main,225,True
7221,705,Veg Hakka Noodles,Main,110,False
7222,705,Chicken Momos,Main,165,True
7223,705,Chilli Paneer,Main,180,True
7224,706,Gulab Jamun,Dessert,170,True
7225,706,Pav Bhaji,Main,200,True
7226,706,Kachori,Main,180,False
7227,706,Chocolate Brownie,Dessert,140,True
7228,706,Masala Chai,Beverage,150,True
7229,706,Samosa,Main,240,True
7230,706,Mango Lassi,Beverage,160,True
7231,707,Mango Lassi,Beverage,165,True
7232,707,Nuggets,Main,220,False
7233,707,Chocolate Brownie,Dessert,125,True
7234,707,Gulab Jamun,Dessert,210,True
7235,707,Cheese Sandwich,Main,210,True
7236,707,French Fries,Main,230,True
7237,707,Peri Peri Fries,Main,160,True
7238,707,Veg Burger,Main,140,True
7239,707,Cold Coffee,Beverage,195,False
7240,707,Masala Chai,Beverage,205,True
7241,707,Chicken Burger,Main,230,True
7242,707,Veg Wrap,Main,215,True
7243,708,Chicken Biryani,Main,185,False
7244,708,Boneless Biryani,Main,205,True
7245,708,Masala Chai,Beverage,120,True
7246,708,Hyderabadi Dum Biryani,Main,175,True
7247,708,Mutton Biryani,Main,180,True
7248,708,Cold Coffee,Beverage,180,True
7249,708,Chocolate Brownie,Dessert,255,False
7250,708,Mango Lassi,Beverage,255,False
7251,708,Veg Biryani,Main,255,True
7252,708,Chicken 65,Main,190,False
7253,708,Gulab Jamun,Dessert,180,True
7254,708,Egg Biryani,Main,210,False
7255,709,Boneless Biryani,Main,160,False
7256,709,Chocolate Brownie,Dessert,210,True
7257,709,Chicken 65,Main,240,False
7258,709,Masala Chai,Beverage,165,True
7259,709,Mutton Biryani,Main,240,False
7260,709,Veg Biryani,Main,250,False
7261,709,Egg Biryani,Main,140,True
7262,709,Hyderabadi Dum Biryani,Main,160,True
7263,709,Mango Lassi,Beverage,230,True
7264,710,Chicken Curry,Main,95,False
7265,710,Chocolate Brownie,Dessert,60,True
7266,710,Rajma Chawal,Main,100,True
7267,710,Masala Chai,Beverage,90,True
7268,710,Cold Coffee,Beverage,125,True
7269,710,Tandoori Roti,Main,80,True
7270,711,Masala Chai,Beverage,85,True
7271,711,Mango Lassi,Beverage,85,False
7272,711,Peppy Paneer Pizza,Main,65,False
7273,711,Cold Coffee,Beverage,130,True
7274,711,Chicken Supreme Pizza,Main,90,True
7275,711,Gulab Jamun,Dessert,90,True
7276,711,Cheese Burst Pizza,Main,110,False
7277,711,Margherita Pizza,Main,95,False
7278,711,Garlic Bread,Main,140,True
7279,711,Chocolate Brownie,Dessert,125,True
7280,711,Farmhouse Pizza,Main,130,False
7281,712,Masala Chai,Beverage,140,False
7282,712,Chicken 65,Main,135,True
7283,712,Veg Biryani,Main,125,False
7284,712,Hyderabadi Dum Biryani,Main,130,False
7285,712,Mango Lassi,Beverage,75,True
7286,712,Egg Biryani,Main,130,True
7287,712,Chocolate Brownie,Dessert,70,False
7288,712,Mutton Biryani,Main,145,True
7289,712,Gulab Jamun,Dessert,60,True
7290,712,Cold Coffee,Beverage,60,True
7291,712,Chicken Biryani,Main,80,False
7292,713,Vada Pav,Main,215,True
7293,713,Kachori,Main,220,True
7294,713,Pav Bhaji,Main,210,False
7295,713,Samosa,Main,250,False
7296,713,Pani Puri,Main,245,True
7297,713,Masala Chai,Beverage,160,False
7298,713,Cold Coffee,Beverage,195,True
7299,713,Gulab Jamun,Dessert,195,True
7300,713,Mango Lassi,Beverage,165,False
7301,713,Dahi Puri,Main,245,True
7302,713,Chocolate Brownie,Dessert,230,True
7303,714,Chocolate Brownie,Dessert,480,False
7304,714,Dahi Puri,Main,375,False
7305,714,Mango Lassi,Beverage,290,True
7306,714,Vada Pav,Main,395,True
7307,714,Gulab Jamun,Dessert,280,False
7308,714,Pav Bhaji,Main,490,True
7309,714,Masala Chai,Beverage,345,False
7310,714,Kachori,Main,465,True
7311,714,Pani Puri,Main,470,False
7312,714,Samosa,Main,265,True
7313,714,Cold Coffee,Beverage,445,True
7314,715,Rasmalai,Dessert,75,True
7315,715,Gulab Jamun,Dessert,70,True
7316,715,Choco Lava Cake,Dessert,110,False
7317,715,Gulab Jamun,Dessert,115,False
7318,715,Mango Lassi,Beverage,95,False
7319,715,Chocolate Brownie,Dessert,125,False
7320,715,Ice Cream Tub,Dessert,130,True
7321,715,Gajar Halwa,Dessert,110,False
7322,715,Cold Coffee,Beverage,70,True
7323,715,Chocolate Brownie,Dessert,105,True
7324,715,Masala Chai,Beverage,140,False
7325,716,Chocolate Brownie,Dessert,135,False
7326,716,Curd Rice,Main,135,True
7327,716,Idli Sambar,Main,130,True
7328,716,Cold Coffee,Beverage,175,False
7329,716,Masala Chai,Beverage,130,True
7330,716,Filter Coffee,Main,175,False
7331,716,Rava Dosa,Main,250,False
7332,716,Gulab Jamun,Dessert,130,False
7333,716,Uttapam,Main,205,True
7334,716,Mango Lassi,Beverage,210,False
7335,716,Medu Vada,Main,210,True
7336,716,Masala Dosa,Main,160,True
7337,716,Pongal,Main,130,True
7338,717,Egg Roll,Main,75,False
7339,717,Double Egg Roll,Main,145,True
7340,717,Masala Chai,Beverage,130,True
7341,717,Cold Coffee,Beverage,130,True
7342,717,Gulab Jamun,Dessert,110,False
7343,717,Paneer Roll,Main,125,False
7344,718,Butter Naan,Main,175,False
7345,718,Rajma Chawal,Main,200,False
7346,718,Chole Bhature,Main,160,False
7347,718,Masala Chai,Beverage,220,False
7348,718,Mango Lassi,Beverage,210,False
7349,718,Dal Makhani,Main,240,False
7350,718,Tandoori Roti,Main,195,True
7351,718,Paneer Butter Masala,Main,200,False
7352,718,Chocolate Brownie,Dessert,255,False
7353,718,Chicken Curry,Main,175,False
7354,718,Gulab Jamun,Dessert,185,False
7355,718,Cold Coffee,Beverage,175,True
7356,718,Shahi Paneer,Main,175,True
7357,719,Mango Lassi,Beverage,140,True
7358,719,Fresh Lime Soda,Beverage,145,False
7359,719,Cold Coffee,Beverage,95,False
7360,719,Masala Chai,Beverage,65,False
7361,719,Gulab Jamun,Dessert,120,False
7362,719,Masala Chai,Beverage,100,True
7363,719,Cold Drink,Beverage,65,True
7364,719,Chocolate Brownie,Dessert,100,True
7365,719,Cold Coffee,Beverage,115,True
7366,719,Mango Lassi,Beverage,70,True
7367,719,Buttermilk,Beverage,140,False
7368,720,Chicken Biryani,Main,210,False
7369,720,Cold Coffee,Beverage,195,True
7370,720,Chicken 65,Main,175,False
7371,720,Mutton Biryani,Main,115,False
7372,720,Hyderabadi Dum Biryani,Main,165,True
7373,720,Veg Biryani,Main,195,True
7374,720,Boneless Biryani,Main,250,True
7375,720,Masala Chai,Beverage,225,True
7376,720,Egg Biryani,Main,160,True
7377,720,Chocolate Brownie,Dessert,145,True
7378,720,Mango Lassi,Beverage,160,True
7379,720,Gulab Jamun,Dessert,240,False
7380,721,Chocolate Brownie,Dessert,90,True
7381,721,Masala Chai,Beverage,75,True
7382,721,Pav Bhaji,Main,140,False
7383,721,Dahi Puri,Main,85,True
7384,721,Cold Coffee,Beverage,145,True
7385,721,Mango Lassi,Beverage,90,True
7386,721,Pani Puri,Main,95,True
7387,721,Kachori,Main,125,True
7388,721,Gulab Jamun,Dessert,100,True
7389,721,Vada Pav,Main,90,True
7390,721,Samosa,Main,105,True
7391,722,Chicken Momos,Main,140,True
7392,722,Fried Rice,Main,125,False
7393,722,Masala Chai,Beverage,95,True
7394,722,Chilli Chicken,Main,95,True
7395,722,Chocolate Brownie,Dessert,65,False
7396,722,Spring Roll,Main,135,False
7397,722,Veg Manchurian,Main,135,False
7398,722,Mango Lassi,Beverage,120,False
7399,722,Chilli Paneer,Main,145,True
7400,722,Schezwan Noodles,Main,145,False
7401,722,Gulab Jamun,Dessert,85,False
7402,722,Veg Hakka Noodles,Main,80,True
7403,722,Cold Coffee,Beverage,115,True
7404,723,Masala Dosa,Main,125,True
7405,723,Gulab Jamun,Dessert,245,True
7406,723,Masala Chai,Beverage,180,False
7407,723,Uttapam,Main,145,False
7408,723,Curd Rice,Main,145,False
7409,723,Mango Lassi,Beverage,240,True
7410,723,Idli Sambar,Main,130,False
7411,723,Rava Dosa,Main,210,False
7412,723,Pongal,Main,185,True
7413,723,Cold Coffee,Beverage,220,True
7414,723,Chocolate Brownie,Dessert,190,True
7415,723,Filter Coffee,Main,160,False
7416,724,Quinoa Salad,Main,80,True
7417,724,Chocolate Brownie,Dessert,95,True
7418,724,Grilled Chicken Bowl,Main,70,False
7419,724,Fruit Bowl,Main,140,False
7420,724,Cold Coffee,Beverage,145,True
7421,724,Sprout Salad,Main,130,True
7422,724,Mango Lassi,Beverage,105,False
7423,725,Peri Peri Fries,Main,220,True
7424,725,Veg Burger,Main,140,False
7425,725,Masala Chai,Beverage,250,False
7426,725,French Fries,Main,215,False
7427,725,Mango Lassi,Beverage,130,True
7428,725,Chicken Burger,Main,115,True
7429,726,Masala Chai,Beverage,60,True
7430,726,Pasta Alfredo,Main,130,True
7431,726,Chocolate Shake,Main,125,True
7432,726,Club Sandwich,Main,100,False
7433,726,Chocolate Brownie,Dessert,90,False
7434,726,Cold Coffee,Beverage,70,False
7435,726,Cappuccino,Main,140,True
7436,726,Veg Sandwich,Main,110,False
7437,726,Gulab Jamun,Dessert,70,True
7438,727,Seekh Kebab,Main,365,True
7439,727,Masala Chai,Beverage,325,True
7440,727,Gulab Jamun,Dessert,465,False
7441,727,Chocolate Brownie,Dessert,430,True
7442,727,Chicken Korma,Main,520,True
7443,727,Mutton Rogan Josh,Main,430,False
7444,727,Cold Coffee,Beverage,315,True
7445,727,Galouti Kebab,Main,445,True
7446,727,Mango Lassi,Beverage,510,False
7447,728,Veg Biryani,Main,115,True
7448,728,Gulab Jamun,Dessert,145,True
7449,728,Cold Coffee,Beverage,90,True
7450,728,Chicken Biryani,Main,90,False
7451,728,Hyderabadi Dum Biryani,Main,145,True
7452,728,Mutton Biryani,Main,75,True
7453,728,Boneless Biryani,Main,110,True
7454,728,Mango Lassi,Beverage,70,False
7455,728,Masala Chai,Beverage,130,True
7456,728,Egg Biryani,Main,110,False
7457,728,Chicken 65,Main,65,False
7458,728,Chocolate Brownie,Dessert,85,True
7459,729,Veg Biryani,Main,210,True
7460,729,Chicken Biryani,Main,170,False
7461,729,Mutton Biryani,Main,130,False
7462,729,Hyderabadi Dum Biryani,Main,155,False
7463,729,Gulab Jamun,Dessert,165,True
7464,729,Chicken 65,Main,200,False
7465,729,Chocolate Brownie,Dessert,205,False
7466,729,Masala Chai,Beverage,230,True
7467,729,Mango Lassi,Beverage,110,True
7468,729,Boneless Biryani,Main,145,True
7469,729,Egg Biryani,Main,145,True
7470,729,Cold Coffee,Beverage,180,False
7471,730,Veg Wrap,Main,300,True
7472,730,Chicken Burger,Main,430,True
7473,730,Peri Peri Fries,Main,270,True
7474,730,Veg Burger,Main,280,False
7475,730,French Fries,Main,315,False
7476,730,Chocolate Brownie,Dessert,395,True
7477,730,Mango Lassi,Beverage,295,False
7478,730,Gulab Jamun,Dessert,385,False
7479,730,Cold Coffee,Beverage,380,False
7480,730,Masala Chai,Beverage,395,False
7481,730,Cheese Sandwich,Main,395,False
7482,730,Nuggets,Main,480,True
7483,731,Chocolate Brownie,Dessert,155,True
7484,731,Cold Coffee,Beverage,115,False
7485,731,Cold Coffee,Beverage,195,False
7486,731,Cold Drink,Beverage,155,True
7487,731,Mango Lassi,Beverage,115,False
7488,731,Masala Chai,Beverage,135,True
7489,731,Buttermilk,Beverage,210,True
7490,732,Chocolate Brownie,Dessert,145,True
7491,732,Vada Pav,Main,95,False
7492,732,Kachori,Main,115,True
7493,732,Samosa,Main,130,True
7494,732,Gulab Jamun,Dessert,110,False
7495,732,Cold Coffee,Beverage,85,False
7496,732,Masala Chai,Beverage,140,True
7497,732,Mango Lassi,Beverage,80,False
7498,732,Pani Puri,Main,100,True
7499,732,Dahi Puri,Main,60,True
7500,732,Pav Bhaji,Main,105,False
7501,733,Masala Chai,Beverage,190,True
7502,733,Schezwan Noodles,Main,140,True
7503,733,Spring Roll,Main,215,False
7504,733,Mango Lassi,Beverage,130,False
7505,733,Chilli Chicken,Main,160,True
7506,733,Chocolate Brownie,Dessert,190,False
7507,733,Chilli Paneer,Main,190,True
7508,733,Cold Coffee,Beverage,150,True
7509,733,Chicken Momos,Main,195,True
7510,733,Fried Rice,Main,160,True
7511,733,Veg Manchurian,Main,160,True
7512,733,Gulab Jamun,Dessert,250,True
7513,734,Paneer Roll,Main,135,True
7514,734,Veg Frankie,Main,95,True
7515,734,Egg Roll,Main,120,True
7516,734,Cold Coffee,Beverage,100,True
7517,734,Chocolate Brownie,Dessert,70,True
7518,734,Masala Chai,Beverage,140,False
7519,734,Chicken Roll,Main,135,True
7520,734,Mango Lassi,Beverage,75,True
7521,734,Double Egg Roll,Main,70,False
7522,734,Gulab Jamun,Dessert,130,False
7523,735,Spring Roll,Main,220,True
7524,735,Cold Coffee,Beverage,215,True
7525,735,Mango Lassi,Beverage,230,True
7526,735,Chilli Chicken,Main,165,False
7527,735,Chicken Momos,Main,170,True
7528,735,Chilli Paneer,Main,175,False
7529,735,Masala Chai,Beverage,200,False
7530,735,Veg Hakka Noodles,Main,110,True
7531,735,Fried Rice,Main,185,False
7532,735,Gulab Jamun,Dessert,125,True
7533,735,Veg Manchurian,Main,260,True
7534,736,Veg Wrap,Main,210,True
7535,736,Veg Burger,Main,170,True
7536,736,French Fries,Main,120,True
7537,736,Peri Peri Fries,Main,145,False
7538,736,Gulab Jamun,Dessert,235,True
7539,736,Mango Lassi,Beverage,110,True
7540,736,Chicken Burger,Main,165,False
7541,736,Cold Coffee,Beverage,255,True
7542,736,Nuggets,Main,135,False
7543,736,Masala Chai,Beverage,175,True
7544,736,Chocolate Brownie,Dessert,215,True
7545,736,Cheese Sandwich,Main,145,False
7546,737,Cold Coffee,Beverage,165,False
7547,737,Rasmalai,Dessert,160,True
7548,737,Choco Lava Cake,Dessert,180,False
7549,737,Masala Chai,Beverage,115,False
7550,737,Chocolate Brownie,Dessert,150,False
7551,737,Mango Lassi,Beverage,125,True
7552,737,Gulab Jamun,Dessert,180,True
7553,737,Chocolate Brownie,Dessert,150,True
7554,737,Gulab Jamun,Dessert,150,True
7555,737,Gajar Halwa,Dessert,130,False
7556,737,Ice Cream Tub,Dessert,130,True
7557,738,Club Sandwich,Main,245,True
7558,738,Croissant,Main,145,True
7559,738,Veg Sandwich,Main,165,True
7560,738,Cappuccino,Main,225,False
7561,738,Chocolate Brownie,Dessert,225,True
7562,738,Gulab Jamun,Dessert,115,False
7563,738,Masala Chai,Beverage,180,False
7564,738,Pasta Alfredo,Main,120,False
7565,738,Mango Lassi,Beverage,125,False
7566,738,Cold Coffee,Beverage,120,True
7567,738,Chocolate Shake,Main,160,True
7568,739,Egg Biryani,Main,115,False
7569,739,Mango Lassi,Beverage,80,True
7570,739,Mutton Biryani,Main,95,True
7571,739,Cold Coffee,Beverage,100,False
7572,739,Chicken 65,Main,120,False
7573,739,Boneless Biryani,Main,115,True
7574,739,Gulab Jamun,Dessert,60,True
7575,739,Veg Biryani,Main,140,False
7576,739,Chicken Biryani,Main,110,True
7577,739,Chocolate Brownie,Dessert,145,True
7578,740,Cold Coffee,Beverage,120,True
7579,740,Masala Chai,Beverage,75,False
7580,740,Mango Lassi,Beverage,60,False
7581,740,Veg Manchurian,Main,140,True
7582,740,Gulab Jamun,Dessert,85,True
7583,740,Chilli Paneer,Main,130,True
7584,740,Veg Hakka Noodles,Main,110,True
7585,740,Chocolate Brownie,Dessert,130,False
7586,740,Chicken Momos,Main,110,True
7587,740,Schezwan Noodles,Main,130,True
7588,740,Spring Roll,Main,100,True
7589,740,Chilli Chicken,Main,85,True
7590,740,Fried Rice,Main,110,False
7591,741,Masala Dosa,Main,255,True
7592,741,Gulab Jamun,Dessert,220,True
7593,741,Cold Coffee,Beverage,130,False
7594,741,Pongal,Main,215,True
7595,741,Idli Sambar,Main,135,True
7596,741,Filter Coffee,Main,120,True
7597,741,Uttapam,Main,215,True
7598,741,Medu Vada,Main,210,True
7599,741,Rava Dosa,Main,225,False
7600,742,Butter Naan,Main,170,False
7601,742,Cold Coffee,Beverage,170,True
7602,742,Chole Bhature,Main,190,True
7603,742,Paneer Butter Masala,Main,115,True
7604,742,Chocolate Brownie,Dessert,115,True
7605,742,Rajma Chawal,Main,205,False
7606,742,Tandoori Roti,Main,140,False
7607,742,Dal Makhani,Main,170,True
7608,742,Masala Chai,Beverage,250,False
7609,742,Mango Lassi,Beverage,195,True
7610,742,Chicken Curry,Main,110,True
7611,742,Gulab Jamun,Dessert,240,False
7612,743,Veg Hakka Noodles,Main,190,True
7613,743,Gulab Jamun,Dessert,250,True
7614,743,Masala Chai,Beverage,255,False
7615,743,Chilli Paneer,Main,200,True
7616,743,Chicken Momos,Main,195,True
7617,743,Chocolate Brownie,Dessert,250,True
7618,743,Veg Manchurian,Main,170,False
7619,743,Schezwan Noodles,Main,115,True
7620,743,Fried Rice,Main,215,True
7621,743,Spring Roll,Main,135,True
7622,743,Mango Lassi,Beverage,190,True
7623,743,Cold Coffee,Beverage,155,True
7624,743,Chilli Chicken,Main,155,True
7625,744,Croissant,Main,190,True
7626,744,Veg Sandwich,Main,140,False
7627,744,Gulab Jamun,Dessert,260,True
7628,744,Chocolate Brownie,Dessert,115,True
7629,744,Cappuccino,Main,130,False
7630,744,Chocolate Shake,Main,130,True
7631,744,Club Sandwich,Main,180,True
7632,744,Cold Coffee,Beverage,220,True
7633,744,Mango Lassi,Beverage,245,True
7634,744,Pasta Alfredo,Main,115,True
7635,744,Masala Chai,Beverage,180,True
7636,745,Hyderabadi Dum Biryani,Main,145,True
7637,745,Mango Lassi,Beverage,255,False
7638,745,Masala Chai,Beverage,220,False
7639,745,Veg Biryani,Main,140,False
7640,745,Chocolate Brownie,Dessert,255,True
7641,745,Mutton Biryani,Main,245,False
7642,746,Masala Chai,Beverage,435,False
7643,746,Schezwan Noodles,Main,255,True
7644,746,Gulab Jamun,Dessert,485,True
7645,746,Chilli Paneer,Main,290,True
7646,746,Mango Lassi,Beverage,450,True
7647,746,Veg Hakka Noodles,Main,380,True
7648,746,Chilli Chicken,Main,300,True
7649,746,Fried Rice,Main,275,False
7650,746,Cold Coffee,Beverage,285,False
7651,746,Spring Roll,Main,385,True
7652,746,Chicken Momos,Main,410,True
7653,746,Veg Manchurian,Main,265,True
7654,746,Chocolate Brownie,Dessert,385,True
7655,747,Chicken Roll,Main,175,True
7656,747,Masala Chai,Beverage,205,False
7657,747,Paneer Roll,Main,145,True
7658,747,Double Egg Roll,Main,215,True
7659,747,Mango Lassi,Beverage,230,False
7660,747,Egg Roll,Main,235,True
7661,747,Chocolate Brownie,Dessert,140,True
7662,747,Cold Coffee,Beverage,160,False
7663,747,Gulab Jamun,Dessert,180,True
7664,747,Veg Frankie,Main,140,True
7665,748,Masala Chai,Beverage,125,True
7666,748,Medu Vada,Main,95,True
7667,748,Chocolate Brownie,Dessert,120,True
7668,748,Pongal,Main,110,False
7669,748,Masala Dosa,Main,100,True
7670,748,Cold Coffee,Beverage,80,False
7671,749,Mango Lassi,Beverage,110,True
7672,749,Filter Coffee,Main,140,True
7673,749,Masala Dosa,Main,130,True
7674,749,Masala Chai,Beverage,140,False
7675,749,Medu Vada,Main,100,True
7676,749,Gulab Jamun,Dessert,75,True
7677,749,Cold Coffee,Beverage,130,False
7678,749,Pongal,Main,80,True
7679,749,Idli Sambar,Main,90,False
7680,749,Curd Rice,Main,90,False
7681,749,Rava Dosa,Main,125,True
7682,749,Uttapam,Main,90,True
7683,749,Chocolate Brownie,Dessert,140,True
7684,750,Dahi Puri,Main,135,True
7685,750,Kachori,Main,210,False
7686,750,Samosa,Main,210,True
7687,750,Masala Chai,Beverage,170,False
7688,750,Cold Coffee,Beverage,240,False
7689,750,Gulab Jamun,Dessert,130,False
7690,750,Mango Lassi,Beverage,140,True
7691,750,Vada Pav,Main,255,False
7692,750,Pav Bhaji,Main,150,False
7693,750,Chocolate Brownie,Dessert,160,True
7694,750,Pani Puri,Main,240,False
7695,751,Shahi Paneer,Main,85,False
7696,751,Cold Coffee,Beverage,145,True
7697,751,Chocolate Brownie,Dessert,80,False
7698,751,Tandoori Roti,Main,95,True
7699,751,Butter Naan,Main,65,True
7700,751,Chicken Curry,Main,110,False
7701,751,Masala Chai,Beverage,145,True
7702,751,Dal Makhani,Main,85,True
7703,751,Gulab Jamun,Dessert,65,True
7704,751,Rajma Chawal,Main,90,True
7705,751,Paneer Butter Masala,Main,65,True
7706,751,Chole Bhature,Main,75,False
7707,751,Mango Lassi,Beverage,90,False
7708,752,Chicken Biryani,Main,95,True
7709,752,Mango Lassi,Beverage,65,True
7710,752,Veg Biryani,Main,140,False
7711,752,Cold Coffee,Beverage,115,True
7712,752,Chocolate Brownie,Dessert,115,True
7713,752,Hyderabadi Dum Biryani,Main,90,True
7714,752,Mutton Biryani,Main,65,True
7715,752,Gulab Jamun,Dessert,70,True
7716,752,Boneless Biryani,Main,90,False
7717,752,Chicken 65,Main,85,True
7718,752,Masala Chai,Beverage,95,True
7719,752,Egg Biryani,Main,130,False
7720,753,Chicken Burger,Main,160,True
7721,753,Cheese Sandwich,Main,155,False
7722,753,French Fries,Main,260,False
7723,753,Mango Lassi,Beverage,180,True
7724,753,Chocolate Brownie,Dessert,180,True
7725,753,Cold Coffee,Beverage,260,True
7726,753,Veg Burger,Main,230,True
7727,753,Masala Chai,Beverage,210,False
7728,753,Veg Wrap,Main,200,False
7729,753,Gulab Jamun,Dessert,115,True
7730,753,Peri Peri Fries,Main,190,True
7731,753,Nuggets,Main,200,True
7732,754,Pongal,Main,145,False
7733,754,Idli Sambar,Main,140,True
7734,754,Chocolate Brownie,Dessert,210,True
7735,754,Masala Dosa,Main,255,False
7736,754,Masala Chai,Beverage,135,True
7737,754,Cold Coffee,Beverage,155,True
7738,754,Rava Dosa,Main,140,True
7739,754,Filter Coffee,Main,240,False
7740,754,Gulab Jamun,Dessert,135,False
7741,754,Uttapam,Main,145,True
7742,754,Mango Lassi,Beverage,140,True
7743,754,Curd Rice,Main,170,False
7744,754,Medu Vada,Main,180,False
7745,755,Cold Coffee,Beverage,370,False
7746,755,Masala Chai,Beverage,295,True
7747,755,Chicken Momos,Main,515,False
7748,755,Mango Lassi,Beverage,395,True
7749,755,Fried Rice,Main,300,False
7750,755,Spring Roll,Main,430,True
7751,755,Schezwan Noodles,Main,245,True
7752,755,Gulab Jamun,Dessert,445,False
7753,755,Veg Manchurian,Main,340,True
7754,755,Chilli Chicken,Main,450,False
7755,755,Chilli Paneer,Main,305,False
7756,755,Chocolate Brownie,Dessert,245,True
7757,755,Veg Hakka Noodles,Main,305,False
7758,756,Rava Dosa,Main,115,True
7759,756,Medu Vada,Main,145,False
7760,756,Idli Sambar,Main,120,False
7761,756,Curd Rice,Main,100,False
7762,756,Masala Chai,Beverage,115,False
7763,756,Cold Coffee,Beverage,150,True
7764,756,Pongal,Main,115,True
7765,756,Gulab Jamun,Dessert,135,False
7766,757,Veg Manchurian,Main,65,True
7767,757,Chicken Momos,Main,90,True
7768,757,Mango Lassi,Beverage,135,False
7769,757,Fried Rice,Main,120,True
7770,757,Spring Roll,Main,95,False
7771,757,Veg Hakka Noodles,Main,125,True
7772,757,Masala Chai,Beverage,100,True
7773,757,Gulab Jamun,Dessert,70,True
7774,758,Masala Chai,Beverage,235,True
7775,758,Mango Lassi,Beverage,125,True
7776,758,Gulab Jamun,Dessert,260,True
7777,758,Cold Coffee,Beverage,205,True
7778,758,Pasta Alfredo,Main,175,True
7779,758,Cappuccino,Main,255,True
7780,758,Chocolate Brownie,Dessert,145,False
7781,758,Veg Sandwich,Main,120,False
7782,758,Club Sandwich,Main,160,False
7783,758,Croissant,Main,230,True
7784,759,Boneless Biryani,Main,100,False
7785,759,Veg Biryani,Main,95,True
7786,759,Chocolate Brownie,Dessert,100,False
7787,759,Egg Biryani,Main,80,True
7788,759,Mutton Biryani,Main,75,True
7789,759,Chicken 65,Main,110,True
7790,759,Hyderabadi Dum Biryani,Main,125,False
7791,759,Chicken Biryani,Main,135,False
7792,759,Cold Coffee,Beverage,75,False
7793,759,Mango Lassi,Beverage,125,False
7794,759,Masala Chai,Beverage,125,False
7795,759,Gulab Jamun,Dessert,125,False
7796,760,Boneless Biryani,Main,310,False
7797,760,Mango Lassi,Beverage,395,False
7798,760,Masala Chai,Beverage,380,False
7799,760,Chicken Biryani,Main,250,True
7800,760,Hyderabadi Dum Biryani,Main,320,True
7801,760,Veg Biryani,Main,505,True
7802,760,Gulab Jamun,Dessert,405,True
7803,760,Chocolate Brownie,Dessert,310,False
7804,760,Cold Coffee,Beverage,425,True
7805,761,Chicken Momos,Main,180,False
7806,761,Masala Chai,Beverage,250,False
7807,761,Veg Hakka Noodles,Main,160,True
7808,761,Gulab Jamun,Dessert,255,True
7809,761,Chilli Chicken,Main,195,True
7810,761,Schezwan Noodles,Main,250,True
7811,762,Samosa,Main,210,True
7812,762,Pav Bhaji,Main,175,False
7813,762,Masala Chai,Beverage,255,True
7814,762,Chocolate Brownie,Dessert,135,True
7815,762,Dahi Puri,Main,160,True
7816,762,Cold Coffee,Beverage,175,True
7817,762,Mango Lassi,Beverage,185,False
7818,762,Vada Pav,Main,145,False
7819,762,Kachori,Main,115,False
7820,762,Pani Puri,Main,250,True
7821,762,Gulab Jamun,Dessert,230,True
7822,763,Masala Chai,Beverage,315,True
7823,763,Paneer Butter Masala,Main,405,True
7824,763,Chicken Curry,Main,255,True
7825,763,Rajma Chawal,Main,380,False
7826,763,Chocolate Brownie,Dessert,505,False
7827,763,Mango Lassi,Beverage,385,True
7828,763,Tandoori Roti,Main,435,False
7829,763,Shahi Paneer,Main,450,False
7830,763,Chole Bhature,Main,365,False
7831,763,Butter Naan,Main,425,True
7832,763,Cold Coffee,Beverage,410,True
7833,763,Dal Makhani,Main,295,False
7834,763,Gulab Jamun,Dessert,420,False
7835,764,Croissant,Main,145,True
7836,764,Veg Sandwich,Main,170,True
7837,764,Club Sandwich,Main,195,True
7838,764,Cappuccino,Main,185,True
7839,764,Masala Chai,Beverage,180,False
7840,764,Chocolate Brownie,Dessert,125,True
7841,764,Mango Lassi,Beverage,205,False
7842,764,Gulab Jamun,Dessert,250,False
7843,764,Cold Coffee,Beverage,220,False
7844,765,Chocolate Brownie,Dessert,80,True
7845,765,Mango Lassi,Beverage,75,True
7846,765,Masala Chai,Beverage,130,True
7847,765,Gulab Jamun,Dessert,65,False
7848,765,Cold Coffee,Beverage,125,True
7849,765,Veg Manchurian,Main,90,True
7850,765,Schezwan Noodles,Main,65,True
7851,765,Chilli Paneer,Main,115,False
7852,765,Fried Rice,Main,110,True
7853,765,Chicken Momos,Main,90,False
7854,765,Chilli Chicken,Main,115,False
7855,765,Spring Roll,Main,95,True
7856,765,Veg Hakka Noodles,Main,140,True
7857,766,Masala Chai,Beverage,260,True
7858,766,Samosa,Main,130,True
7859,766,Kachori,Main,215,False
7860,766,Chocolate Brownie,Dessert,175,True
7861,766,Dahi Puri,Main,235,True
7862,766,Gulab Jamun,Dessert,120,False
7863,766,Pav Bhaji,Main,190,False
7864,766,Vada Pav,Main,255,False
7865,766,Cold Coffee,Beverage,180,False
7866,766,Mango Lassi,Beverage,205,False
7867,766,Pani Puri,Main,130,False
7868,767,Gulab Jamun,Dessert,220,True
7869,767,Fried Rice,Main,180,True
7870,767,Schezwan Noodles,Main,255,False
7871,767,Veg Manchurian,Main,210,False
7872,767,Mango Lassi,Beverage,195,True
7873,767,Veg Hakka Noodles,Main,160,True
7874,767,Masala Chai,Beverage,230,False
7875,767,Cold Coffee,Beverage,170,True
7876,767,Spring Roll,Main,240,False
7877,767,Chilli Paneer,Main,230,True
7878,768,Dal Makhani,Main,235,True
7879,768,Paneer Butter Masala,Main,245,False
7880,768,Shahi Paneer,Main,130,False
7881,768,Cold Coffee,Beverage,185,False
7882,768,Mango Lassi,Beverage,155,False
7883,768,Chole Bhature,Main,190,True
7884,768,Chocolate Brownie,Dessert,230,False
7885,768,Chicken Curry,Main,190,False
7886,768,Rajma Chawal,Main,250,False
7887,768,Tandoori Roti,Main,135,False
7888,768,Butter Naan,Main,155,True
7889,768,Masala Chai,Beverage,255,True
7890,768,Gulab Jamun,Dessert,140,False
7891,769,French Fries,Main,495,True
7892,769,Mango Lassi,Beverage,305,True
7893,769,Nuggets,Main,335,True
7894,769,Veg Wrap,Main,265,True
7895,769,Chocolate Brownie,Dessert,360,True
7896,769,Cold Coffee,Beverage,455,True
7897,769,Masala Chai,Beverage,255,True
7898,769,Peri Peri Fries,Main,325,True
7899,769,Chicken Burger,Main,300,True
7900,769,Gulab Jamun,Dessert,355,True
7901,770,Filter Coffee,Main,105,False
7902,770,Uttapam,Main,65,True
7903,770,Mango Lassi,Beverage,145,True
7904,770,Idli Sambar,Main,85,False
7905,770,Chocolate Brownie,Dessert,90,False
7906,770,Masala Chai,Beverage,85,True
7907,770,Medu Vada,Main,75,True
7908,770,Pongal,Main,95,False
7909,770,Masala Dosa,Main,105,True
7910,770,Cold Coffee,Beverage,80,False
7911,770,Rava Dosa,Main,85,True
7912,770,Gulab Jamun,Dessert,145,False
7913,770,Curd Rice,Main,80,True
7914,771,Ice Cream Tub,Dessert,125,False
7915,771,Choco Lava Cake,Dessert,120,False
7916,771,Chocolate Brownie,Dessert,155,False
7917,771,Chocolate Brownie,Dessert,255,True
7918,771,Rasmalai,Dessert,205,True
7919,771,Gajar Halwa,Dessert,185,True
7920,771,Gulab Jamun,Dessert,140,False
7921,771,Masala Chai,Beverage,160,True
7922,771,Gulab Jamun,Dessert,160,False
7923,771,Cold Coffee,Beverage,255,False
7924,771,Mango Lassi,Beverage,225,False
7925,772,Cold Coffee,Beverage,105,False
7926,772,Chicken Supreme Pizza,Main,125,True
7927,772,Peppy Paneer Pizza,Main,130,False
7928,772,Gulab Jamun,Dessert,135,True
7929,772,Garlic Bread,Main,150,False
7930,772,Cheese Burst Pizza,Main,140,True
7931,772,Mango Lassi,Beverage,145,True
7932,772,Farmhouse Pizza,Main,65,True
7933,772,Margherita Pizza,Main,145,False
7934,772,Chocolate Brownie,Dessert,105,False
7935,772,Masala Chai,Beverage,110,True
7936,773,Cheese Burst Pizza,Main,95,True
7937,773,Peppy Paneer Pizza,Main,105,False
7938,773,Farmhouse Pizza,Main,85,False
7939,773,Garlic Bread,Main,115,True
7940,773,Gulab Jamun,Dessert,120,False
7941,773,Cold Coffee,Beverage,110,True
7942,773,Chicken Supreme Pizza,Main,135,False
7943,774,Uttapam,Main,230,False
7944,774,Chocolate Brownie,Dessert,215,True
7945,774,Idli Sambar,Main,135,True
7946,774,Mango Lassi,Beverage,180,False
7947,774,Cold Coffee,Beverage,190,True
7948,774,Gulab Jamun,Dessert,180,True
7949,774,Filter Coffee,Main,240,True
7950,774,Rava Dosa,Main,115,True
7951,774,Curd Rice,Main,155,False
7952,774,Pongal,Main,235,False
7953,774,Masala Chai,Beverage,260,True
7954,774,Masala Dosa,Main,140,True
7955,774,Medu Vada,Main,210,True
7956,775,Chicken Roll,Main,240,True
7957,775,Chocolate Brownie,Dessert,115,False
7958,775,Egg Roll,Main,255,False
7959,775,Double Egg Roll,Main,135,True
7960,775,Cold Coffee,Beverage,240,True
7961,775,Paneer Roll,Main,190,False
7962,775,Gulab Jamun,Dessert,180,True
7963,775,Masala Chai,Beverage,115,True
7964,775,Mango Lassi,Beverage,185,False
7965,776,Veg Manchurian,Main,250,True
7966,776,Chicken Momos,Main,135,True
7967,776,Mango Lassi,Beverage,145,True
7968,776,Schezwan Noodles,Main,155,True
7969,776,Gulab Jamun,Dessert,145,True
7970,776,Fried Rice,Main,210,True
7971,777,Chocolate Brownie,Dessert,65,True
7972,777,Sprout Salad,Main,105,False
7973,777,Masala Chai,Beverage,70,True
7974,777,Quinoa Salad,Main,135,False
7975,777,Mango Lassi,Beverage,140,True
7976,777,Fruit Bowl,Main,140,True
7977,777,Gulab Jamun,Dessert,65,False
7978,777,Cold Coffee,Beverage,60,True
7979,777,Grilled Chicken Bowl,Main,65,True
7980,778,Gulab Jamun,Dessert,140,True
7981,778,Chicken Roll,Main,60,True
7982,778,Chocolate Brownie,Dessert,115,False
7983,778,Masala Chai,Beverage,90,False
7984,778,Double Egg Roll,Main,120,False
7985,778,Cold Coffee,Beverage,125,True
7986,778,Egg Roll,Main,120,False
7987,778,Mango Lassi,Beverage,115,True
7988,778,Veg Frankie,Main,105,True
7989,778,Paneer Roll,Main,140,True
7990,779,Mango Lassi,Beverage,225,False
7991,779,Cold Coffee,Beverage,150,True
7992,779,Peri Peri Fries,Main,255,True
7993,779,Masala Chai,Beverage,230,True
7994,779,French Fries,Main,185,False
7995,779,Veg Wrap,Main,180,True
7996,779,Gulab Jamun,Dessert,115,True
7997,779,Cheese Sandwich,Main,195,False
7998,779,Nuggets,Main,190,True
7999,779,Chicken Burger,Main,260,True
8000,779,Chocolate Brownie,Dessert,170,True
8001,779,Veg Burger,Main,225,True
8002,780,Pasta Alfredo,Main,140,False
8003,780,Cappuccino,Main,250,True
8004,780,Chocolate Shake,Main,245,True
8005,780,Masala Chai,Beverage,210,False
8006,780,Gulab Jamun,Dessert,175,False
8007,780,Club Sandwich,Main,180,False
8008,780,Veg Sandwich,Main,130,True
8009,780,Chocolate Brownie,Dessert,165,True
8010,780,Mango Lassi,Beverage,135,True
8011,781,Cheese Sandwich,Main,480,False
8012,781,Peri Peri Fries,Main,395,True
8013,781,Chicken Burger,Main,420,True
8014,781,Veg Burger,Main,255,True
8015,781,French Fries,Main,265,True
8016,781,Veg Wrap,Main,505,False
8017,781,Mango Lassi,Beverage,435,False
8018,781,Cold Coffee,Beverage,305,True
8019,781,Masala Chai,Beverage,440,True
8020,781,Gulab Jamun,Dessert,350,False
8021,781,Nuggets,Main,465,True
8022,781,Chocolate Brownie,Dessert,415,False
8023,782,Mango Lassi,Beverage,135,False
8024,782,Cheese Sandwich,Main,240,False
8025,782,French Fries,Main,200,True
8026,782,Veg Burger,Main,255,True
8027,782,Gulab Jamun,Dessert,115,True
8028,782,Chicken Burger,Main,220,False
8029,782,Chocolate Brownie,Dessert,230,True
8030,782,Peri Peri Fries,Main,205,False
8031,782,Masala Chai,Beverage,210,True
8032,782,Cold Coffee,Beverage,255,False
8033,782,Nuggets,Main,205,True
8034,782,Veg Wrap,Main,250,False
8035,783,Idli Sambar,Main,425,False
8036,783,Mango Lassi,Beverage,460,False
8037,783,Uttapam,Main,450,True
8038,783,Masala Dosa,Main,315,True
8039,783,Filter Coffee,Main,320,True
8040,783,Masala Chai,Beverage,280,True
8041,783,Curd Rice,Main,295,False
8042,783,Cold Coffee,Beverage,390,True
8043,783,Rava Dosa,Main,305,True
8044,783,Chocolate Brownie,Dessert,515,True
8045,783,Gulab Jamun,Dessert,475,False
8046,783,Medu Vada,Main,460,True
8047,783,Pongal,Main,325,True
8048,784,Cold Coffee,Beverage,185,False
8049,784,Chocolate Brownie,Dessert,210,False
8050,784,Mango Lassi,Beverage,195,False
8051,784,Masala Chai,Beverage,120,True
8052,784,Gulab Jamun,Dessert,215,True
8053,784,Chicken Supreme Pizza,Main,145,True
8054,784,Cheese Burst Pizza,Main,240,False
8055,784,Margherita Pizza,Main,120,True
8056,784,Garlic Bread,Main,140,True
8057,784,Farmhouse Pizza,Main,150,True
8058,784,Peppy Paneer Pizza,Main,215,False
8059,785,Mango Lassi,Beverage,70,True
8060,785,Veg Hakka Noodles,Main,85,False
8061,785,Chilli Paneer,Main,150,False
8062,785,Veg Manchurian,Main,80,True
8063,785,Masala Chai,Beverage,65,True
8064,785,Cold Coffee,Beverage,145,False
8065,785,Spring Roll,Main,80,False
8066,785,Chilli Chicken,Main,65,True
8067,785,Chicken Momos,Main,80,True
8068,785,Schezwan Noodles,Main,80,True
8069,786,Cold Coffee,Beverage,190,False
8070,786,Butter Naan,Main,180,False
8071,786,Tandoori Roti,Main,245,True
8072,786,Masala Chai,Beverage,110,True
8073,786,Paneer Butter Masala,Main,140,True
8074,786,Chicken Curry,Main,175,True
8075,786,Shahi Paneer,Main,240,True
8076,786,Dal Makhani,Main,155,False
8077,786,Mango Lassi,Beverage,205,True
8078,786,Chocolate Brownie,Dessert,135,True
8079,786,Gulab Jamun,Dessert,245,True
8080,786,Chole Bhature,Main,185,False
8081,786,Rajma Chawal,Main,130,False
8082,787,Mango Lassi,Beverage,210,False
8083,787,Cold Drink,Beverage,125,True
8084,787,Cold Coffee,Beverage,220,True
8085,787,Fresh Lime Soda,Beverage,205,True
8086,787,Mango Lassi,Beverage,170,True
8087,787,Masala Chai,Beverage,215,False
8088,787,Chocolate Brownie,Dessert,195,False
8089,787,Buttermilk,Beverage,205,False
8090,787,Gulab Jamun,Dessert,230,True
8091,787,Cold Coffee,Beverage,145,False
8092,787,Masala Chai,Beverage,200,True
8093,788,Chocolate Brownie,Dessert,330,False
8094,788,Chole Bhature,Main,500,False
8095,788,Chicken Curry,Main,490,False
8096,788,Paneer Butter Masala,Main,465,False
8097,788,Dal Makhani,Main,330,False
8098,788,Masala Chai,Beverage,305,True
8099,788,Cold Coffee,Beverage,335,True
8100,788,Tandoori Roti,Main,465,True
8101,788,Gulab Jamun,Dessert,390,True
8102,788,Shahi Paneer,Main,435,True
8103,788,Mango Lassi,Beverage,380,True
8104,789,Peppy Paneer Pizza,Main,150,True
8105,789,Cold Coffee,Beverage,170,False
8106,789,Margherita Pizza,Main,165,True
8107,789,Garlic Bread,Main,130,False
8108,789,Chicken Supreme Pizza,Main,130,True
8109,789,Farmhouse Pizza,Main,250,True
8110,790,Chole Bhature,Main,240,True
8111,790,Rajma Chawal,Main,250,True
8112,790,Chicken Curry,Main,165,False
8113,790,Tandoori Roti,Main,250,True
8114,790,Masala Chai,Beverage,240,False
8115,790,Chocolate Brownie,Dessert,240,True
8116,790,Dal Makhani,Main,255,False
8117,790,Gulab Jamun,Dessert,225,True
8118,790,Shahi Paneer,Main,170,True
8119,790,Butter Naan,Main,120,False
8120,790,Cold Coffee,Beverage,200,True
8121,790,Mango Lassi,Beverage,160,False
8122,791,Hyderabadi Dum Biryani,Main,115,True
8123,791,Chicken Biryani,Main,145,True
8124,791,Chocolate Brownie,Dessert,230,True
8125,791,Masala Chai,Beverage,160,True
8126,791,Mutton Biryani,Main,185,True
8127,791,Cold Coffee,Beverage,200,True
8128,791,Gulab Jamun,Dessert,185,False
8129,791,Egg Biryani,Main,180,False
8130,791,Chicken 65,Main,135,True
8131,791,Boneless Biryani,Main,155,False
8132,791,Veg Biryani,Main,135,True
8133,791,Mango Lassi,Beverage,175,False
8134,792,Masala Chai,Beverage,210,False
8135,792,Gulab Jamun,Dessert,115,False
8136,792,Chocolate Shake,Main,240,True
8137,792,Club Sandwich,Main,225,True
8138,792,Mango Lassi,Beverage,190,True
8139,792,Cold Coffee,Beverage,145,False
8140,792,Chocolate Brownie,Dessert,170,True
8141,792,Croissant,Main,200,True
8142,792,Cappuccino,Main,115,False
8143,792,Veg Sandwich,Main,260,True
8144,792,Pasta Alfredo,Main,260,False
8145,793,Masala Chai,Beverage,470,True
8146,793,Cold Coffee,Beverage,365,True
8147,793,Chole Bhature,Main,250,False
8148,793,Butter Naan,Main,480,True
8149,793,Tandoori Roti,Main,385,True
8150,793,Chocolate Brownie,Dessert,425,False
8151,793,Gulab Jamun,Dessert,295,False
8152,793,Mango Lassi,Beverage,450,True
8153,793,Chicken Curry,Main,415,True
8154,793,Dal Makhani,Main,490,False
8155,793,Paneer Butter Masala,Main,405,True
8156,793,Rajma Chawal,Main,505,True
8157,793,Shahi Paneer,Main,380,True
8158,794,Cold Coffee,Beverage,305,True
8159,794,Garlic Bread,Main,520,False
8160,794,Margherita Pizza,Main,425,True
8161,794,Farmhouse Pizza,Main,435,True
8162,794,Peppy Paneer Pizza,Main,475,True
8163,794,Chocolate Brownie,Dessert,310,True
8164,794,Gulab Jamun,Dessert,310,True
8165,794,Masala Chai,Beverage,465,False
8166,794,Cheese Burst Pizza,Main,315,False
8167,794,Mango Lassi,Beverage,275,False
8168,794,Chicken Supreme Pizza,Main,330,False
8169,795,Gulab Jamun,Dessert,95,True
8170,795,Chocolate Brownie,Dessert,140,True
8171,795,Nuggets,Main,115,False
8172,795,Veg Burger,Main,70,False
8173,795,Cold Coffee,Beverage,60,False
8174,795,Veg Wrap,Main,110,True
8175,795,French Fries,Main,130,False
8176,796,Chocolate Brownie,Dessert,75,False
8177,796,Cold Coffee,Beverage,140,True
8178,796,Pasta Alfredo,Main,65,False
8179,796,Club Sandwich,Main,150,False
8180,796,Chocolate Shake,Main,85,False
8181,796,Masala Chai,Beverage,110,True
8182,796,Mango Lassi,Beverage,65,True
8183,796,Croissant,Main,110,False
8184,797,Medu Vada,Main,190,True
8185,797,Curd Rice,Main,260,False
8186,797,Mango Lassi,Beverage,215,False
8187,797,Gulab Jamun,Dessert,260,False
8188,797,Masala Dosa,Main,230,True
8189,797,Filter Coffee,Main,240,False
8190,797,Rava Dosa,Main,200,False
8191,797,Uttapam,Main,205,True
8192,797,Chocolate Brownie,Dessert,140,False
8193,797,Pongal,Main,165,True
8194,797,Cold Coffee,Beverage,245,True
8195,797,Idli Sambar,Main,255,True
8196,797,Masala Chai,Beverage,250,True
8197,798,Ice Cream Tub,Dessert,150,True
8198,798,Chocolate Brownie,Dessert,115,False
8199,798,Rasmalai,Dessert,245,True
8200,798,Masala Chai,Beverage,200,True
8201,798,Gulab Jamun,Dessert,130,True
8202,798,Chocolate Brownie,Dessert,210,True
8203,798,Gulab Jamun,Dessert,245,False
8204,798,Choco Lava Cake,Dessert,220,False
8205,798,Mango Lassi,Beverage,125,False
8206,798,Gajar Halwa,Dessert,140,True
8207,798,Cold Coffee,Beverage,165,True
8208,799,Gulab Jamun,Dessert,305,False
8209,799,Chicken Biryani,Main,245,True
8210,799,Chicken 65,Main,485,False
8211,799,Chocolate Brownie,Dessert,455,True
8212,799,Cold Coffee,Beverage,350,False
8213,799,Mutton Biryani,Main,315,True
8214,799,Egg Biryani,Main,350,False
8215,799,Mango Lassi,Beverage,385,True
8216,799,Masala Chai,Beverage,425,False
8217,800,Masala Chai,Beverage,95,True
8218,800,Gulab Jamun,Dessert,100,True
8219,800,Veg Biryani,Main,75,False
8220,800,Cold Coffee,Beverage,110,True
8221,800,Mango Lassi,Beverage,95,True
8222,800,Chicken Biryani,Main,95,True
8223,801,Chocolate Brownie,Dessert,505,False
8224,801,Masala Chai,Beverage,350,True
8225,801,Veg Manchurian,Main,395,True
8226,801,Chilli Chicken,Main,370,False
8227,801,Spring Roll,Main,445,False
8228,801,Gulab Jamun,Dessert,350,True
8229,801,Chicken Momos,Main,510,False
8230,801,Schezwan Noodles,Main,400,True
8231,801,Cold Coffee,Beverage,445,True
8232,801,Veg Hakka Noodles,Main,495,False
8233,801,Mango Lassi,Beverage,290,True
8234,801,Fried Rice,Main,255,False
8235,801,Chilli Paneer,Main,275,True
8236,802,Masala Chai,Beverage,120,False
8237,802,Veg Hakka Noodles,Main,255,True
8238,802,Spring Roll,Main,260,False
8239,802,Chicken Momos,Main,230,False
8240,802,Chilli Chicken,Main,255,True
8241,802,Gulab Jamun,Dessert,190,False
8242,802,Chocolate Brownie,Dessert,145,True
8243,802,Schezwan Noodles,Main,235,True
8244,802,Veg Manchurian,Main,180,True
8245,802,Mango Lassi,Beverage,195,True
8246,802,Chilli Paneer,Main,250,False
8247,802,Fried Rice,Main,120,True
8248,802,Cold Coffee,Beverage,115,True
8249,803,Cold Coffee,Beverage,125,True
8250,803,Chicken Biryani,Main,65,False
8251,803,Gulab Jamun,Dessert,85,True
8252,803,Egg Biryani,Main,65,False
8253,803,Chicken 65,Main,80,True
8254,803,Mango Lassi,Beverage,85,False
8255,803,Masala Chai,Beverage,65,True
8256,803,Hyderabadi Dum Biryani,Main,105,False
8257,803,Veg Biryani,Main,140,True
8258,803,Mutton Biryani,Main,60,True
8259,804,Tandoori Roti,Main,135,True
8260,804,Butter Naan,Main,125,True
8261,804,Chicken Curry,Main,85,True
8262,804,Chocolate Brownie,Dessert,85,True
8263,804,Chole Bhature,Main,95,False
8264,804,Mango Lassi,Beverage,95,True
8265,804,Rajma Chawal,Main,135,True
8266,804,Paneer Butter Masala,Main,150,True
8267,804,Shahi Paneer,Main,145,False
8268,804,Dal Makhani,Main,95,False
8269,804,Cold Coffee,Beverage,75,True
8270,804,Gulab Jamun,Dessert,100,True
8271,805,Mango Lassi,Beverage,220,True
8272,805,Cold Coffee,Beverage,150,False
8273,805,Gulab Jamun,Dessert,210,True
8274,805,Chicken 65,Main,220,True
8275,805,Chicken Biryani,Main,125,True
8276,805,Masala Chai,Beverage,255,True
8277,805,Hyderabadi Dum Biryani,Main,120,False
8278,805,Mutton Biryani,Main,180,True
8279,805,Veg Biryani,Main,185,False
8280,805,Egg Biryani,Main,150,True
8281,805,Boneless Biryani,Main,190,True
8282,805,Chocolate Brownie,Dessert,130,True
8283,806,Peppy Paneer Pizza,Main,105,True
8284,806,Chicken Supreme Pizza,Main,120,True
8285,806,Garlic Bread,Main,70,True
8286,806,Chocolate Brownie,Dessert,65,True
8287,806,Cold Coffee,Beverage,115,True
8288,806,Gulab Jamun,Dessert,65,False
8289,806,Farmhouse Pizza,Main,95,True
8290,806,Margherita Pizza,Main,95,True
8291,806,Cheese Burst Pizza,Main,125,False
8292,806,Mango Lassi,Beverage,75,True
8293,806,Masala Chai,Beverage,110,True
8294,807,Egg Biryani,Main,430,True
8295,807,Chocolate Brownie,Dessert,380,False
8296,807,Veg Biryani,Main,305,False
8297,807,Hyderabadi Dum Biryani,Main,490,True
8298,807,Cold Coffee,Beverage,265,False
8299,807,Masala Chai,Beverage,510,True
8300,807,Chicken Biryani,Main,495,True
8301,807,Chicken 65,Main,340,False
8302,807,Gulab Jamun,Dessert,325,False
8303,807,Mutton Biryani,Main,280,True
8304,807,Mango Lassi,Beverage,505,True
8305,807,Boneless Biryani,Main,435,False
8306,808,Cold Coffee,Beverage,240,False
8307,808,Idli Sambar,Main,250,True
8308,808,Masala Dosa,Main,205,True
8309,808,Rava Dosa,Main,185,False
8310,808,Uttapam,Main,220,True
8311,808,Chocolate Brownie,Dessert,215,True
8312,808,Pongal,Main,250,True
8313,808,Gulab Jamun,Dessert,135,True
8314,808,Medu Vada,Main,250,True
8315,808,Filter Coffee,Main,190,True
8316,808,Mango Lassi,Beverage,115,True
8317,808,Curd Rice,Main,110,True
8318,808,Masala Chai,Beverage,140,True
8319,809,Masala Chai,Beverage,175,False
8320,809,Chilli Chicken,Main,165,True
8321,809,Chicken Momos,Main,245,True
8322,809,Chilli Paneer,Main,130,False
8323,809,Spring Roll,Main,150,True
8324,809,Cold Coffee,Beverage,225,True
8325,809,Mango Lassi,Beverage,230,True
8326,809,Veg Hakka Noodles,Main,135,True
8327,809,Gulab Jamun,Dessert,170,False
8328,809,Fried Rice,Main,215,True
8329,809,Veg Manchurian,Main,250,True
8330,809,Chocolate Brownie,Dessert,260,True
8331,810,Gulab Jamun,Dessert,115,True
8332,810,Chocolate Brownie,Dessert,105,True
8333,810,Cold Coffee,Beverage,145,False
8334,810,Egg Biryani,Main,75,True
8335,810,Mango Lassi,Beverage,135,True
8336,810,Veg Biryani,Main,90,True
8337,810,Boneless Biryani,Main,95,False
8338,810,Chicken Biryani,Main,140,True
8339,810,Hyderabadi Dum Biryani,Main,120,False
8340,810,Chicken 65,Main,80,False
8341,811,Farmhouse Pizza,Main,330,False
8342,811,Mango Lassi,Beverage,480,False
8343,811,Garlic Bread,Main,310,False
8344,811,Cold Coffee,Beverage,335,True
8345,811,Chocolate Brownie,Dessert,495,False
8346,811,Margherita Pizza,Main,420,True
8347,811,Chicken Supreme Pizza,Main,390,True
8348,811,Gulab Jamun,Dessert,260,False
8349,811,Masala Chai,Beverage,405,True
8350,811,Cheese Burst Pizza,Main,370,True
8351,812,Gulab Jamun,Dessert,120,True
8352,812,Galouti Kebab,Main,125,True
8353,812,Masala Chai,Beverage,170,True
8354,812,Chocolate Brownie,Dessert,165,True
8355,812,Cold Coffee,Beverage,165,True
8356,812,Chicken Korma,Main,195,False
8357,812,Mutton Rogan Josh,Main,260,True
8358,812,Seekh Kebab,Main,170,True
8359,812,Mango Lassi,Beverage,195,True
8360,813,Peri Peri Fries,Main,120,True
8361,813,Nuggets,Main,240,True
8362,813,Masala Chai,Beverage,240,False
8363,813,Mango Lassi,Beverage,120,False
8364,813,Chicken Burger,Main,165,False
8365,813,Veg Burger,Main,170,False
8366,813,French Fries,Main,210,True
8367,813,Gulab Jamun,Dessert,175,True
8368,813,Cheese Sandwich,Main,130,True
8369,813,Veg Wrap,Main,210,True
8370,813,Cold Coffee,Beverage,110,False
8371,813,Chocolate Brownie,Dessert,180,False
8372,814,Cold Coffee,Beverage,160,True
8373,814,Cheese Burst Pizza,Main,150,False
8374,814,Margherita Pizza,Main,150,True
8375,814,Garlic Bread,Main,185,False
8376,814,Chocolate Brownie,Dessert,225,False
8377,814,Chicken Supreme Pizza,Main,155,True
8378,814,Masala Chai,Beverage,235,False
8379,814,Mango Lassi,Beverage,245,False
8380,815,Dal Makhani,Main,145,False
8381,815,Gulab Jamun,Dessert,175,True
8382,815,Chocolate Brownie,Dessert,215,False
8383,815,Chole Bhature,Main,145,True
8384,815,Tandoori Roti,Main,210,False
8385,815,Masala Chai,Beverage,225,False
8386,815,Chicken Curry,Main,120,True
8387,816,Cold Coffee,Beverage,470,False
8388,816,Samosa,Main,320,True
8389,816,Gulab Jamun,Dessert,295,False
8390,816,Dahi Puri,Main,475,False
8391,816,Pav Bhaji,Main,370,False
8392,816,Vada Pav,Main,405,True
8393,816,Chocolate Brownie,Dessert,360,True
8394,816,Mango Lassi,Beverage,340,True
8395,816,Kachori,Main,350,True
8396,816,Masala Chai,Beverage,295,True
8397,816,Pani Puri,Main,435,True
8398,817,Veg Manchurian,Main,240,True
8399,817,Fried Rice,Main,200,True
8400,817,Cold Coffee,Beverage,195,False
8401,817,Veg Hakka Noodles,Main,205,False
8402,817,Chilli Chicken,Main,125,True
8403,817,Mango Lassi,Beverage,215,True
8404,817,Spring Roll,Main,250,False
8405,817,Chicken Momos,Main,180,True
8406,817,Gulab Jamun,Dessert,210,True
8407,817,Schezwan Noodles,Main,165,True
8408,818,Mango Lassi,Beverage,215,True
8409,818,Cold Coffee,Beverage,225,False
8410,818,Chilli Chicken,Main,180,False
8411,818,Fried Rice,Main,190,False
8412,818,Veg Manchurian,Main,250,True
8413,818,Spring Roll,Main,175,True
8414,818,Chicken Momos,Main,160,True
8415,818,Veg Hakka Noodles,Main,185,True
8416,818,Schezwan Noodles,Main,230,True
8417,818,Chilli Paneer,Main,150,True
8418,818,Masala Chai,Beverage,165,True
8419,818,Gulab Jamun,Dessert,240,True
8420,818,Chocolate Brownie,Dessert,250,True
8421,819,Uttapam,Main,105,True
8422,819,Masala Dosa,Main,120,False
8423,819,Masala Chai,Beverage,105,True
8424,819,Mango Lassi,Beverage,85,True
8425,819,Rava Dosa,Main,125,True
8426,819,Gulab Jamun,Dessert,95,True
8427,819,Pongal,Main,100,False
8428,819,Chocolate Brownie,Dessert,120,False
8429,819,Filter Coffee,Main,80,False
8430,819,Curd Rice,Main,85,True
8431,819,Medu Vada,Main,120,True
8432,819,Cold Coffee,Beverage,70,True
8433,819,Idli Sambar,Main,115,True
8434,820,Dal Makhani,Main,75,True
8435,820,Tandoori Roti,Main,65,True
8436,820,Gulab Jamun,Dessert,105,False
8437,820,Shahi Paneer,Main,70,True
8438,820,Chocolate Brownie,Dessert,135,True
8439,820,Paneer Butter Masala,Main,135,True
8440,820,Chole Bhature,Main,135,False
8441,820,Mango Lassi,Beverage,75,True
8442,820,Rajma Chawal,Main,90,True
8443,820,Masala Chai,Beverage,95,False
8444,821,Masala Chai,Beverage,145,True
8445,821,Choco Lava Cake,Dessert,170,True
8446,821,Rasmalai,Dessert,220,False
8447,821,Ice Cream Tub,Dessert,155,False
8448,821,Gulab Jamun,Dessert,135,True
8449,821,Gulab Jamun,Dessert,135,True
8450,821,Mango Lassi,Beverage,120,True
8451,821,Cold Coffee,Beverage,155,False
8452,821,Gajar Halwa,Dessert,240,False
8453,821,Chocolate Brownie,Dessert,125,True
8454,821,Chocolate Brownie,Dessert,195,False
8455,822,Chocolate Brownie,Dessert,90,True
8456,822,Masala Chai,Beverage,145,False
8457,822,Curd Rice,Main,150,True
8458,822,Uttapam,Main,105,False
8459,822,Gulab Jamun,Dessert,145,True
8460,822,Filter Coffee,Main,150,True
8461,822,Rava Dosa,Main,130,True
8462,822,Idli Sambar,Main,85,True
8463,822,Masala Dosa,Main,75,False
8464,823,Chilli Chicken,Main,250,True
8465,823,Schezwan Noodles,Main,180,False
8466,823,Masala Chai,Beverage,135,False
8467,823,Spring Roll,Main,160,False
8468,823,Chilli Paneer,Main,175,True
8469,823,Chocolate Brownie,Dessert,250,False
8470,823,Gulab Jamun,Dessert,180,False
8471,823,Veg Manchurian,Main,200,True
8472,823,Mango Lassi,Beverage,165,False
8473,823,Fried Rice,Main,200,False
8474,823,Chicken Momos,Main,250,True
8475,824,Filter Coffee,Main,385,True
8476,824,Chocolate Brownie,Dessert,430,False
8477,824,Masala Dosa,Main,470,False
8478,824,Gulab Jamun,Dessert,320,False
8479,824,Pongal,Main,480,False
8480,824,Idli Sambar,Main,415,True
8481,824,Masala Chai,Beverage,365,True
8482,825,Pav Bhaji,Main,145,True
8483,825,Dahi Puri,Main,190,False
8484,825,Pani Puri,Main,190,False
8485,825,Masala Chai,Beverage,240,True
8486,825,Gulab Jamun,Dessert,235,True
8487,825,Cold Coffee,Beverage,230,False
8488,825,Mango Lassi,Beverage,195,True
8489,825,Vada Pav,Main,190,True
8490,825,Chocolate Brownie,Dessert,185,False
8491,825,Kachori,Main,165,True
8492,825,Samosa,Main,160,False
8493,826,Gulab Jamun,Dessert,105,False
8494,826,Gulab Jamun,Dessert,75,False
8495,826,Ice Cream Tub,Dessert,90,True
8496,826,Gajar Halwa,Dessert,60,True
8497,826,Masala Chai,Beverage,150,True
8498,826,Chocolate Brownie,Dessert,80,True
8499,826,Rasmalai,Dessert,110,True
8500,826,Cold Coffee,Beverage,145,False
8501,826,Mango Lassi,Beverage,115,True
8502,826,Choco Lava Cake,Dessert,100,False
8503,826,Chocolate Brownie,Dessert,105,False
8504,827,Mango Lassi,Beverage,165,True
8505,827,Masala Chai,Beverage,205,True
8506,827,Cold Coffee,Beverage,195,False
8507,827,Chicken Korma,Main,240,True
8508,827,Gulab Jamun,Dessert,180,True
8509,827,Seekh Kebab,Main,170,True
8510,827,Galouti Kebab,Main,135,False
8511,827,Chocolate Brownie,Dessert,120,True
8512,827,Mutton Rogan Josh,Main,135,True
8513,828,Gulab Jamun,Dessert,135,False
8514,828,Club Sandwich,Main,130,False
8515,828,Mango Lassi,Beverage,135,False
8516,828,Masala Chai,Beverage,130,True
8517,828,Croissant,Main,145,True
8518,828,Pasta Alfredo,Main,85,True
8519,828,Veg Sandwich,Main,135,False
8520,828,Chocolate Shake,Main,75,True
8521,828,Cold Coffee,Beverage,130,False
8522,828,Cappuccino,Main,75,False
8523,828,Chocolate Brownie,Dessert,120,True
8524,829,Mutton Rogan Josh,Main,195,True
8525,829,Galouti Kebab,Main,135,True
8526,829,Seekh Kebab,Main,115,True
8527,829,Masala Chai,Beverage,255,True
8528,829,Cold Coffee,Beverage,125,False
8529,829,Gulab Jamun,Dessert,135,True
8530,829,Chicken Korma,Main,255,False
8531,829,Mango Lassi,Beverage,160,False
8532,829,Chocolate Brownie,Dessert,185,False
8533,830,Mutton Biryani,Main,125,True
8534,830,Hyderabadi Dum Biryani,Main,195,True
8535,830,Gulab Jamun,Dessert,230,True
8536,830,Veg Biryani,Main,175,True
8537,830,Chocolate Brownie,Dessert,135,True
8538,830,Boneless Biryani,Main,185,True
8539,830,Egg Biryani,Main,140,True
8540,830,Cold Coffee,Beverage,185,False
8541,830,Chicken Biryani,Main,230,True
8542,830,Chicken 65,Main,215,False
8543,830,Mango Lassi,Beverage,175,False
8544,830,Masala Chai,Beverage,225,True
8545,831,Filter Coffee,Main,250,True
8546,831,Idli Sambar,Main,195,False
8547,831,Cold Coffee,Beverage,255,False
8548,831,Gulab Jamun,Dessert,125,True
8549,831,Pongal,Main,140,True
8550,831,Masala Dosa,Main,240,False
8551,831,Medu Vada,Main,250,True
8552,831,Masala Chai,Beverage,170,True
8553,831,Rava Dosa,Main,175,False
8554,831,Mango Lassi,Beverage,215,False
8555,831,Chocolate Brownie,Dessert,235,True
8556,831,Curd Rice,Main,145,False
8557,831,Uttapam,Main,175,True
8558,832,Spring Roll,Main,230,True
8559,832,Cold Coffee,Beverage,115,True
8560,832,Chilli Chicken,Main,235,False
8561,832,Mango Lassi,Beverage,255,False
8562,832,Chocolate Brownie,Dessert,135,True
8563,832,Veg Manchurian,Main,180,True
8564,832,Gulab Jamun,Dessert,190,False
8565,832,Chicken Momos,Main,150,False
8566,832,Fried Rice,Main,185,False
8567,832,Veg Hakka Noodles,Main,170,False
8568,832,Chilli Paneer,Main,260,True
8569,832,Masala Chai,Beverage,175,False
8570,832,Schezwan Noodles,Main,240,False
8571,833,Spring Roll,Main,110,False
8572,833,Chicken Momos,Main,165,True
8573,833,Veg Hakka Noodles,Main,245,False
8574,833,Mango Lassi,Beverage,230,False
8575,833,Gulab Jamun,Dessert,250,True
8576,833,Fried Rice,Main,135,True
8577,833,Masala Chai,Beverage,115,False
8578,833,Chilli Paneer,Main,200,True
8579,833,Cold Coffee,Beverage,125,False
8580,833,Chocolate Brownie,Dessert,170,False
8581,833,Schezwan Noodles,Main,250,False
8582,833,Veg Manchurian,Main,135,False
8583,833,Chilli Chicken,Main,200,False
8584,834,Chocolate Brownie,Dessert,100,True
8585,834,Chicken Roll,Main,140,True
8586,834,Double Egg Roll,Main,90,True
8587,834,Egg Roll,Main,75,True
8588,834,Masala Chai,Beverage,140,True
8589,834,Paneer Roll,Main,85,False
8590,834,Mango Lassi,Beverage,125,True
8591,834,Cold Coffee,Beverage,125,False
8592,834,Gulab Jamun,Dessert,135,True
8593,834,Veg Frankie,Main,110,False
8594,835,Paneer Butter Masala,Main,80,False
8595,835,Tandoori Roti,Main,115,True
8596,835,Gulab Jamun,Dessert,100,True
8597,835,Chole Bhature,Main,90,True
8598,835,Chicken Curry,Main,65,False
8599,835,Rajma Chawal,Main,140,True
8600,835,Chocolate Brownie,Dessert,145,False
8601,835,Butter Naan,Main,135,False
8602,835,Cold Coffee,Beverage,90,False
8603,835,Dal Makhani,Main,75,False
8604,835,Masala Chai,Beverage,115,False
8605,835,Mango Lassi,Beverage,90,True
8606,835,Shahi Paneer,Main,75,True
8607,836,Cold Coffee,Beverage,140,False
8608,836,Butter Naan,Main,115,True
8609,836,Chicken Curry,Main,100,True
8610,836,Rajma Chawal,Main,135,True
8611,836,Tandoori Roti,Main,90,True
8612,836,Dal Makhani,Main,125,False
8613,836,Mango Lassi,Beverage,100,True
8614,836,Masala Chai,Beverage,70,False
8615,836,Shahi Paneer,Main,70,False
8616,837,Farmhouse Pizza,Main,345,False
8617,837,Chicken Supreme Pizza,Main,505,True
8618,837,Gulab Jamun,Dessert,340,True
8619,837,Mango Lassi,Beverage,360,False
8620,837,Peppy Paneer Pizza,Main,285,False
8621,837,Chocolate Brownie,Dessert,310,False
8622,837,Cold Coffee,Beverage,420,True
8623,837,Cheese Burst Pizza,Main,475,False
8624,837,Margherita Pizza,Main,460,True
8625,837,Masala Chai,Beverage,440,True
8626,837,Garlic Bread,Main,420,False
8627,838,Shahi Paneer,Main,105,False
8628,838,Paneer Butter Masala,Main,70,False
8629,838,Tandoori Roti,Main,145,True
8630,838,Chicken Curry,Main,75,False
8631,838,Dal Makhani,Main,140,False
8632,838,Cold Coffee,Beverage,105,True
8633,838,Masala Chai,Beverage,95,True
8634,839,Mango Lassi,Beverage,125,True
8635,839,Cold Coffee,Beverage,125,False
8636,839,Rajma Chawal,Main,170,True
8637,839,Shahi Paneer,Main,220,True
8638,839,Chocolate Brownie,Dessert,200,False
8639,839,Butter Naan,Main,180,False
8640,839,Gulab Jamun,Dessert,190,True
8641,840,Gulab Jamun,Dessert,75,True
8642,840,Dal Makhani,Main,125,False
8643,840,Butter Naan,Main,95,True
8644,840,Masala Chai,Beverage,70,False
8645,840,Chole Bhature,Main,140,False
8646,840,Tandoori Roti,Main,120,True
8647,840,Shahi Paneer,Main,100,True
8648,840,Cold Coffee,Beverage,135,False
8649,840,Mango Lassi,Beverage,85,True
8650,840,Chocolate Brownie,Dessert,70,True
8651,840,Paneer Butter Masala,Main,70,False
8652,840,Rajma Chawal,Main,85,False
8653,840,Chicken Curry,Main,90,True
8654,841,Farmhouse Pizza,Main,220,False
8655,841,Garlic Bread,Main,185,False
8656,841,Masala Chai,Beverage,155,True
8657,841,Cheese Burst Pizza,Main,165,True
8658,841,Peppy Paneer Pizza,Main,110,False
8659,841,Chicken Supreme Pizza,Main,145,True
8660,841,Gulab Jamun,Dessert,210,True
8661,841,Chocolate Brownie,Dessert,160,True
8662,841,Margherita Pizza,Main,130,False
8663,841,Cold Coffee,Beverage,190,True
8664,841,Mango Lassi,Beverage,130,True
8665,842,Chole Bhature,Main,80,True
8666,842,Masala Chai,Beverage,145,True
8667,842,Rajma Chawal,Main,135,True
8668,842,Shahi Paneer,Main,120,True
8669,842,Tandoori Roti,Main,115,True
8670,842,Dal Makhani,Main,105,False
8671,842,Paneer Butter Masala,Main,140,True
8672,842,Gulab Jamun,Dessert,70,False
8673,842,Butter Naan,Main,80,False
8674,842,Cold Coffee,Beverage,70,True
8675,842,Chicken Curry,Main,75,True
8676,843,Mango Lassi,Beverage,215,False
8677,843,Rajma Chawal,Main,245,True
8678,843,Cold Coffee,Beverage,245,True
8679,843,Dal Makhani,Main,200,True
8680,843,Chocolate Brownie,Dessert,115,True
8681,843,Masala Chai,Beverage,250,True
8682,843,Chicken Curry,Main,115,False
8683,843,Gulab Jamun,Dessert,250,False
8684,843,Paneer Butter Masala,Main,150,True
8685,843,Tandoori Roti,Main,240,True
8686,843,Chole Bhature,Main,145,True
8687,844,Masala Chai,Beverage,100,True
8688,844,Uttapam,Main,120,True
8689,844,Medu Vada,Main,60,True
8690,844,Gulab Jamun,Dessert,65,False
8691,844,Masala Dosa,Main,115,True
8692,844,Filter Coffee,Main,70,True
8693,844,Chocolate Brownie,Dessert,120,True
8694,844,Rava Dosa,Main,70,False
8695,844,Curd Rice,Main,75,True
8696,844,Cold Coffee,Beverage,70,True
8697,844,Mango Lassi,Beverage,140,False
8698,845,Gulab Jamun,Dessert,130,False
8699,845,Masala Chai,Beverage,240,True
8700,845,Cold Coffee,Beverage,210,True
8701,845,Gulab Jamun,Dessert,115,True
8702,845,Choco Lava Cake,Dessert,210,False
8703,845,Mango Lassi,Beverage,200,False
8704,845,Gajar Halwa,Dessert,140,True
8705,845,Chocolate Brownie,Dessert,120,False
8706,846,Cold Coffee,Beverage,60,False
8707,846,Curd Rice,Main,85,True
8708,846,Uttapam,Main,95,False
8709,846,Idli Sambar,Main,80,True
8710,846,Mango Lassi,Beverage,75,False
8711,846,Pongal,Main,100,False
8712,847,Cold Coffee,Beverage,80,True
8713,847,Butter Naan,Main,140,True
8714,847,Mango Lassi,Beverage,100,True
8715,847,Chocolate Brownie,Dessert,80,True
8716,847,Paneer Butter Masala,Main,70,False
8717,847,Rajma Chawal,Main,65,True
8718,847,Shahi Paneer,Main,75,True
8719,847,Chole Bhature,Main,100,True
8720,847,Tandoori Roti,Main,65,True
8721,847,Masala Chai,Beverage,85,False
8722,847,Gulab Jamun,Dessert,135,True
8723,848,Chocolate Brownie,Dessert,120,True
8724,848,Masala Chai,Beverage,90,True
8725,848,Gulab Jamun,Dessert,140,True
8726,848,Chicken Korma,Main,140,False
8727,848,Seekh Kebab,Main,105,False
8728,848,Mutton Rogan Josh,Main,65,True
8729,848,Galouti Kebab,Main,95,False
8730,849,Pasta Alfredo,Main,250,False
8731,849,Cappuccino,Main,230,True
8732,849,Mango Lassi,Beverage,150,True
8733,849,Croissant,Main,190,True
8734,849,Veg Sandwich,Main,160,True
8735,849,Masala Chai,Beverage,165,True
8736,849,Club Sandwich,Main,215,False
8737,849,Gulab Jamun,Dessert,155,False
8738,849,Chocolate Shake,Main,260,True
8739,849,Cold Coffee,Beverage,230,True
8740,849,Chocolate Brownie,Dessert,150,True
8741,850,Idli Sambar,Main,275,False
8742,850,Rava Dosa,Main,460,True
8743,850,Pongal,Main,335,True
8744,850,Mango Lassi,Beverage,260,True
8745,850,Medu Vada,Main,515,False
8746,850,Chocolate Brownie,Dessert,380,False
8747,850,Cold Coffee,Beverage,510,False
8748,850,Masala Dosa,Main,250,True
8749,851,Filter Coffee,Main,70,True
8750,851,Rava Dosa,Main,65,False
8751,851,Mango Lassi,Beverage,115,True
8752,851,Curd Rice,Main,70,True
8753,851,Pongal,Main,85,True
8754,851,Cold Coffee,Beverage,145,True
8755,851,Uttapam,Main,85,False
8756,851,Idli Sambar,Main,150,False
8757,851,Chocolate Brownie,Dessert,85,True
8758,852,Idli Sambar,Main,425,False
8759,852,Medu Vada,Main,280,True
8760,852,Mango Lassi,Beverage,495,False
8761,852,Curd Rice,Main,510,False
8762,852,Filter Coffee,Main,455,True
8763,852,Pongal,Main,305,True
8764,852,Chocolate Brownie,Dessert,340,True
8765,853,Double Egg Roll,Main,105,False
8766,853,Paneer Roll,Main,60,True
8767,853,Egg Roll,Main,85,True
8768,853,Gulab Jamun,Dessert,90,False
8769,853,Chicken Roll,Main,75,False
8770,853,Masala Chai,Beverage,145,True
8771,853,Cold Coffee,Beverage,130,False
8772,853,Mango Lassi,Beverage,80,True
8773,853,Veg Frankie,Main,130,False
8774,853,Chocolate Brownie,Dessert,135,True
8775,854,Gulab Jamun,Dessert,160,False
8776,854,Rava Dosa,Main,240,False
8777,854,Idli Sambar,Main,215,False
8778,854,Masala Dosa,Main,150,False
8779,854,Mango Lassi,Beverage,205,True
8780,854,Masala Chai,Beverage,255,True
8781,854,Chocolate Brownie,Dessert,145,False
8782,854,Uttapam,Main,140,False
8783,854,Curd Rice,Main,250,False
8784,854,Pongal,Main,205,False
8785,854,Filter Coffee,Main,185,True
8786,854,Medu Vada,Main,220,False
8787,854,Cold Coffee,Beverage,240,True
8788,855,Mango Lassi,Beverage,160,True
8789,855,Pani Puri,Main,235,False
8790,855,Vada Pav,Main,180,True
8791,855,Dahi Puri,Main,185,True
8792,855,Pav Bhaji,Main,240,True
8793,855,Masala Chai,Beverage,140,True
8794,855,Gulab Jamun,Dessert,180,True
8795,855,Cold Coffee,Beverage,250,True
8796,855,Kachori,Main,135,True
8797,855,Samosa,Main,120,False
8798,855,Chocolate Brownie,Dessert,180,True
8799,856,Fresh Lime Soda,Beverage,125,False
8800,856,Gulab Jamun,Dessert,125,True
8801,856,Chocolate Brownie,Dessert,105,True
8802,856,Mango Lassi,Beverage,65,True
8803,856,Buttermilk,Beverage,70,True
8804,856,Cold Coffee,Beverage,70,True
8805,856,Mango Lassi,Beverage,145,True
8806,856,Cold Drink,Beverage,85,True
8807,857,Chocolate Brownie,Dessert,115,True
8808,857,Cold Coffee,Beverage,190,True
8809,857,Cheese Sandwich,Main,175,False
8810,857,Mango Lassi,Beverage,130,False
8811,857,Veg Wrap,Main,215,False
8812,857,Nuggets,Main,205,True
8813,857,French Fries,Main,225,False
8814,857,Peri Peri Fries,Main,225,False
8815,857,Veg Burger,Main,120,False
8816,857,Gulab Jamun,Dessert,250,False
8817,857,Masala Chai,Beverage,205,False
8818,857,Chicken Burger,Main,200,True
8819,858,Cold Coffee,Beverage,75,False
8820,858,Chole Bhature,Main,105,False
8821,858,Dal Makhani,Main,125,True
8822,858,Rajma Chawal,Main,140,False
8823,858,Chicken Curry,Main,70,True
8824,858,Tandoori Roti,Main,95,True
8825,858,Chocolate Brownie,Dessert,95,True
8826,858,Shahi Paneer,Main,90,True
8827,859,Veg Sandwich,Main,235,True
8828,859,Pasta Alfredo,Main,250,False
8829,859,Cold Coffee,Beverage,160,False
8830,859,Chocolate Shake,Main,175,False
8831,859,Cappuccino,Main,250,True
8832,859,Masala Chai,Beverage,160,False
8833,859,Gulab Jamun,Dessert,165,False
8834,859,Croissant,Main,175,True
8835,859,Mango Lassi,Beverage,165,False
8836,859,Club Sandwich,Main,200,False
8837,860,Chicken Roll,Main,75,False
8838,860,Paneer Roll,Main,110,True
8839,860,Double Egg Roll,Main,130,False
8840,860,Veg Frankie,Main,120,True
8841,860,Masala Chai,Beverage,85,True
8842,860,Gulab Jamun,Dessert,110,True
8843,860,Egg Roll,Main,145,True
8844,860,Cold Coffee,Beverage,120,False
8845,860,Chocolate Brownie,Dessert,125,False
8846,860,Mango Lassi,Beverage,130,True
8847,861,Choco Lava Cake,Dessert,145,False
8848,861,Gajar Halwa,Dessert,175,True
8849,861,Cold Coffee,Beverage,170,True
8850,861,Rasmalai,Dessert,175,True
8851,861,Gulab Jamun,Dessert,155,True
8852,861,Ice Cream Tub,Dessert,205,True
8853,861,Mango Lassi,Beverage,135,False
8854,861,Chocolate Brownie,Dessert,195,False
8855,861,Chocolate Brownie,Dessert,225,True
8856,861,Masala Chai,Beverage,195,False
8857,861,Gulab Jamun,Dessert,165,True
8858,862,Masala Chai,Beverage,105,True
8859,862,Dal Makhani,Main,95,True
8860,862,Cold Coffee,Beverage,80,True
8861,862,Paneer Butter Masala,Main,95,True
8862,862,Gulab Jamun,Dessert,80,False
8863,862,Chole Bhature,Main,135,True
8864,862,Butter Naan,Main,80,True
8865,862,Chicken Curry,Main,145,False
8866,862,Mango Lassi,Beverage,135,False
8867,862,Shahi Paneer,Main,125,True
8868,862,Tandoori Roti,Main,90,False
8869,862,Rajma Chawal,Main,75,True
8870,862,Chocolate Brownie,Dessert,135,False
8871,863,Chicken Roll,Main,250,True
8872,863,Chocolate Brownie,Dessert,245,True
8873,863,Veg Frankie,Main,485,False
8874,863,Paneer Roll,Main,490,False
8875,863,Mango Lassi,Beverage,455,True
8876,863,Masala Chai,Beverage,280,True
8877,863,Double Egg Roll,Main,245,True
8878,863,Cold Coffee,Beverage,245,False
8879,863,Gulab Jamun,Dessert,350,True
8880,863,Egg Roll,Main,375,True
8881,864,Rasmalai,Dessert,75,True
8882,864,Masala Chai,Beverage,90,False
8883,864,Chocolate Brownie,Dessert,65,False
8884,864,Mango Lassi,Beverage,100,True
8885,864,Cold Coffee,Beverage,65,True
8886,864,Gajar Halwa,Dessert,140,True
8887,864,Gulab Jamun,Dessert,110,True
8888,864,Ice Cream Tub,Dessert,130,True
8889,864,Chocolate Brownie,Dessert,95,False
8890,864,Choco Lava Cake,Dessert,70,False
8891,864,Gulab Jamun,Dessert,135,True
8892,865,Pav Bhaji,Main,135,False
8893,865,Vada Pav,Main,150,False
8894,865,Cold Coffee,Beverage,240,False
8895,865,Chocolate Brownie,Dessert,250,False
8896,865,Mango Lassi,Beverage,115,False
8897,865,Samosa,Main,220,True
8898,865,Kachori,Main,245,False
8899,865,Gulab Jamun,Dessert,165,True
8900,865,Pani Puri,Main,140,True
8901,865,Dahi Puri,Main,200,False
8902,866,Mango Lassi,Beverage,95,False
8903,866,Chocolate Brownie,Dessert,150,True
8904,866,Chicken Burger,Main,100,False
8905,866,Cheese Sandwich,Main,130,True
8906,866,French Fries,Main,100,True
8907,866,Veg Burger,Main,90,False
8908,866,Cold Coffee,Beverage,140,False
8909,866,Veg Wrap,Main,115,False
8910,867,Chicken Biryani,Main,80,False
8911,867,Gulab Jamun,Dessert,125,True
8912,867,Masala Chai,Beverage,60,True
8913,867,Mango Lassi,Beverage,115,False
8914,867,Egg Biryani,Main,115,False
8915,867,Chocolate Brownie,Dessert,105,True
8916,868,Veg Biryani,Main,115,True
8917,868,Egg Biryani,Main,75,False
8918,868,Cold Coffee,Beverage,65,True
8919,868,Gulab Jamun,Dessert,65,True
8920,868,Chocolate Brownie,Dessert,120,True
8921,868,Hyderabadi Dum Biryani,Main,65,True
8922,868,Mango Lassi,Beverage,60,True
8923,868,Boneless Biryani,Main,80,True
8924,868,Masala Chai,Beverage,135,True
8925,868,Chicken Biryani,Main,60,True
8926,869,Chocolate Brownie,Dessert,170,True
8927,869,Chicken Roll,Main,215,True
8928,869,Masala Chai,Beverage,235,False
8929,869,Egg Roll,Main,155,True
8930,869,Paneer Roll,Main,140,True
8931,869,Mango Lassi,Beverage,230,True
8932,870,Chicken Korma,Main,140,True
8933,870,Cold Coffee,Beverage,130,False
8934,870,Mutton Rogan Josh,Main,80,True
8935,870,Chocolate Brownie,Dessert,95,False
8936,870,Galouti Kebab,Main,145,True
8937,870,Seekh Kebab,Main,130,False
8938,870,Masala Chai,Beverage,125,True
8939,870,Gulab Jamun,Dessert,110,True
8940,870,Mango Lassi,Beverage,70,True
8941,871,Chocolate Brownie,Dessert,185,True
8942,871,Nuggets,Main,225,False
8943,871,Cold Coffee,Beverage,130,True
8944,871,Veg Burger,Main,150,False
8945,871,Cheese Sandwich,Main,220,True
8946,871,Masala Chai,Beverage,170,True
8947,871,Chicken Burger,Main,250,True
8948,871,Peri Peri Fries,Main,115,False
8949,871,Gulab Jamun,Dessert,125,False
8950,871,Veg Wrap,Main,185,False
8951,871,French Fries,Main,195,True
8952,871,Mango Lassi,Beverage,245,False
8953,872,Medu Vada,Main,360,True
8954,872,Curd Rice,Main,370,False
8955,872,Cold Coffee,Beverage,380,True
8956,872,Chocolate Brownie,Dessert,295,False
8957,872,Mango Lassi,Beverage,340,False
8958,872,Rava Dosa,Main,350,True
8959,872,Filter Coffee,Main,480,True
8960,872,Pongal,Main,285,False
8961,872,Masala Chai,Beverage,325,True
8962,872,Uttapam,Main,365,False
8963,872,Masala Dosa,Main,400,False
8964,872,Gulab Jamun,Dessert,515,False
8965,872,Idli Sambar,Main,320,False
8966,873,Rajma Chawal,Main,120,False
8967,873,Shahi Paneer,Main,75,True
8968,873,Butter Naan,Main,130,False
8969,873,Masala Chai,Beverage,140,False
8970,873,Dal Makhani,Main,60,False
8971,873,Mango Lassi,Beverage,80,True
8972,873,Chicken Curry,Main,120,False
8973,874,Cold Coffee,Beverage,100,False
8974,874,Chocolate Brownie,Dessert,85,True
8975,874,Mango Lassi,Beverage,105,False
8976,874,Nuggets,Main,135,True
8977,874,Veg Wrap,Main,150,True
8978,874,Veg Burger,Main,105,False
8979,874,Gulab Jamun,Dessert,95,False
8980,874,Cheese Sandwich,Main,110,True
8981,874,Chicken Burger,Main,65,False
8982,874,Masala Chai,Beverage,140,False
8983,874,French Fries,Main,120,False
8984,874,Peri Peri Fries,Main,80,False
8985,875,Chocolate Shake,Main,150,False
8986,875,Veg Sandwich,Main,130,False
8987,875,Croissant,Main,85,True
8988,875,Chocolate Brownie,Dessert,75,True
8989,875,Gulab Jamun,Dessert,65,False
8990,875,Club Sandwich,Main,80,True
8991,875,Cold Coffee,Beverage,105,True
8992,875,Pasta Alfredo,Main,75,False
8993,875,Cappuccino,Main,85,False
8994,875,Mango Lassi,Beverage,125,True
8995,876,Chole Bhature,Main,130,False
8996,876,Masala Chai,Beverage,105,True
8997,876,Chicken Curry,Main,85,False
8998,876,Dal Makhani,Main,120,False
8999,876,Mango Lassi,Beverage,80,True
9000,876,Rajma Chawal,Main,65,True
9001,876,Chocolate Brownie,Dessert,80,False
9002,876,Shahi Paneer,Main,135,False
9003,876,Cold Coffee,Beverage,70,True
9004,876,Paneer Butter Masala,Main,75,True
9005,876,Tandoori Roti,Main,95,True
9006,876,Butter Naan,Main,145,False
9007,876,Gulab Jamun,Dessert,145,True
9008,877,Cold Coffee,Beverage,135,False
9009,877,Egg Biryani,Main,240,True
9010,877,Mango Lassi,Beverage,135,True
9011,877,Masala Chai,Beverage,220,False
9012,877,Chicken 65,Main,165,True
9013,877,Chocolate Brownie,Dessert,215,True
9014,877,Boneless Biryani,Main,145,True
9015,877,Gulab Jamun,Dessert,165,True
9016,877,Veg Biryani,Main,220,True
9017,877,Mutton Biryani,Main,175,False
9018,877,Chicken Biryani,Main,190,False
9019,877,Hyderabadi Dum Biryani,Main,245,True
9020,878,Masala Chai,Beverage,235,True
9021,878,Dahi Puri,Main,210,True
9022,878,Vada Pav,Main,195,False
9023,878,Gulab Jamun,Dessert,245,True
9024,878,Cold Coffee,Beverage,220,True
9025,878,Mango Lassi,Beverage,250,False
9026,878,Kachori,Main,175,True
9027,878,Samosa,Main,135,False
9028,878,Pani Puri,Main,150,True
9029,879,Veg Biryani,Main,110,False
9030,879,Mutton Biryani,Main,75,False
9031,879,Boneless Biryani,Main,140,True
9032,879,Chocolate Brownie,Dessert,75,True
9033,879,Cold Coffee,Beverage,120,True
9034,879,Chicken Biryani,Main,140,False
9035,879,Egg Biryani,Main,130,False
9036,879,Masala Chai,Beverage,70,False
9037,879,Gulab Jamun,Dessert,115,True
9038,879,Mango Lassi,Beverage,85,True
9039,879,Chicken 65,Main,110,True
9040,879,Hyderabadi Dum Biryani,Main,105,False
9041,880,Medu Vada,Main,125,True
9042,880,Chocolate Brownie,Dessert,75,True
9043,880,Curd Rice,Main,90,True
9044,880,Rava Dosa,Main,125,False
9045,880,Idli Sambar,Main,115,True
9046,880,Masala Chai,Beverage,85,False
9047,880,Masala Dosa,Main,80,True
9048,881,Veg Manchurian,Main,185,False
9049,881,Chocolate Brownie,Dessert,145,True
9050,881,Chilli Paneer,Main,120,False
9051,881,Gulab Jamun,Dessert,225,False
9052,881,Fried Rice,Main,230,False
9053,881,Veg Hakka Noodles,Main,255,True
9054,881,Spring Roll,Main,125,True
9055,881,Cold Coffee,Beverage,225,True
9056,881,Masala Chai,Beverage,175,False
9057,881,Mango Lassi,Beverage,115,False
9058,881,Chicken Momos,Main,215,False
9059,881,Chilli Chicken,Main,220,True
9060,881,Schezwan Noodles,Main,185,True
9061,882,Veg Biryani,Main,110,False
9062,882,Boneless Biryani,Main,100,False
9063,882,Masala Chai,Beverage,110,True
9064,882,Egg Biryani,Main,75,True
9065,882,Cold Coffee,Beverage,125,True
9066,882,Hyderabadi Dum Biryani,Main,95,False
9067,882,Chocolate Brownie,Dessert,80,True
9068,882,Chicken 65,Main,140,False
9069,882,Mango Lassi,Beverage,130,True
9070,882,Mutton Biryani,Main,70,False
9071,882,Gulab Jamun,Dessert,135,False
9072,882,Chicken Biryani,Main,90,False
9073,883,Tandoori Roti,Main,235,True
9074,883,Masala Chai,Beverage,175,True
9075,883,Chocolate Brownie,Dessert,140,True
9076,883,Shahi Paneer,Main,225,True
9077,883,Chole Bhature,Main,235,True
9078,883,Rajma Chawal,Main,155,True
9079,883,Butter Naan,Main,230,True
9080,883,Mango Lassi,Beverage,130,True
9081,883,Chicken Curry,Main,170,True
9082,883,Paneer Butter Masala,Main,180,False
9083,884,Garlic Bread,Main,400,False
9084,884,Cheese Burst Pizza,Main,330,True
9085,884,Mango Lassi,Beverage,390,True
9086,884,Cold Coffee,Beverage,250,False
9087,884,Gulab Jamun,Dessert,420,False
9088,884,Farmhouse Pizza,Main,450,True
9089,885,Chicken Burger,Main,95,False
9090,885,Cheese Sandwich,Main,120,True
9091,885,Peri Peri Fries,Main,130,True
9092,885,Gulab Jamun,Dessert,75,True
9093,885,Nuggets,Main,120,True
9094,885,Veg Wrap,Main,90,False
9095,885,Masala Chai,Beverage,140,False
9096,886,Farmhouse Pizza,Main,155,False
9097,886,Mango Lassi,Beverage,155,True
9098,886,Garlic Bread,Main,160,False
9099,886,Chicken Supreme Pizza,Main,155,True
9100,886,Peppy Paneer Pizza,Main,125,False
9101,886,Masala Chai,Beverage,245,False
9102,886,Cheese Burst Pizza,Main,240,False
9103,886,Chocolate Brownie,Dessert,125,True
9104,886,Margherita Pizza,Main,230,True
9105,886,Cold Coffee,Beverage,150,True
9106,886,Gulab Jamun,Dessert,260,True
9107,887,Masala Chai,Beverage,395,True
9108,887,Gulab Jamun,Dessert,310,True
9109,887,Chicken Burger,Main,390,True
9110,887,French Fries,Main,265,True
9111,887,Veg Wrap,Main,240,False
9112,887,Cold Coffee,Beverage,340,False
9113,887,Chocolate Brownie,Dessert,440,True
9114,887,Veg Burger,Main,405,True
9115,887,Nuggets,Main,355,True
9116,887,Peri Peri Fries,Main,260,True
9117,887,Mango Lassi,Beverage,370,True
9118,887,Cheese Sandwich,Main,495,True
9119,888,Chicken Curry,Main,140,False
9120,888,Chole Bhature,Main,240,True
9121,888,Shahi Paneer,Main,180,False
9122,888,Gulab Jamun,Dessert,230,True
9123,888,Dal Makhani,Main,135,False
9124,888,Butter Naan,Main,115,False
9125,888,Chocolate Brownie,Dessert,155,True
9126,888,Mango Lassi,Beverage,225,True
9127,888,Cold Coffee,Beverage,170,True
9128,888,Tandoori Roti,Main,235,True
9129,888,Masala Chai,Beverage,205,False
9130,888,Rajma Chawal,Main,200,True
9131,888,Paneer Butter Masala,Main,150,True
9132,889,Idli Sambar,Main,115,True
9133,889,Pongal,Main,235,False
9134,889,Chocolate Brownie,Dessert,145,True
9135,889,Masala Chai,Beverage,125,False
9136,889,Gulab Jamun,Dessert,120,False
9137,889,Masala Dosa,Main,205,False
9138,889,Filter Coffee,Main,145,False
9139,889,Rava Dosa,Main,125,False
9140,889,Uttapam,Main,200,False
9141,889,Curd Rice,Main,205,False
9142,889,Cold Coffee,Beverage,185,True
9143,889,Medu Vada,Main,120,True
9144,890,Mango Lassi,Beverage,260,False
9145,890,Filter Coffee,Main,500,False
9146,890,Chocolate Brownie,Dessert,350,True
9147,890,Masala Dosa,Main,345,True
9148,890,Gulab Jamun,Dessert,250,True
9149,890,Masala Chai,Beverage,505,True
9150,890,Idli Sambar,Main,280,True
9151,890,Uttapam,Main,510,False
9152,891,Mango Lassi,Beverage,205,True
9153,891,Gulab Jamun,Dessert,195,True
9154,891,Dal Makhani,Main,180,True
9155,891,Shahi Paneer,Main,230,False
9156,891,Paneer Butter Masala,Main,140,False
9157,891,Cold Coffee,Beverage,255,True
9158,891,Chocolate Brownie,Dessert,260,True
9159,891,Rajma Chawal,Main,145,False
9160,891,Masala Chai,Beverage,115,False
9161,891,Chole Bhature,Main,235,True
9162,891,Chicken Curry,Main,160,True
9163,891,Butter Naan,Main,170,True
9164,891,Tandoori Roti,Main,225,False
9165,892,Chicken Roll,Main,230,False
9166,892,Paneer Roll,Main,220,False
9167,892,Double Egg Roll,Main,125,True
9168,892,Chocolate Brownie,Dessert,235,True
9169,892,Egg Roll,Main,135,True
9170,892,Gulab Jamun,Dessert,195,False
9171,892,Cold Coffee,Beverage,195,True
9172,892,Mango Lassi,Beverage,235,True
9173,892,Veg Frankie,Main,240,True
9174,892,Masala Chai,Beverage,115,True
9175,893,Butter Naan,Main,125,False
9176,893,Gulab Jamun,Dessert,130,False
9177,893,Dal Makhani,Main,190,False
9178,893,Paneer Butter Masala,Main,155,True
9179,893,Chocolate Brownie,Dessert,255,True
9180,893,Cold Coffee,Beverage,205,False
9181,893,Tandoori Roti,Main,130,False
9182,893,Mango Lassi,Beverage,150,True
9183,893,Rajma Chawal,Main,135,False
9184,893,Masala Chai,Beverage,115,True
9185,893,Chole Bhature,Main,215,True
9186,893,Chicken Curry,Main,145,True
9187,893,Shahi Paneer,Main,115,True
9188,894,Margherita Pizza,Main,135,False
9189,894,Chicken Supreme Pizza,Main,205,True
9190,894,Masala Chai,Beverage,170,False
9191,894,Cold Coffee,Beverage,220,True
9192,894,Peppy Paneer Pizza,Main,220,True
9193,894,Farmhouse Pizza,Main,155,True
9194,894,Garlic Bread,Main,185,True
9195,894,Mango Lassi,Beverage,200,False
9196,894,Gulab Jamun,Dessert,260,True
9197,894,Cheese Burst Pizza,Main,220,False
9198,894,Chocolate Brownie,Dessert,190,True
9199,895,Medu Vada,Main,120,False
9200,895,Gulab Jamun,Dessert,255,True
9201,895,Mango Lassi,Beverage,130,True
9202,895,Idli Sambar,Main,135,True
9203,895,Uttapam,Main,215,True
9204,895,Chocolate Brownie,Dessert,130,False
9205,895,Curd Rice,Main,150,True
9206,895,Pongal,Main,195,True
9207,896,Shahi Paneer,Main,220,True
9208,896,Chole Bhature,Main,225,True
9209,896,Tandoori Roti,Main,120,False
9210,896,Gulab Jamun,Dessert,205,False
9211,896,Masala Chai,Beverage,135,False
9212,896,Paneer Butter Masala,Main,230,False
9213,896,Cold Coffee,Beverage,210,True
9214,896,Mango Lassi,Beverage,235,True
9215,896,Butter Naan,Main,175,False
9216,896,Rajma Chawal,Main,165,True
9217,896,Dal Makhani,Main,125,True
9218,896,Chicken Curry,Main,235,False
9219,896,Chocolate Brownie,Dessert,225,False
9220,897,Idli Sambar,Main,290,False
9221,897,Masala Chai,Beverage,435,True
9222,897,Cold Coffee,Beverage,310,True
9223,897,Filter Coffee,Main,505,True
9224,897,Masala Dosa,Main,360,True
9225,897,Rava Dosa,Main,290,True
9226,897,Chocolate Brownie,Dessert,435,True
9227,897,Gulab Jamun,Dessert,410,True
9228,897,Pongal,Main,325,True
9229,897,Uttapam,Main,305,True
9230,897,Curd Rice,Main,385,False
9231,897,Mango Lassi,Beverage,475,False
9232,897,Medu Vada,Main,380,True
9233,898,Chocolate Brownie,Dessert,65,False
9234,898,Masala Chai,Beverage,60,True
9235,898,Egg Biryani,Main,65,True
9236,898,Veg Biryani,Main,135,True
9237,898,Cold Coffee,Beverage,80,False
9238,898,Boneless Biryani,Main,60,False
9239,898,Mango Lassi,Beverage,140,True
9240,898,Mutton Biryani,Main,60,True
9241,898,Chicken Biryani,Main,135,False
9242,898,Hyderabadi Dum Biryani,Main,130,False
9243,898,Chicken 65,Main,100,False
9244,898,Gulab Jamun,Dessert,130,True
9245,899,Mango Lassi,Beverage,95,True
9246,899,Garlic Bread,Main,125,False
9247,899,Gulab Jamun,Dessert,65,True
9248,899,Cheese Burst Pizza,Main,125,True
9249,899,Cold Coffee,Beverage,130,False
9250,899,Masala Chai,Beverage,125,True
9251,899,Farmhouse Pizza,Main,125,True
9252,899,Peppy Paneer Pizza,Main,135,True
9253,899,Margherita Pizza,Main,85,False
9254,899,Chicken Supreme Pizza,Main,90,True
9255,899,Chocolate Brownie,Dessert,65,False
9256,900,Mango Lassi,Beverage,85,True
9257,900,Cold Drink,Beverage,65,True
9258,900,Cold Coffee,Beverage,95,False
9259,900,Masala Chai,Beverage,70,True
9260,900,Buttermilk,Beverage,150,False
9261,900,Gulab Jamun,Dessert,150,True
9262,900,Chocolate Brownie,Dessert,95,True
9263,900,Mango Lassi,Beverage,145,False
9264,900,Cold Coffee,Beverage,110,True
9265,900,Fresh Lime Soda,Beverage,110,False
9266,901,Gulab Jamun,Dessert,90,True
9267,901,Tandoori Roti,Main,80,False
9268,901,Shahi Paneer,Main,70,False
9269,901,Paneer Butter Masala,Main,110,True
9270,901,Chicken Curry,Main,115,False
9271,901,Dal Makhani,Main,120,True
9272,901,Rajma Chawal,Main,85,False
9273,901,Chocolate Brownie,Dessert,105,False
9274,901,Butter Naan,Main,95,False
9275,901,Masala Chai,Beverage,100,True
9276,901,Mango Lassi,Beverage,145,True
9277,901,Cold Coffee,Beverage,80,True
9278,901,Chole Bhature,Main,60,True
9279,902,Cold Coffee,Beverage,250,True
9280,902,Masala Chai,Beverage,250,False
9281,902,Cheese Sandwich,Main,155,False
9282,902,Peri Peri Fries,Main,135,True
9283,902,Chicken Burger,Main,200,True
9284,902,Veg Wrap,Main,255,False
9285,903,Mango Lassi,Beverage,140,False
9286,903,Chocolate Brownie,Dessert,110,False
9287,903,Choco Lava Cake,Dessert,90,False
9288,903,Rasmalai,Dessert,120,False
9289,903,Ice Cream Tub,Dessert,105,True
9290,903,Gulab Jamun,Dessert,65,False
9291,903,Chocolate Brownie,Dessert,95,True
9292,903,Masala Chai,Beverage,80,False
9293,903,Cold Coffee,Beverage,90,True
9294,903,Gulab Jamun,Dessert,125,False
9295,903,Gajar Halwa,Dessert,65,False
9296,904,Chicken Momos,Main,130,True
9297,904,Chocolate Brownie,Dessert,140,True
9298,904,Chilli Chicken,Main,140,False
9299,904,Cold Coffee,Beverage,230,True
9300,904,Fried Rice,Main,200,False
9301,904,Veg Manchurian,Main,210,False
9302,904,Veg Hakka Noodles,Main,200,True
9303,904,Masala Chai,Beverage,240,False
9304,904,Spring Roll,Main,180,False
9305,904,Mango Lassi,Beverage,145,False
9306,904,Schezwan Noodles,Main,225,False
9307,905,Chocolate Brownie,Dessert,185,True
9308,905,Chicken Curry,Main,115,True
9309,905,Mango Lassi,Beverage,240,False
9310,905,Gulab Jamun,Dessert,195,False
9311,905,Dal Makhani,Main,115,False
9312,905,Paneer Butter Masala,Main,155,True
9313,905,Chole Bhature,Main,150,True
9314,905,Shahi Paneer,Main,200,True
9315,905,Rajma Chawal,Main,160,False
9316,905,Cold Coffee,Beverage,225,True
9317,905,Masala Chai,Beverage,145,False
9318,905,Tandoori Roti,Main,200,True
9319,906,Shahi Paneer,Main,110,False
9320,906,Rajma Chawal,Main,70,False
9321,906,Cold Coffee,Beverage,85,False
9322,906,Gulab Jamun,Dessert,115,False
9323,906,Tandoori Roti,Main,60,True
9324,906,Butter Naan,Main,75,False
9325,906,Dal Makhani,Main,90,False
9326,906,Chocolate Brownie,Dessert,90,True
9327,906,Chicken Curry,Main,100,True
9328,906,Paneer Butter Masala,Main,90,True
9329,906,Chole Bhature,Main,85,True
9330,906,Masala Chai,Beverage,130,True
9331,906,Mango Lassi,Beverage,80,True
9332,907,Paneer Butter Masala,Main,130,True
9333,907,Chicken Curry,Main,115,False
9334,907,Dal Makhani,Main,110,True
9335,907,Shahi Paneer,Main,60,False
9336,907,Chole Bhature,Main,65,True
9337,907,Mango Lassi,Beverage,65,False
9338,907,Chocolate Brownie,Dessert,85,False
9339,907,Rajma Chawal,Main,115,False
9340,907,Cold Coffee,Beverage,75,True
9341,908,Cold Coffee,Beverage,175,True
9342,908,Chocolate Shake,Main,210,False
9343,908,Masala Chai,Beverage,160,True
9344,908,Club Sandwich,Main,135,True
9345,908,Pasta Alfredo,Main,125,True
9346,908,Chocolate Brownie,Dessert,135,False
9347,908,Croissant,Main,110,False
9348,908,Cappuccino,Main,110,True
9349,908,Gulab Jamun,Dessert,225,False
9350,908,Mango Lassi,Beverage,125,False
9351,908,Veg Sandwich,Main,225,True
9352,909,Veg Hakka Noodles,Main,195,True
9353,909,Schezwan Noodles,Main,140,False
9354,909,Fried Rice,Main,170,True
9355,909,Spring Roll,Main,220,False
9356,909,Cold Coffee,Beverage,240,False
9357,909,Masala Chai,Beverage,155,False
9358,909,Gulab Jamun,Dessert,125,False
9359,909,Chocolate Brownie,Dessert,150,True
9360,909,Mango Lassi,Beverage,250,False
9361,909,Chilli Chicken,Main,155,True
9362,910,Chocolate Brownie,Dessert,140,True
9363,910,Veg Burger,Main,80,True
9364,910,Cheese Sandwich,Main,125,True
9365,910,French Fries,Main,100,True
9366,910,Veg Wrap,Main,145,False
9367,910,Gulab Jamun,Dessert,65,True
9368,910,Cold Coffee,Beverage,150,True
9369,910,Nuggets,Main,115,False
9370,910,Peri Peri Fries,Main,145,True
9371,910,Mango Lassi,Beverage,115,False
9372,910,Masala Chai,Beverage,75,False
9373,910,Chicken Burger,Main,130,True
9374,911,Gajar Halwa,Dessert,145,True
9375,911,Cold Coffee,Beverage,125,False
9376,911,Mango Lassi,Beverage,115,False
9377,911,Chocolate Brownie,Dessert,145,False
9378,911,Choco Lava Cake,Dessert,70,False
9379,911,Rasmalai,Dessert,130,True
9380,911,Ice Cream Tub,Dessert,150,True
9381,911,Masala Chai,Beverage,145,False
9382,912,Spring Roll,Main,80,True
9383,912,Veg Hakka Noodles,Main,125,True
9384,912,Chicken Momos,Main,145,True
9385,912,Chilli Chicken,Main,85,False
9386,912,Cold Coffee,Beverage,70,True
9387,912,Chocolate Brownie,Dessert,85,False
9388,912,Schezwan Noodles,Main,80,True
9389,912,Mango Lassi,Beverage,115,True
9390,912,Veg Manchurian,Main,140,False
9391,912,Fried Rice,Main,130,True
9392,912,Masala Chai,Beverage,120,True
9393,912,Chilli Paneer,Main,60,True
9394,912,Gulab Jamun,Dessert,105,True
9395,913,Chicken Supreme Pizza,Main,95,True
9396,913,Chocolate Brownie,Dessert,100,True
9397,913,Farmhouse Pizza,Main,75,True
9398,913,Cheese Burst Pizza,Main,130,True
9399,913,Cold Coffee,Beverage,80,False
9400,913,Masala Chai,Beverage,130,True
9401,913,Garlic Bread,Main,85,False
9402,913,Mango Lassi,Beverage,125,False
9403,913,Margherita Pizza,Main,60,False
9404,913,Gulab Jamun,Dessert,85,False
9405,913,Peppy Paneer Pizza,Main,60,True
9406,914,Cold Coffee,Beverage,110,True
9407,914,Shahi Paneer,Main,65,True
9408,914,Mango Lassi,Beverage,125,True
9409,914,Gulab Jamun,Dessert,145,False
9410,914,Dal Makhani,Main,145,True
9411,914,Butter Naan,Main,110,True
9412,914,Tandoori Roti,Main,105,False
9413,914,Paneer Butter Masala,Main,105,True
9414,914,Chole Bhature,Main,125,True
9415,914,Chicken Curry,Main,70,True
9416,914,Masala Chai,Beverage,70,False
9417,914,Chocolate Brownie,Dessert,100,False
9418,914,Rajma Chawal,Main,95,True
9419,915,Mango Lassi,Beverage,400,True
9420,915,Chicken 65,Main,500,False
9421,915,Veg Biryani,Main,520,False
9422,915,Chicken Biryani,Main,400,True
9423,915,Boneless Biryani,Main,340,True
9424,915,Mutton Biryani,Main,470,True
9425,915,Chocolate Brownie,Dessert,490,True
9426,915,Cold Coffee,Beverage,305,True
9427,915,Hyderabadi Dum Biryani,Main,340,True
9428,915,Egg Biryani,Main,290,False
9429,915,Gulab Jamun,Dessert,355,True
9430,915,Masala Chai,Beverage,330,True
9431,916,Mango Lassi,Beverage,65,False
9432,916,Tandoori Roti,Main,130,True
9433,916,Chole Bhature,Main,135,False
9434,916,Dal Makhani,Main,145,True
9435,916,Chocolate Brownie,Dessert,140,True
9436,916,Gulab Jamun,Dessert,95,True
9437,916,Cold Coffee,Beverage,80,True
9438,916,Masala Chai,Beverage,140,True
9439,916,Butter Naan,Main,110,False
9440,916,Shahi Paneer,Main,80,False
9441,916,Rajma Chawal,Main,150,True
9442,916,Chicken Curry,Main,105,True
9443,916,Paneer Butter Masala,Main,145,True
9444,917,Curd Rice,Main,95,True
9445,917,Mango Lassi,Beverage,60,False
9446,917,Cold Coffee,Beverage,115,True
9447,917,Uttapam,Main,75,True
9448,917,Gulab Jamun,Dessert,95,True
9449,917,Rava Dosa,Main,130,True
9450,917,Pongal,Main,145,True
9451,917,Filter Coffee,Main,95,False
9452,917,Masala Dosa,Main,75,False
9453,917,Idli Sambar,Main,75,True
9454,917,Masala Chai,Beverage,140,True
9455,917,Medu Vada,Main,65,True
9456,917,Chocolate Brownie,Dessert,85,True
9457,918,Mango Lassi,Beverage,480,True
9458,918,Chilli Paneer,Main,350,True
9459,918,Chicken Momos,Main,310,True
9460,918,Gulab Jamun,Dessert,515,True
9461,918,Veg Manchurian,Main,385,True
9462,918,Chilli Chicken,Main,280,True
9463,919,Cold Coffee,Beverage,115,True
9464,919,Mango Lassi,Beverage,250,False
9465,919,Gulab Jamun,Dessert,160,True
9466,919,Masala Chai,Beverage,255,False
9467,919,Paneer Roll,Main,200,True
9468,919,Double Egg Roll,Main,245,True
9469,919,Egg Roll,Main,195,True
9470,919,Chocolate Brownie,Dessert,180,True
9471,919,Veg Frankie,Main,230,True
9472,919,Chicken Roll,Main,195,False
9473,920,Chocolate Brownie,Dessert,190,True
9474,920,Cheese Burst Pizza,Main,135,False
9475,920,Farmhouse Pizza,Main,110,True
9476,920,Mango Lassi,Beverage,255,False
9477,920,Margherita Pizza,Main,145,True
9478,920,Gulab Jamun,Dessert,170,False
9479,920,Peppy Paneer Pizza,Main,135,False
9480,920,Garlic Bread,Main,115,True
9481,920,Masala Chai,Beverage,200,False
9482,920,Cold Coffee,Beverage,210,True
9483,920,Chicken Supreme Pizza,Main,170,True
9484,921,Masala Chai,Beverage,230,False
9485,921,Gulab Jamun,Dessert,195,True
9486,921,Paneer Roll,Main,215,True
9487,921,Mango Lassi,Beverage,135,True
9488,921,Chocolate Brownie,Dessert,175,True
9489,921,Egg Roll,Main,160,True
9490,921,Chicken Roll,Main,225,False
9491,921,Double Egg Roll,Main,235,True
9492,921,Veg Frankie,Main,230,False
9493,921,Cold Coffee,Beverage,145,True
9494,922,Chocolate Brownie,Dessert,505,False
9495,922,Shahi Paneer,Main,315,False
9496,922,Butter Naan,Main,295,True
9497,922,Rajma Chawal,Main,415,True
9498,922,Tandoori Roti,Main,275,True
9499,922,Masala Chai,Beverage,290,True
9500,922,Mango Lassi,Beverage,440,False
9501,923,Mango Lassi,Beverage,90,True
9502,923,Chocolate Brownie,Dessert,85,True
9503,923,Cold Coffee,Beverage,110,False
9504,923,Quinoa Salad,Main,140,True
9505,923,Fruit Bowl,Main,90,True
9506,923,Masala Chai,Beverage,85,False
9507,923,Gulab Jamun,Dessert,115,True
9508,923,Sprout Salad,Main,110,False
9509,923,Grilled Chicken Bowl,Main,65,False
9510,924,Masala Chai,Beverage,130,True
9511,924,Dal Makhani,Main,140,True
9512,924,Gulab Jamun,Dessert,145,False
9513,924,Paneer Butter Masala,Main,75,True
9514,924,Rajma Chawal,Main,80,True
9515,924,Shahi Paneer,Main,95,True
9516,924,Chicken Curry,Main,95,True
9517,924,Chole Bhature,Main,90,True
9518,924,Cold Coffee,Beverage,80,True
9519,924,Tandoori Roti,Main,75,False
9520,925,Cold Coffee,Beverage,495,False
9521,925,Cold Coffee,Beverage,500,True
9522,925,Gulab Jamun,Dessert,450,False
9523,925,Mango Lassi,Beverage,275,True
9524,925,Masala Chai,Beverage,295,True
9525,925,Mango Lassi,Beverage,420,False
9526,925,Masala Chai,Beverage,515,True
9527,925,Chocolate Brownie,Dessert,430,True
9528,925,Fresh Lime Soda,Beverage,305,False
9529,925,Buttermilk,Beverage,505,False
9530,925,Cold Drink,Beverage,370,False
9531,926,Double Egg Roll,Main,265,True
9532,926,Egg Roll,Main,295,False
9533,926,Chocolate Brownie,Dessert,245,True
9534,926,Gulab Jamun,Dessert,465,False
9535,926,Paneer Roll,Main,370,True
9536,926,Cold Coffee,Beverage,335,False
9537,926,Chicken Roll,Main,485,True
9538,926,Mango Lassi,Beverage,370,False
9539,926,Masala Chai,Beverage,470,True
9540,926,Veg Frankie,Main,510,False
9541,927,Cheese Sandwich,Main,385,True
9542,927,Veg Burger,Main,415,True
9543,927,Masala Chai,Beverage,500,False
9544,927,Peri Peri Fries,Main,240,False
9545,927,Nuggets,Main,260,True
9546,927,Veg Wrap,Main,350,True
9547,927,Mango Lassi,Beverage,470,False
9548,927,Cold Coffee,Beverage,460,True
9549,928,Mutton Biryani,Main,70,False
9550,928,Chicken Biryani,Main,90,False
9551,928,Veg Biryani,Main,105,True
9552,928,Egg Biryani,Main,135,True
9553,928,Boneless Biryani,Main,70,False
9554,928,Masala Chai,Beverage,85,False
9555,928,Chicken 65,Main,140,True
9556,928,Cold Coffee,Beverage,120,True
9557,928,Gulab Jamun,Dessert,130,True
9558,928,Mango Lassi,Beverage,85,False
9559,929,Gajar Halwa,Dessert,495,True
9560,929,Masala Chai,Beverage,380,True
9561,929,Mango Lassi,Beverage,450,True
9562,929,Gulab Jamun,Dessert,440,True
9563,929,Choco Lava Cake,Dessert,415,True
9564,929,Chocolate Brownie,Dessert,340,True
9565,929,Ice Cream Tub,Dessert,435,True
9566,929,Chocolate Brownie,Dessert,445,True
9567,929,Cold Coffee,Beverage,420,True
9568,929,Rasmalai,Dessert,285,False
9569,929,Gulab Jamun,Dessert,515,True
9570,930,Egg Roll,Main,100,False
9571,930,Veg Frankie,Main,100,False
9572,930,Chocolate Brownie,Dessert,130,True
9573,930,Double Egg Roll,Main,140,True
9574,930,Chicken Roll,Main,100,False
9575,930,Gulab Jamun,Dessert,145,True
9576,930,Paneer Roll,Main,75,False
9577,930,Masala Chai,Beverage,100,False
9578,930,Cold Coffee,Beverage,90,False
9579,930,Mango Lassi,Beverage,80,False
9580,931,Chole Bhature,Main,140,True
9581,931,Chocolate Brownie,Dessert,200,False
9582,931,Tandoori Roti,Main,250,True
9583,931,Rajma Chawal,Main,185,True
9584,931,Gulab Jamun,Dessert,160,False
9585,931,Cold Coffee,Beverage,250,True
9586,931,Butter Naan,Main,145,True
9587,931,Shahi Paneer,Main,175,False
9588,931,Mango Lassi,Beverage,205,False
9589,931,Dal Makhani,Main,165,False
9590,931,Chicken Curry,Main,215,False
9591,932,Choco Lava Cake,Dessert,460,True
9592,932,Gajar Halwa,Dessert,505,True
9593,932,Rasmalai,Dessert,425,True
9594,932,Mango Lassi,Beverage,365,True
9595,932,Masala Chai,Beverage,305,False
9596,932,Gulab Jamun,Dessert,425,False
9597,932,Gulab Jamun,Dessert,430,True
9598,932,Chocolate Brownie,Dessert,275,False
9599,932,Cold Coffee,Beverage,310,True
9600,932,Chocolate Brownie,Dessert,355,False
9601,932,Ice Cream Tub,Dessert,420,True
9602,933,Cold Coffee,Beverage,140,True
9603,933,Rajma Chawal,Main,145,True
9604,933,Butter Naan,Main,105,True
9605,933,Chicken Curry,Main,150,True
9606,933,Chole Bhature,Main,145,False
9607,933,Mango Lassi,Beverage,145,True
9608,933,Paneer Butter Masala,Main,95,True
9609,933,Dal Makhani,Main,105,True
9610,933,Gulab Jamun,Dessert,115,False
9611,933,Tandoori Roti,Main,145,True
9612,933,Masala Chai,Beverage,100,True
9613,933,Shahi Paneer,Main,140,True
9614,933,Chocolate Brownie,Dessert,90,True
9615,934,Egg Biryani,Main,145,False
9616,934,Hyderabadi Dum Biryani,Main,60,True
9617,934,Masala Chai,Beverage,90,True
9618,934,Mango Lassi,Beverage,65,True
9619,934,Boneless Biryani,Main,120,True
9620,934,Gulab Jamun,Dessert,90,True
9621,934,Mutton Biryani,Main,70,True
9622,934,Cold Coffee,Beverage,125,False
9623,934,Chocolate Brownie,Dessert,80,True
9624,934,Veg Biryani,Main,125,True
9625,935,Gulab Jamun,Dessert,240,False
9626,935,Mango Lassi,Beverage,135,True
9627,935,Peppy Paneer Pizza,Main,130,False
9628,935,Cold Coffee,Beverage,255,True
9629,935,Cheese Burst Pizza,Main,250,False
9630,935,Margherita Pizza,Main,195,False
9631,935,Masala Chai,Beverage,180,True
9632,935,Farmhouse Pizza,Main,220,False
9633,935,Chocolate Brownie,Dessert,165,True
9634,935,Garlic Bread,Main,140,True
9635,935,Chicken Supreme Pizza,Main,165,True
9636,936,Cold Coffee,Beverage,135,False
9637,936,Chocolate Brownie,Dessert,250,True
9638,936,Masala Chai,Beverage,225,False
9639,936,Fresh Lime Soda,Beverage,250,True
9640,936,Cold Drink,Beverage,135,True
9641,936,Buttermilk,Beverage,195,True
9642,936,Mango Lassi,Beverage,120,True
9643,936,Gulab Jamun,Dessert,150,True
9644,937,Gulab Jamun,Dessert,115,False
9645,937,Hyderabadi Dum Biryani,Main,100,True
9646,937,Chicken Biryani,Main,135,True
9647,937,Egg Biryani,Main,115,True
9648,937,Mutton Biryani,Main,105,False
9649,937,Veg Biryani,Main,110,True
9650,937,Cold Coffee,Beverage,80,True
9651,937,Masala Chai,Beverage,110,True
9652,937,Chicken 65,Main,80,True
9653,937,Boneless Biryani,Main,130,True
9654,937,Chocolate Brownie,Dessert,95,True
9655,938,Gulab Jamun,Dessert,395,False
9656,938,Idli Sambar,Main,260,True
9657,938,Medu Vada,Main,320,True
9658,938,Filter Coffee,Main,425,True
9659,938,Cold Coffee,Beverage,405,True
9660,938,Masala Chai,Beverage,515,False
9661,938,Rava Dosa,Main,240,False
9662,938,Chocolate Brownie,Dessert,285,True
9663,938,Masala Dosa,Main,465,True
9664,938,Pongal,Main,445,True
9665,938,Curd Rice,Main,485,True
9666,938,Mango Lassi,Beverage,295,True
9667,938,Uttapam,Main,410,False
9668,939,Mango Lassi,Beverage,130,True
9669,939,Veg Biryani,Main,130,False
9670,939,Chocolate Brownie,Dessert,90,True
9671,939,Chicken 65,Main,80,False
9672,939,Gulab Jamun,Dessert,70,True
9673,939,Egg Biryani,Main,145,True
9674,939,Mutton Biryani,Main,65,True
9675,939,Boneless Biryani,Main,145,False
9676,939,Chicken Biryani,Main,125,True
9677,939,Masala Chai,Beverage,105,True
9678,939,Hyderabadi Dum Biryani,Main,130,True
9679,939,Cold Coffee,Beverage,90,True
9680,940,Chocolate Brownie,Dessert,95,True
9681,940,Mango Lassi,Beverage,145,True
9682,940,Rava Dosa,Main,80,False
9683,940,Masala Chai,Beverage,125,True
9684,940,Medu Vada,Main,130,True
9685,940,Uttapam,Main,110,True
9686,940,Gulab Jamun,Dessert,140,True
9687,940,Cold Coffee,Beverage,80,True
9688,940,Curd Rice,Main,100,True
9689,940,Idli Sambar,Main,110,False
9690,940,Pongal,Main,60,False
9691,940,Filter Coffee,Main,135,True
9692,940,Masala Dosa,Main,65,True
9693,941,Cheese Sandwich,Main,255,False
9694,941,Veg Burger,Main,110,True
9695,941,Cold Coffee,Beverage,220,True
9696,941,Chicken Burger,Main,115,True
9697,941,Masala Chai,Beverage,195,True
9698,941,Veg Wrap,Main,150,True
9699,941,Chocolate Brownie,Dessert,220,False
9700,941,French Fries,Main,220,True
9701,941,Peri Peri Fries,Main,255,False
9702,941,Nuggets,Main,150,False
9703,941,Mango Lassi,Beverage,175,True
9704,941,Gulab Jamun,Dessert,195,True
9705,942,Gulab Jamun,Dessert,120,False
9706,942,Chocolate Brownie,Dessert,230,True
9707,942,Mutton Biryani,Main,215,True
9708,942,Veg Biryani,Main,200,True
9709,942,Chicken 65,Main,220,True
9710,942,Masala Chai,Beverage,235,True
9711,942,Hyderabadi Dum Biryani,Main,115,True
9712,942,Egg Biryani,Main,170,False
9713,942,Chicken Biryani,Main,180,True
9714,942,Cold Coffee,Beverage,240,True
9715,942,Boneless Biryani,Main,185,True
9716,942,Mango Lassi,Beverage,255,True
9717,943,Cold Coffee,Beverage,100,True
9718,943,Choco Lava Cake,Dessert,70,True
9719,943,Ice Cream Tub,Dessert,145,True
9720,943,Gajar Halwa,Dessert,130,True
9721,943,Gulab Jamun,Dessert,70,False
9722,943,Mango Lassi,Beverage,120,False
9723,943,Chocolate Brownie,Dessert,100,False
9724,943,Masala Chai,Beverage,145,True
9725,943,Gulab Jamun,Dessert,75,False
9726,943,Chocolate Brownie,Dessert,65,True
9727,943,Rasmalai,Dessert,65,True
9728,944,Idli Sambar,Main,130,False
9729,944,Medu Vada,Main,210,False
9730,944,Uttapam,Main,195,True
9731,944,Mango Lassi,Beverage,135,False
9732,944,Pongal,Main,110,False
9733,944,Chocolate Brownie,Dessert,115,False
9734,944,Masala Dosa,Main,170,False
9735,944,Curd Rice,Main,225,True
9736,944,Filter Coffee,Main,250,True
9737,944,Cold Coffee,Beverage,165,False
9738,944,Masala Chai,Beverage,230,True
9739,944,Rava Dosa,Main,125,False
9740,944,Gulab Jamun,Dessert,200,True
9741,945,Cold Coffee,Beverage,130,True
9742,945,Masala Chai,Beverage,60,False
9743,945,Medu Vada,Main,95,True
9744,945,Masala Dosa,Main,130,True
9745,945,Curd Rice,Main,100,False
9746,945,Pongal,Main,75,True
9747,946,Mango Lassi,Beverage,270,True
9748,946,Chicken Biryani,Main,275,True
9749,946,Masala Chai,Beverage,275,True
9750,946,Gulab Jamun,Dessert,430,True
9751,946,Mutton Biryani,Main,495,False
9752,946,Chocolate Brownie,Dessert,515,False
9753,946,Hyderabadi Dum Biryani,Main,245,True
9754,946,Veg Biryani,Main,315,False
9755,946,Boneless Biryani,Main,420,True
9756,946,Cold Coffee,Beverage,435,True
9757,946,Chicken 65,Main,425,True
9758,946,Egg Biryani,Main,300,True
9759,947,Masala Chai,Beverage,415,True
9760,947,Mango Lassi,Beverage,245,True
9761,947,Tandoori Roti,Main,305,True
9762,947,Chole Bhature,Main,365,True
9763,947,Paneer Butter Masala,Main,320,True
9764,947,Rajma Chawal,Main,480,True
9765,947,Cold Coffee,Beverage,480,False
9766,947,Shahi Paneer,Main,380,False
9767,947,Butter Naan,Main,290,True
9768,947,Gulab Jamun,Dessert,425,True
9769,947,Chocolate Brownie,Dessert,405,False
9770,947,Chicken Curry,Main,515,True
9771,947,Dal Makhani,Main,445,False
9772,948,Filter Coffee,Main,105,True
9773,948,Masala Chai,Beverage,150,True
9774,948,Rava Dosa,Main,110,True
9775,948,Pongal,Main,75,False
9776,948,Uttapam,Main,70,True
9777,948,Mango Lassi,Beverage,105,True
9778,948,Gulab Jamun,Dessert,140,False
9779,948,Chocolate Brownie,Dessert,65,True
9780,948,Medu Vada,Main,115,True
9781,948,Masala Dosa,Main,80,False
9782,949,Gulab Jamun,Dessert,115,True
9783,949,Fried Rice,Main,95,True
9784,949,Chilli Chicken,Main,150,False
9785,949,Veg Hakka Noodles,Main,95,True
9786,949,Chocolate Brownie,Dessert,140,False
9787,949,Cold Coffee,Beverage,120,False
9788,949,Mango Lassi,Beverage,65,True
9789,949,Schezwan Noodles,Main,90,True
9790,949,Veg Manchurian,Main,125,False
9791,949,Chilli Paneer,Main,140,True
9792,949,Masala Chai,Beverage,125,False
9793,949,Chicken Momos,Main,80,True
9794,949,Spring Roll,Main,140,True
9795,950,Egg Biryani,Main,160,True
9796,950,Mutton Biryani,Main,230,True
9797,950,Gulab Jamun,Dessert,245,False
9798,950,Boneless Biryani,Main,145,True
9799,950,Masala Chai,Beverage,220,True
9800,950,Chicken Biryani,Main,235,False
9801,951,Curd Rice,Main,130,False
9802,951,Cold Coffee,Beverage,250,False
9803,951,Rava Dosa,Main,110,True
9804,951,Masala Dosa,Main,255,False
9805,951,Gulab Jamun,Dessert,160,False
9806,951,Chocolate Brownie,Dessert,135,False
9807,951,Idli Sambar,Main,170,True
9808,951,Filter Coffee,Main,120,True
9809,952,Masala Chai,Beverage,175,False
9810,952,Peri Peri Fries,Main,180,False
9811,952,Cheese Sandwich,Main,240,False
9812,952,French Fries,Main,125,False
9813,952,Cold Coffee,Beverage,205,True
9814,952,Nuggets,Main,225,True
9815,952,Veg Burger,Main,135,False
9816,952,Chicken Burger,Main,205,True
9817,952,Veg Wrap,Main,210,False
9818,952,Chocolate Brownie,Dessert,130,True
9819,952,Mango Lassi,Beverage,155,False
9820,952,Gulab Jamun,Dessert,140,True
9821,953,Croissant,Main,180,True
9822,953,Cappuccino,Main,240,True
9823,953,Veg Sandwich,Main,170,False
9824,953,Masala Chai,Beverage,255,True
9825,953,Chocolate Shake,Main,115,False
9826,953,Mango Lassi,Beverage,255,False
9827,953,Gulab Jamun,Dessert,195,True
9828,953,Club Sandwich,Main,255,False
9829,953,Pasta Alfredo,Main,215,False
9830,953,Chocolate Brownie,Dessert,240,True
9831,953,Cold Coffee,Beverage,115,True
9832,954,Chicken Burger,Main,255,True
9833,954,Mango Lassi,Beverage,225,False
9834,954,Cold Coffee,Beverage,260,False
9835,954,Veg Wrap,Main,200,True
9836,954,Veg Burger,Main,225,False
9837,954,Chocolate Brownie,Dessert,190,False
9838,954,Peri Peri Fries,Main,255,True
9839,954,Gulab Jamun,Dessert,200,True
9840,954,Masala Chai,Beverage,175,False
9841,954,Cheese Sandwich,Main,165,True
9842,954,French Fries,Main,235,True
9843,954,Nuggets,Main,185,True
9844,955,Chilli Chicken,Main,195,False
9845,955,Fried Rice,Main,205,True
9846,955,Chilli Paneer,Main,165,False
9847,955,Chocolate Brownie,Dessert,150,True
9848,955,Masala Chai,Beverage,225,True
9849,955,Veg Manchurian,Main,145,False
9850,955,Veg Hakka Noodles,Main,140,False
9851,955,Cold Coffee,Beverage,160,False
9852,955,Gulab Jamun,Dessert,225,True
9853,956,Shahi Paneer,Main,235,True
9854,956,Dal Makhani,Main,210,True
9855,956,Rajma Chawal,Main,200,True
9856,956,Mango Lassi,Beverage,230,True
9857,956,Paneer Butter Masala,Main,260,False
9858,956,Chole Bhature,Main,200,True
9859,956,Masala Chai,Beverage,205,False
9860,956,Gulab Jamun,Dessert,180,True
9861,956,Chocolate Brownie,Dessert,240,True
9862,956,Chicken Curry,Main,185,False
9863,956,Butter Naan,Main,170,False
9864,956,Tandoori Roti,Main,195,True
9865,956,Cold Coffee,Beverage,260,True
9866,957,Chocolate Brownie,Dessert,140,False
9867,957,Gulab Jamun,Dessert,125,True
9868,957,Chole Bhature,Main,145,False
9869,957,Chicken Curry,Main,110,True
9870,957,Tandoori Roti,Main,60,False
9871,957,Butter Naan,Main,75,True
9872,957,Shahi Paneer,Main,90,True
9873,957,Dal Makhani,Main,100,True
9874,958,Veg Burger,Main,75,True
9875,958,Veg Wrap,Main,130,False
9876,958,Mango Lassi,Beverage,125,True
9877,958,Gulab Jamun,Dessert,60,False
9878,958,Cold Coffee,Beverage,70,True
9879,958,Masala Chai,Beverage,135,True
9880,958,Peri Peri Fries,Main,100,False
9881,958,French Fries,Main,140,True
9882,959,Garlic Bread,Main,65,True
9883,959,Mango Lassi,Beverage,105,True
9884,959,Farmhouse Pizza,Main,70,True
9885,959,Margherita Pizza,Main,105,False
9886,959,Chocolate Brownie,Dessert,140,True
9887,959,Gulab Jamun,Dessert,110,True
9888,959,Peppy Paneer Pizza,Main,90,False
9889,959,Cheese Burst Pizza,Main,85,True
9890,959,Cold Coffee,Beverage,140,True
9891,959,Chicken Supreme Pizza,Main,105,False
9892,959,Masala Chai,Beverage,90,False
9893,960,Rajma Chawal,Main,195,True
9894,960,Mango Lassi,Beverage,125,False
9895,960,Tandoori Roti,Main,145,True
9896,960,Shahi Paneer,Main,235,True
9897,960,Chocolate Brownie,Dessert,125,False
9898,960,Butter Naan,Main,220,False
9899,960,Masala Chai,Beverage,190,False
9900,960,Cold Coffee,Beverage,165,True
9901,960,Dal Makhani,Main,205,True
9902,960,Chicken Curry,Main,205,False
9903,960,Gulab Jamun,Dessert,185,True
9904,960,Paneer Butter Masala,Main,210,False
9905,960,Chole Bhature,Main,140,False
9906,961,Masala Chai,Beverage,145,True
9907,961,Uttapam,Main,80,True
9908,961,Curd Rice,Main,135,False
9909,961,Rava Dosa,Main,85,False
9910,961,Pongal,Main,105,True
9911,961,Gulab Jamun,Dessert,100,True
9912,961,Idli Sambar,Main,135,True
9913,961,Cold Coffee,Beverage,95,False
9914,961,Mango Lassi,Beverage,100,False
9915,961,Masala Dosa,Main,70,True
9916,961,Medu Vada,Main,110,True
9917,961,Chocolate Brownie,Dessert,70,True
9918,961,Filter Coffee,Main,130,False
9919,962,Chilli Paneer,Main,115,False
9920,962,Mango Lassi,Beverage,115,True
9921,962,Veg Manchurian,Main,150,True
9922,962,Veg Hakka Noodles,Main,140,True
9923,962,Masala Chai,Beverage,245,True
9924,962,Gulab Jamun,Dessert,200,False
9925,962,Chicken Momos,Main,235,True
9926,962,Fried Rice,Main,135,True
9927,962,Chilli Chicken,Main,130,True
9928,962,Cold Coffee,Beverage,200,False
9929,962,Chocolate Brownie,Dessert,230,False
9930,962,Spring Roll,Main,135,False
9931,962,Schezwan Noodles,Main,120,False
9932,963,Gulab Jamun,Dessert,145,True
9933,963,Veg Manchurian,Main,90,False
9934,963,Cold Coffee,Beverage,65,False
9935,963,Chicken Momos,Main,150,True
9936,963,Chilli Paneer,Main,100,False
9937,963,Fried Rice,Main,65,True
9938,963,Mango Lassi,Beverage,65,False
9939,963,Spring Roll,Main,120,False
9940,963,Chilli Chicken,Main,75,True
9941,963,Chocolate Brownie,Dessert,125,True
9942,963,Masala Chai,Beverage,140,True
9943,963,Schezwan Noodles,Main,70,True
9944,963,Veg Hakka Noodles,Main,130,False
9945,964,Gulab Jamun,Dessert,230,True
9946,964,Masala Chai,Beverage,190,True
9947,964,Kachori,Main,180,True
9948,964,Cold Coffee,Beverage,220,False
9949,964,Pav Bhaji,Main,145,True
9950,964,Chocolate Brownie,Dessert,155,False
9951,964,Vada Pav,Main,155,False
9952,964,Samosa,Main,215,False
9953,964,Pani Puri,Main,220,False
9954,964,Dahi Puri,Main,180,True
9955,964,Mango Lassi,Beverage,110,False
9956,965,Masala Chai,Beverage,80,True
9957,965,Rava Dosa,Main,60,True
9958,965,Filter Coffee,Main,85,False
9959,965,Chocolate Brownie,Dessert,80,True
9960,965,Curd Rice,Main,60,False
9961,965,Idli Sambar,Main,75,False
9962,965,Gulab Jamun,Dessert,80,True
9963,965,Pongal,Main,135,False
9964,965,Mango Lassi,Beverage,120,False
9965,965,Uttapam,Main,140,False
9966,965,Masala Dosa,Main,70,True
9967,965,Cold Coffee,Beverage,150,True
9968,965,Medu Vada,Main,110,True
9969,966,Chocolate Brownie,Dessert,155,True
9970,966,Dal Makhani,Main,240,True
9971,966,Chicken Curry,Main,250,True
9972,966,Cold Coffee,Beverage,150,True
9973,966,Rajma Chawal,Main,125,True
9974,966,Mango Lassi,Beverage,210,True
9975,966,Butter Naan,Main,250,True
9976,966,Paneer Butter Masala,Main,190,False
9977,966,Gulab Jamun,Dessert,130,False
9978,966,Masala Chai,Beverage,130,False
9979,966,Tandoori Roti,Main,185,True
9980,966,Shahi Paneer,Main,215,True
9981,966,Chole Bhature,Main,255,True
9982,967,Chilli Chicken,Main,115,True
9983,967,Chicken Momos,Main,80,False
9984,967,Fried Rice,Main,75,True
9985,967,Cold Coffee,Beverage,125,True
9986,967,Chilli Paneer,Main,125,True
9987,967,Spring Roll,Main,135,True
9988,967,Masala Chai,Beverage,75,True
9989,967,Schezwan Noodles,Main,100,True
9990,967,Veg Manchurian,Main,100,False
9991,967,Veg Hakka Noodles,Main,70,True
9992,968,Tandoori Roti,Main,185,False
9993,968,Dal Makhani,Main,210,False
9994,968,Masala Chai,Beverage,250,True
9995,968,Mango Lassi,Beverage,140,False
9996,968,Chocolate Brownie,Dessert,130,False
9997,968,Rajma Chawal,Main,255,True
9998,968,Shahi Paneer,Main,140,False
9999,968,Butter Naan,Main,165,True
10000,968,Gulab Jamun,Dessert,170,True
10001,968,Chole Bhature,Main,120,True
10002,968,Cold Coffee,Beverage,180,True
10003,968,Paneer Butter Masala,Main,220,True
10004,969,Butter Naan,Main,115,True
10005,969,Chocolate Brownie,Dessert,70,True
10006,969,Mango Lassi,Beverage,125,True
10007,969,Chicken Curry,Main,145,False
10008,969,Tandoori Roti,Main,105,False
10009,969,Masala Chai,Beverage,115,True
10010,969,Shahi Paneer,Main,65,False
10011,969,Cold Coffee,Beverage,100,False
10012,969,Gulab Jamun,Dessert,95,True
10013,969,Rajma Chawal,Main,70,True
10014,969,Dal Makhani,Main,125,True
10015,969,Chole Bhature,Main,135,False
10016,969,Paneer Butter Masala,Main,90,True
10017,970,Chicken Biryani,Main,145,False
10018,970,Gulab Jamun,Dessert,170,False
10019,970,Boneless Biryani,Main,190,True
10020,970,Masala Chai,Beverage,225,True
10021,970,Egg Biryani,Main,130,True
10022,970,Veg Biryani,Main,235,False
10023,971,Veg Manchurian,Main,245,False
10024,971,Chilli Chicken,Main,240,True
10025,971,Mango Lassi,Beverage,200,True
10026,971,Chocolate Brownie,Dessert,150,True
10027,971,Masala Chai,Beverage,145,True
10028,971,Fried Rice,Main,255,False
10029,971,Schezwan Noodles,Main,235,True
10030,971,Gulab Jamun,Dessert,115,True
10031,971,Chicken Momos,Main,240,True
10032,971,Chilli Paneer,Main,145,False
10033,971,Veg Hakka Noodles,Main,180,False
10034,971,Spring Roll,Main,195,True
10035,971,Cold Coffee,Beverage,240,True
10036,972,Dal Makhani,Main,140,True
10037,972,Cold Coffee,Beverage,125,True
10038,972,Chocolate Brownie,Dessert,100,False
10039,972,Rajma Chawal,Main,135,True
10040,972,Butter Naan,Main,110,True
10041,972,Chole Bhature,Main,85,False
10042,972,Chicken Curry,Main,130,True
10043,972,Gulab Jamun,Dessert,145,False
10044,972,Mango Lassi,Beverage,75,True
10045,972,Masala Chai,Beverage,90,False
10046,972,Shahi Paneer,Main,100,True
10047,972,Tandoori Roti,Main,140,True
10048,972,Paneer Butter Masala,Main,145,False
10049,973,Veg Burger,Main,180,True
10050,973,Nuggets,Main,240,True
10051,973,Mango Lassi,Beverage,255,True
10052,973,Chicken Burger,Main,135,True
10053,973,Gulab Jamun,Dessert,240,True
10054,973,Cold Coffee,Beverage,115,True
10055,973,Veg Wrap,Main,190,True
10056,973,Peri Peri Fries,Main,135,True
10057,973,Chocolate Brownie,Dessert,215,True
10058,973,Masala Chai,Beverage,195,False
10059,973,French Fries,Main,220,False
10060,973,Cheese Sandwich,Main,155,True
10061,974,Egg Biryani,Main,200,True
10062,974,Veg Biryani,Main,145,False
10063,974,Masala Chai,Beverage,190,True
10064,974,Mutton Biryani,Main,135,False
10065,974,Hyderabadi Dum Biryani,Main,175,True
10066,974,Chocolate Brownie,Dessert,220,True
10067,974,Mango Lassi,Beverage,150,False
10068,975,Rajma Chawal,Main,155,True
10069,975,Masala Chai,Beverage,165,False
10070,975,Shahi Paneer,Main,225,False
10071,975,Chocolate Brownie,Dessert,160,True
10072,975,Tandoori Roti,Main,230,True
10073,975,Dal Makhani,Main,125,True
10074,975,Paneer Butter Masala,Main,225,True
10075,975,Cold Coffee,Beverage,200,False
10076,975,Mango Lassi,Beverage,150,True
10077,975,Gulab Jamun,Dessert,145,True
10078,975,Butter Naan,Main,225,True
10079,975,Chole Bhature,Main,200,True
10080,976,Cappuccino,Main,125,False
10081,976,Mango Lassi,Beverage,115,True
10082,976,Masala Chai,Beverage,200,False
10083,976,Club Sandwich,Main,180,False
10084,976,Chocolate Brownie,Dessert,180,False
10085,976,Gulab Jamun,Dessert,145,True
10086,976,Croissant,Main,115,True
10087,976,Cold Coffee,Beverage,170,False
10088,976,Veg Sandwich,Main,220,True
10089,976,Chocolate Shake,Main,200,False
10090,976,Pasta Alfredo,Main,235,True
10091,977,Schezwan Noodles,Main,70,False
10092,977,Veg Hakka Noodles,Main,140,True
10093,977,Gulab Jamun,Dessert,80,False
10094,977,Spring Roll,Main,105,False
10095,977,Chocolate Brownie,Dessert,65,True
10096,977,Cold Coffee,Beverage,60,True
10097,977,Veg Manchurian,Main,140,False
10098,977,Chilli Paneer,Main,60,True
10099,977,Chicken Momos,Main,125,True
10100,977,Mango Lassi,Beverage,80,False
10101,977,Fried Rice,Main,80,True
10102,978,Samosa,Main,240,True
10103,978,Kachori,Main,230,False
10104,978,Masala Chai,Beverage,135,True
10105,978,Dahi Puri,Main,240,True
10106,978,Chocolate Brownie,Dessert,145,True
10107,978,Pav Bhaji,Main,165,True
10108,978,Vada Pav,Main,180,False
10109,978,Pani Puri,Main,140,False
10110,978,Mango Lassi,Beverage,245,True
10111,978,Gulab Jamun,Dessert,225,True
10112,979,Vada Pav,Main,380,False
10113,979,Mango Lassi,Beverage,290,True
10114,979,Pav Bhaji,Main,515,False
10115,979,Cold Coffee,Beverage,430,True
10116,979,Pani Puri,Main,360,True
10117,979,Gulab Jamun,Dessert,475,True
10118,979,Kachori,Main,350,True
10119,979,Dahi Puri,Main,345,True
10120,979,Masala Chai,Beverage,460,False
10121,979,Samosa,Main,345,True
10122,979,Chocolate Brownie,Dessert,515,True
10123,980,Boneless Biryani,Main,240,True
10124,980,Cold Coffee,Beverage,295,False
10125,980,Mutton Biryani,Main,505,True
10126,980,Gulab Jamun,Dessert,315,False
10127,980,Mango Lassi,Beverage,415,False
10128,980,Chocolate Brownie,Dessert,420,True
10129,980,Veg Biryani,Main,475,True
10130,980,Egg Biryani,Main,265,False
10131,980,Masala Chai,Beverage,405,True
10132,980,Chicken Biryani,Main,310,True
10133,980,Hyderabadi Dum Biryani,Main,395,False
10134,980,Chicken 65,Main,430,False
10135,981,Masala Chai,Beverage,105,True
10136,981,Masala Dosa,Main,140,False
10137,981,Uttapam,Main,85,True
10138,981,Gulab Jamun,Dessert,75,True
10139,981,Chocolate Brownie,Dessert,80,False
10140,981,Mango Lassi,Beverage,145,True
10141,981,Filter Coffee,Main,80,True
10142,981,Pongal,Main,90,False
10143,981,Rava Dosa,Main,60,False
10144,981,Cold Coffee,Beverage,95,True
10145,981,Curd Rice,Main,75,False
10146,981,Medu Vada,Main,135,True
10147,981,Idli Sambar,Main,110,True
10148,982,Chocolate Brownie,Dessert,175,True
10149,982,Cold Coffee,Beverage,175,False
10150,982,Cold Drink,Beverage,205,False
10151,982,Buttermilk,Beverage,135,False
10152,982,Mango Lassi,Beverage,255,False
10153,982,Masala Chai,Beverage,255,False
10154,982,Gulab Jamun,Dessert,210,True
10155,982,Masala Chai,Beverage,150,False
10156,982,Cold Coffee,Beverage,165,False
10157,982,Fresh Lime Soda,Beverage,200,True
10158,982,Mango Lassi,Beverage,165,False
10159,983,Chocolate Brownie,Dessert,120,True
10160,983,Gulab Jamun,Dessert,95,True
10161,983,Fried Rice,Main,65,False
10162,983,Chilli Paneer,Main,70,False
10163,983,Veg Manchurian,Main,100,True
10164,983,Schezwan Noodles,Main,85,True
10165,983,Veg Hakka Noodles,Main,115,False
10166,984,Cold Coffee,Beverage,220,True
10167,984,Mango Lassi,Beverage,220,True
10168,984,Idli Sambar,Main,135,False
10169,984,Masala Dosa,Main,165,True
10170,984,Masala Chai,Beverage,200,True
10171,984,Gulab Jamun,Dessert,155,True
10172,984,Curd Rice,Main,190,False
10173,984,Pongal,Main,185,True
10174,984,Rava Dosa,Main,195,False
10175,985,Cheese Sandwich,Main,135,False
10176,985,Veg Burger,Main,145,False
10177,985,French Fries,Main,100,False
10178,985,Masala Chai,Beverage,90,False
10179,985,Gulab Jamun,Dessert,70,True
10180,985,Peri Peri Fries,Main,140,True
10181,985,Nuggets,Main,140,True
10182,985,Cold Coffee,Beverage,120,False
10183,985,Chocolate Brownie,Dessert,65,False
10184,985,Veg Wrap,Main,70,False
10185,985,Chicken Burger,Main,150,False
10186,986,Gulab Jamun,Dessert,140,True
10187,986,Hyderabadi Dum Biryani,Main,140,True
10188,986,Mango Lassi,Beverage,145,False
10189,986,Cold Coffee,Beverage,95,True
10190,986,Mutton Biryani,Main,140,False
10191,986,Boneless Biryani,Main,70,False
10192,986,Chocolate Brownie,Dessert,105,True
10193,986,Chicken Biryani,Main,85,False
10194,986,Masala Chai,Beverage,100,False
10195,986,Chicken 65,Main,95,True
10196,986,Veg Biryani,Main,80,False
10197,986,Egg Biryani,Main,75,False
10198,987,Veg Sandwich,Main,150,False
10199,987,Chocolate Brownie,Dessert,210,True
10200,987,Pasta Alfredo,Main,180,True
10201,987,Gulab Jamun,Dessert,195,True
10202,987,Cappuccino,Main,180,True
10203,987,Cold Coffee,Beverage,175,True
10204,987,Croissant,Main,140,False
10205,987,Mango Lassi,Beverage,255,True
10206,987,Club Sandwich,Main,245,False
10207,987,Chocolate Shake,Main,255,True
10208,987,Masala Chai,Beverage,215,True
10209,988,Cold Coffee,Beverage,415,True
10210,988,Chocolate Brownie,Dessert,400,True
10211,988,Chicken Roll,Main,420,False
10212,988,Paneer Roll,Main,510,True
10213,988,Masala Chai,Beverage,370,True
10214,988,Veg Frankie,Main,440,True
10215,989,Cappuccino,Main,135,True
10216,989,Chocolate Shake,Main,90,True
10217,989,Chocolate Brownie,Dessert,90,True
10218,989,Veg Sandwich,Main,140,False
10219,989,Club Sandwich,Main,75,True
10220,989,Croissant,Main,75,True
10221,989,Mango Lassi,Beverage,140,False
10222,989,Masala Chai,Beverage,100,False
10223,989,Cold Coffee,Beverage,110,False
10224,989,Gulab Jamun,Dessert,105,False
10225,989,Pasta Alfredo,Main,95,True
10226,990,Masala Chai,Beverage,140,False
10227,990,Cold Coffee,Beverage,235,True
10228,990,Mango Lassi,Beverage,200,False
10229,990,Double Egg Roll,Main,250,True
10230,990,Veg Frankie,Main,200,False
10231,990,Chocolate Brownie,Dessert,220,False
10232,990,Egg Roll,Main,180,True
10233,990,Gulab Jamun,Dessert,220,False
10234,990,Chicken Roll,Main,240,True
10235,990,Paneer Roll,Main,240,True
10236,991,Margherita Pizza,Main,120,True
10237,991,Mango Lassi,Beverage,230,True
10238,991,Cold Coffee,Beverage,120,True
10239,991,Chicken Supreme Pizza,Main,210,False
10240,991,Masala Chai,Beverage,145,True
10241,991,Farmhouse Pizza,Main,145,False
10242,991,Gulab Jamun,Dessert,245,True
10243,991,Chocolate Brownie,Dessert,115,False
10244,991,Cheese Burst Pizza,Main,205,False
10245,991,Garlic Bread,Main,155,True
10246,991,Peppy Paneer Pizza,Main,115,False
10247,992,Chocolate Brownie,Dessert,345,False
10248,992,Veg Biryani,Main,310,False
10249,992,Egg Biryani,Main,515,True
10250,992,Gulab Jamun,Dessert,345,True
10251,992,Mango Lassi,Beverage,490,True
10252,992,Mutton Biryani,Main,470,True
10253,992,Hyderabadi Dum Biryani,Main,485,True
10254,992,Masala Chai,Beverage,400,True
10255,993,Sprout Salad,Main,210,False
10256,993,Grilled Chicken Bowl,Main,170,False
10257,993,Cold Coffee,Beverage,230,False
10258,993,Quinoa Salad,Main,250,True
10259,993,Chocolate Brownie,Dessert,235,False
10260,993,Mango Lassi,Beverage,180,False
10261,993,Masala Chai,Beverage,160,True
10262,993,Fruit Bowl,Main,150,True
10263,993,Gulab Jamun,Dessert,195,False
10264,994,Vada Pav,Main,70,True
10265,994,Masala Chai,Beverage,100,False
10266,994,Pani Puri,Main,110,False
10267,994,Kachori,Main,145,True
10268,994,Mango Lassi,Beverage,90,True
10269,994,Cold Coffee,Beverage,70,True
10270,995,Mango Lassi,Beverage,85,False
10271,995,Masala Chai,Beverage,115,False
10272,995,Gulab Jamun,Dessert,90,True
10273,995,Cold Coffee,Beverage,100,True
10274,995,Buttermilk,Beverage,150,True
10275,995,Mango Lassi,Beverage,70,False
10276,995,Masala Chai,Beverage,110,True
10277,995,Cold Drink,Beverage,95,True
10278,995,Cold Coffee,Beverage,70,False
10279,996,Gulab Jamun,Dessert,215,False
10280,996,Choco Lava Cake,Dessert,225,False
10281,996,Ice Cream Tub,Dessert,135,False
10282,996,Cold Coffee,Beverage,170,True
10283,996,Rasmalai,Dessert,230,False
10284,996,Chocolate Brownie,Dessert,185,True
10285,996,Masala Chai,Beverage,170,True
10286,996,Chocolate Brownie,Dessert,205,False
10287,996,Gajar Halwa,Dessert,180,True
10288,996,Mango Lassi,Beverage,195,True
10289,996,Gulab Jamun,Dessert,180,False
10290,997,Masala Chai,Beverage,120,True
10291,997,Cold Coffee,Beverage,145,True
10292,997,French Fries,Main,100,True
10293,997,Gulab Jamun,Dessert,135,False
10294,997,Mango Lassi,Beverage,65,False
10295,997,Chicken Burger,Main,120,True
10296,997,Veg Burger,Main,100,True
10297,997,Nuggets,Main,115,True
10298,997,Veg Wrap,Main,145,True
10299,997,Cheese Sandwich,Main,100,True
10300,997,Chocolate Brownie,Dessert,60,False
10301,997,Peri Peri Fries,Main,130,False
10302,998,Mango Lassi,Beverage,250,True
10303,998,Medu Vada,Main,250,True
10304,998,Gulab Jamun,Dessert,375,False
10305,998,Masala Chai,Beverage,290,True
10306,998,Curd Rice,Main,245,True
10307,998,Idli Sambar,Main,245,True
10308,998,Cold Coffee,Beverage,475,False
10309,998,Chocolate Brownie,Dessert,345,True
10310,998,Pongal,Main,450,False
10311,999,Croissant,Main,325,True
10312,999,Cappuccino,Main,440,True
10313,999,Chocolate Brownie,Dessert,360,True
10314,999,Club Sandwich,Main,370,True
10315,999,Gulab Jamun,Dessert,410,False
10316,999,Cold Coffee,Beverage,495,False
10317,999,Mango Lassi,Beverage,350,False
10318,999,Pasta Alfredo,Main,425,True
10319,999,Veg Sandwich,Main,320,False
10320,999,Masala Chai,Beverage,465,True
10321,999,Chocolate Shake,Main,320,True
10322,1000,Tandoori Roti,Main,425,False
10323,1000,Rajma Chawal,Main,440,True
10324,1000,Dal Makhani,Main,515,True
10325,1000,Mango Lassi,Beverage,465,True
10326,1000,Shahi Paneer,Main,335,True
10327,1000,Cold Coffee,Beverage,400,True
10328,1000,Gulab Jamun,Dessert,450,True
10329,1000,Paneer Butter Masala,Main,425,True
10330,1000,Chocolate Brownie,Dessert,375,True
10331,1000,Butter Naan,Main,355,False
10332,1000,Chole Bhature,Main,285,True
10333,1000,Chicken Curry,Main,340,True
10334,1000,Masala Chai,Beverage,290,False
10335,1001,Medu Vada,Main,90,False
10336,1001,Masala Dosa,Main,115,True
10337,1001,Curd Rice,Main,75,False
10338,1001,Mango Lassi,Beverage,135,True
10339,1001,Rava Dosa,Main,85,True
10340,1001,Chocolate Brownie,Dessert,70,True
10341,1001,Pongal,Main,100,True
10342,1001,Uttapam,Main,125,True
10343,1001,Idli Sambar,Main,95,False
10344,1001,Cold Coffee,Beverage,90,True
10345,1002,Chicken Biryani,Main,165,True
10346,1002,Boneless Biryani,Main,175,True
10347,1002,Mutton Biryani,Main,255,True
10348,1002,Mango Lassi,Beverage,185,True
10349,1002,Chocolate Brownie,Dessert,225,True
10350,1002,Chicken 65,Main,120,False
10351,1002,Gulab Jamun,Dessert,185,False
10352,1002,Masala Chai,Beverage,125,True
10353,1002,Egg Biryani,Main,190,True
10354,1002,Hyderabadi Dum Biryani,Main,200,False
10355,1002,Cold Coffee,Beverage,115,True
10356,1002,Veg Biryani,Main,160,True
10357,1003,Gulab Jamun,Dessert,125,False
10358,1003,Chocolate Brownie,Dessert,195,False
10359,1003,Veg Wrap,Main,135,True
10360,1003,Cold Coffee,Beverage,240,True
10361,1003,Masala Chai,Beverage,210,True
10362,1003,Cheese Sandwich,Main,195,False
10363,1003,Chicken Burger,Main,135,True
10364,1003,Nuggets,Main,110,False
10365,1003,Peri Peri Fries,Main,245,True
10366,1003,Veg Burger,Main,235,True
10367,1003,French Fries,Main,255,True
10368,1003,Mango Lassi,Beverage,140,False
10369,1004,Peri Peri Fries,Main,135,True
10370,1004,Cheese Sandwich,Main,75,False
10371,1004,French Fries,Main,70,True
10372,1004,Mango Lassi,Beverage,70,True
10373,1004,Veg Burger,Main,105,False
10374,1004,Chicken Burger,Main,100,True
10375,1004,Gulab Jamun,Dessert,135,False
10376,1004,Cold Coffee,Beverage,90,False
10377,1004,Nuggets,Main,140,False
10378,1004,Veg Wrap,Main,90,False
10379,1004,Chocolate Brownie,Dessert,125,True
10380,1004,Masala Chai,Beverage,120,True
10381,1005,Masala Dosa,Main,120,True
10382,1005,Uttapam,Main,110,False
10383,1005,Mango Lassi,Beverage,90,True
10384,1005,Pongal,Main,100,True
10385,1005,Chocolate Brownie,Dessert,75,False
10386,1005,Cold Coffee,Beverage,130,True
10387,1006,Chicken Curry,Main,105,True
10388,1006,Rajma Chawal,Main,70,True
10389,1006,Chole Bhature,Main,100,False
10390,1006,Dal Makhani,Main,90,True
10391,1006,Mango Lassi,Beverage,60,True
10392,1006,Paneer Butter Masala,Main,135,True
10393,1006,Butter Naan,Main,145,True
10394,1006,Shahi Paneer,Main,135,True
10395,1006,Tandoori Roti,Main,115,False
10396,1006,Chocolate Brownie,Dessert,80,True
10397,1006,Masala Chai,Beverage,130,True
10398,1006,Cold Coffee,Beverage,105,True
10399,1006,Gulab Jamun,Dessert,130,True
10400,1007,Masala Chai,Beverage,245,False
10401,1007,Curd Rice,Main,210,False
10402,1007,Medu Vada,Main,190,True
10403,1007,Pongal,Main,125,True
10404,1007,Masala Dosa,Main,145,False
10405,1007,Filter Coffee,Main,190,False
10406,1007,Gulab Jamun,Dessert,170,True
10407,1007,Cold Coffee,Beverage,150,True
10408,1007,Mango Lassi,Beverage,180,True
10409,1007,Rava Dosa,Main,235,True
10410,1007,Uttapam,Main,245,True
10411,1007,Chocolate Brownie,Dessert,180,False
10412,1007,Idli Sambar,Main,220,True
10413,1008,Veg Hakka Noodles,Main,300,True
10414,1008,Chilli Chicken,Main,485,True
10415,1008,Veg Manchurian,Main,310,False
10416,1008,Schezwan Noodles,Main,255,False
10417,1008,Cold Coffee,Beverage,410,True
10418,1008,Gulab Jamun,Dessert,290,True
10419,1008,Chocolate Brownie,Dessert,305,True
10420,1008,Fried Rice,Main,480,False
10421,1008,Chicken Momos,Main,290,True
10422,1008,Chilli Paneer,Main,360,True
10423,1008,Mango Lassi,Beverage,505,True
10424,1008,Masala Chai,Beverage,515,True
10425,1008,Spring Roll,Main,400,False
10426,1009,Shahi Paneer,Main,405,False
10427,1009,Chocolate Brownie,Dessert,350,False
10428,1009,Tandoori Roti,Main,480,False
10429,1009,Cold Coffee,Beverage,515,True
10430,1009,Chole Bhature,Main,340,False
10431,1009,Butter Naan,Main,375,True
10432,1009,Gulab Jamun,Dessert,335,False
10433,1010,Gulab Jamun,Dessert,85,True
10434,1010,Cheese Burst Pizza,Main,85,False
10435,1010,Peppy Paneer Pizza,Main,125,True
10436,1010,Chicken Supreme Pizza,Main,100,True
10437,1010,Garlic Bread,Main,95,False
10438,1010,Farmhouse Pizza,Main,115,True
10439,1010,Masala Chai,Beverage,125,False
10440,1010,Mango Lassi,Beverage,135,True
10441,1010,Chocolate Brownie,Dessert,135,True
10442,1010,Margherita Pizza,Main,70,True
10443,1010,Cold Coffee,Beverage,105,False
10444,1011,Chocolate Brownie,Dessert,220,True
10445,1011,Pongal,Main,110,True
10446,1011,Mango Lassi,Beverage,245,True
10447,1011,Idli Sambar,Main,115,True
10448,1011,Curd Rice,Main,225,False
10449,1011,Cold Coffee,Beverage,155,True
10450,1011,Gulab Jamun,Dessert,235,True
10451,1011,Masala Chai,Beverage,165,True
10452,1011,Filter Coffee,Main,170,True
10453,1011,Rava Dosa,Main,235,True
10454,1012,Masala Chai,Beverage,125,False
10455,1012,Chilli Paneer,Main,95,True
10456,1012,Gulab Jamun,Dessert,105,True
10457,1012,Fried Rice,Main,70,False
10458,1012,Spring Roll,Main,70,False
10459,1012,Schezwan Noodles,Main,95,False
10460,1012,Veg Manchurian,Main,100,True
10461,1012,Cold Coffee,Beverage,75,True
10462,1012,Chocolate Brownie,Dessert,110,False
10463,1012,Veg Hakka Noodles,Main,135,True
10464,1012,Mango Lassi,Beverage,130,True
10465,1013,Gulab Jamun,Dessert,85,False
10466,1013,Schezwan Noodles,Main,140,True
10467,1013,Mango Lassi,Beverage,135,False
10468,1013,Veg Hakka Noodles,Main,115,False
10469,1013,Fried Rice,Main,130,True
10470,1013,Chilli Paneer,Main,150,True
10471,1013,Chicken Momos,Main,70,False
10472,1014,Gulab Jamun,Dessert,80,True
10473,1014,Chocolate Brownie,Dessert,65,False
10474,1014,Hyderabadi Dum Biryani,Main,60,True
10475,1014,Mango Lassi,Beverage,65,False
10476,1014,Chicken Biryani,Main,65,True
10477,1014,Boneless Biryani,Main,70,False
10478,1014,Veg Biryani,Main,95,False
10479,1015,Gulab Jamun,Dessert,165,True
10480,1015,Club Sandwich,Main,215,False
10481,1015,Croissant,Main,250,True
10482,1015,Pasta Alfredo,Main,155,True
10483,1015,Masala Chai,Beverage,165,True
10484,1015,Cold Coffee,Beverage,245,True
10485,1015,Cappuccino,Main,115,False
10486,1015,Chocolate Brownie,Dessert,150,True
10487,1015,Chocolate Shake,Main,225,True
10488,1015,Veg Sandwich,Main,200,False
10489,1015,Mango Lassi,Beverage,155,True
10490,1016,Chicken Curry,Main,125,True
10491,1016,Paneer Butter Masala,Main,255,True
10492,1016,Butter Naan,Main,170,True
10493,1016,Tandoori Roti,Main,205,False
10494,1016,Chocolate Brownie,Dessert,125,False
10495,1016,Gulab Jamun,Dessert,175,True
10496,1016,Rajma Chawal,Main,190,True
10497,1016,Mango Lassi,Beverage,130,True
10498,1016,Masala Chai,Beverage,205,False
10499,1016,Cold Coffee,Beverage,200,True
10500,1016,Shahi Paneer,Main,195,False
10501,1016,Chole Bhature,Main,250,True
10502,1016,Dal Makhani,Main,125,False
10503,1017,Mango Lassi,Beverage,430,False
10504,1017,Chilli Paneer,Main,390,False
10505,1017,Chilli Chicken,Main,410,False
10506,1017,Veg Manchurian,Main,245,False
10507,1017,Cold Coffee,Beverage,340,False
10508,1017,Schezwan Noodles,Main,475,True
10509,1017,Masala Chai,Beverage,350,False
10510,1017,Fried Rice,Main,275,False
10511,1017,Spring Roll,Main,330,True
10512,1017,Chocolate Brownie,Dessert,495,False
10513,1017,Chicken Momos,Main,360,False
10514,1017,Veg Hakka Noodles,Main,300,True
10515,1017,Gulab Jamun,Dessert,415,False
10516,1018,Peppy Paneer Pizza,Main,155,False
10517,1018,Chicken Supreme Pizza,Main,250,True
10518,1018,Chocolate Brownie,Dessert,235,True
10519,1018,Cheese Burst Pizza,Main,245,True
10520,1018,Cold Coffee,Beverage,170,True
10521,1018,Margherita Pizza,Main,250,True
10522,1018,Masala Chai,Beverage,145,True
10523,1018,Farmhouse Pizza,Main,180,True
10524,1018,Mango Lassi,Beverage,210,False
10525,1018,Gulab Jamun,Dessert,215,True
10526,1018,Garlic Bread,Main,190,False
10527,1019,Chocolate Brownie,Dessert,145,False
10528,1019,Tandoori Roti,Main,145,True
10529,1019,Butter Naan,Main,65,True
10530,1019,Rajma Chawal,Main,65,True
10531,1019,Shahi Paneer,Main,145,True
10532,1019,Cold Coffee,Beverage,125,False
10533,1019,Gulab Jamun,Dessert,65,True
10534,1019,Mango Lassi,Beverage,115,True
10535,1019,Chole Bhature,Main,100,False
10536,1019,Paneer Butter Masala,Main,90,True
10537,1020,Cold Coffee,Beverage,175,False
10538,1020,Fresh Lime Soda,Beverage,185,False
10539,1020,Gulab Jamun,Dessert,195,True
10540,1020,Mango Lassi,Beverage,130,True
10541,1020,Cold Drink,Beverage,245,True
10542,1020,Masala Chai,Beverage,235,True
10543,1021,Kachori,Main,100,True
10544,1021,Gulab Jamun,Dessert,140,True
10545,1021,Masala Chai,Beverage,85,False
10546,1021,Chocolate Brownie,Dessert,85,True
10547,1021,Pani Puri,Main,80,True
10548,1021,Samosa,Main,85,True
10549,1021,Pav Bhaji,Main,145,False
10550,1021,Mango Lassi,Beverage,70,True
10551,1021,Vada Pav,Main,150,False
10552,1021,Cold Coffee,Beverage,115,True
10553,1021,Dahi Puri,Main,75,True
10554,1022,Chocolate Brownie,Dessert,115,True
10555,1022,Cold Coffee,Beverage,120,True
10556,1022,Mango Lassi,Beverage,75,True
10557,1022,Peri Peri Fries,Main,65,True
10558,1022,Masala Chai,Beverage,130,True
10559,1022,Cheese Sandwich,Main,105,True
10560,1022,French Fries,Main,110,True
10561,1022,Chicken Burger,Main,75,False
10562,1022,Veg Wrap,Main,105,False
10563,1022,Nuggets,Main,150,True
10564,1022,Gulab Jamun,Dessert,140,False
10565,1023,Chocolate Brownie,Dessert,205,False
10566,1023,Dahi Puri,Main,135,True
10567,1023,Masala Chai,Beverage,185,False
10568,1023,Kachori,Main,200,True
10569,1023,Pani Puri,Main,210,True
10570,1023,Mango Lassi,Beverage,160,True
10571,1023,Pav Bhaji,Main,155,False
10572,1023,Cold Coffee,Beverage,255,True
10573,1023,Vada Pav,Main,145,True
10574,1023,Samosa,Main,175,False
10575,1023,Gulab Jamun,Dessert,145,True
10576,1024,Chicken Biryani,Main,125,False
10577,1024,Veg Biryani,Main,80,True
10578,1024,Hyderabadi Dum Biryani,Main,115,False
10579,1024,Egg Biryani,Main,140,True
10580,1024,Cold Coffee,Beverage,125,True
10581,1024,Chicken 65,Main,125,True
10582,1024,Masala Chai,Beverage,110,True
10583,1024,Chocolate Brownie,Dessert,140,False
10584,1024,Gulab Jamun,Dessert,80,False
10585,1024,Mango Lassi,Beverage,120,True
10586,1024,Mutton Biryani,Main,85,False
10587,1025,Chocolate Brownie,Dessert,85,True
10588,1025,Egg Biryani,Main,95,True
10589,1025,Boneless Biryani,Main,100,False
10590,1025,Mutton Biryani,Main,145,True
10591,1025,Cold Coffee,Beverage,100,False
10592,1025,Masala Chai,Beverage,100,False
10593,1025,Chicken 65,Main,120,False
10594,1026,Dal Makhani,Main,125,True
10595,1026,Cold Coffee,Beverage,70,False
10596,1026,Gulab Jamun,Dessert,150,True
10597,1026,Masala Chai,Beverage,60,False
10598,1026,Shahi Paneer,Main,85,True
10599,1026,Mango Lassi,Beverage,60,True
10600,1026,Rajma Chawal,Main,125,False
10601,1026,Chicken Curry,Main,115,False
10602,1026,Tandoori Roti,Main,80,True
10603,1026,Chocolate Brownie,Dessert,90,True
10604,1026,Paneer Butter Masala,Main,115,False
10605,1026,Chole Bhature,Main,80,False
10606,1026,Butter Naan,Main,110,True
10607,1027,Butter Naan,Main,65,True
10608,1027,Paneer Butter Masala,Main,115,False
10609,1027,Cold Coffee,Beverage,85,False
10610,1027,Gulab Jamun,Dessert,105,False
10611,1027,Tandoori Roti,Main,135,False
10612,1027,Masala Chai,Beverage,100,True
10613,1027,Dal Makhani,Main,120,False
10614,1028,Uttapam,Main,350,False
10615,1028,Curd Rice,Main,450,True
10616,1028,Cold Coffee,Beverage,245,False
10617,1028,Filter Coffee,Main,435,True
10618,1028,Rava Dosa,Main,250,False
10619,1028,Gulab Jamun,Dessert,410,False
10620,1028,Masala Chai,Beverage,485,False
10621,1028,Pongal,Main,420,True
10622,1028,Mango Lassi,Beverage,400,False
10623,1028,Medu Vada,Main,255,True
10624,1028,Masala Dosa,Main,310,False
10625,1028,Idli Sambar,Main,450,True
10626,1028,Chocolate Brownie,Dessert,450,False
10627,1029,Chicken Biryani,Main,140,False
10628,1029,Egg Biryani,Main,60,False
10629,1029,Hyderabadi Dum Biryani,Main,145,False
10630,1029,Cold Coffee,Beverage,70,False
10631,1029,Chocolate Brownie,Dessert,105,True
10632,1029,Boneless Biryani,Main,85,False
10633,1029,Mango Lassi,Beverage,140,False
10634,1029,Gulab Jamun,Dessert,80,True
10635,1029,Veg Biryani,Main,150,False
10636,1029,Mutton Biryani,Main,135,False
10637,1029,Masala Chai,Beverage,70,True
10638,1029,Chicken 65,Main,70,True
10639,1030,Hyderabadi Dum Biryani,Main,65,False
10640,1030,Mango Lassi,Beverage,145,True
10641,1030,Gulab Jamun,Dessert,70,True
10642,1030,Chicken 65,Main,115,False
10643,1030,Cold Coffee,Beverage,135,False
10644,1030,Mutton Biryani,Main,90,False
10645,1030,Chocolate Brownie,Dessert,95,True
10646,1030,Masala Chai,Beverage,105,True
10647,1030,Egg Biryani,Main,135,False
10648,1030,Boneless Biryani,Main,100,True
10649,1030,Veg Biryani,Main,130,True
10650,1030,Chicken Biryani,Main,90,False
10651,1031,Idli Sambar,Main,325,False
10652,1031,Masala Chai,Beverage,255,True
10653,1031,Gulab Jamun,Dessert,295,False
10654,1031,Chocolate Brownie,Dessert,310,True
10655,1031,Uttapam,Main,275,False
10656,1031,Filter Coffee,Main,315,True
10657,1031,Cold Coffee,Beverage,335,False
10658,1031,Masala Dosa,Main,310,True
10659,1031,Medu Vada,Main,385,False
10660,1031,Curd Rice,Main,475,False
10661,1031,Rava Dosa,Main,365,True
10662,1031,Mango Lassi,Beverage,465,True
10663,1031,Pongal,Main,270,True
10664,1032,Mango Lassi,Beverage,115,True
10665,1032,Gulab Jamun,Dessert,140,True
10666,1032,Chocolate Brownie,Dessert,135,True
10667,1032,French Fries,Main,200,False
10668,1032,Nuggets,Main,185,True
10669,1032,Peri Peri Fries,Main,250,True
10670,1032,Veg Burger,Main,150,True
10671,1032,Cheese Sandwich,Main,140,False
10672,1032,Chicken Burger,Main,140,True
10673,1032,Cold Coffee,Beverage,115,True
10674,1032,Masala Chai,Beverage,205,True
10675,1032,Veg Wrap,Main,110,False
10676,1033,Idli Sambar,Main,165,False
10677,1033,Rava Dosa,Main,255,True
10678,1033,Uttapam,Main,170,False
10679,1033,Masala Dosa,Main,235,True
10680,1033,Gulab Jamun,Dessert,220,True
10681,1033,Masala Chai,Beverage,240,True
10682,1033,Chocolate Brownie,Dessert,185,True
10683,1033,Mango Lassi,Beverage,130,True
10684,1033,Medu Vada,Main,250,True
10685,1033,Curd Rice,Main,170,True
10686,1033,Cold Coffee,Beverage,120,False
10687,1033,Filter Coffee,Main,255,True
10688,1033,Pongal,Main,145,True
10689,1034,Chilli Chicken,Main,345,False
10690,1034,Chocolate Brownie,Dessert,440,True
10691,1034,Chicken Momos,Main,435,True
10692,1034,Schezwan Noodles,Main,385,False
10693,1034,Spring Roll,Main,455,False
10694,1034,Cold Coffee,Beverage,470,False
10695,1034,Masala Chai,Beverage,245,True
10696,1034,Veg Manchurian,Main,455,True
10697,1034,Gulab Jamun,Dessert,510,True
10698,1034,Veg Hakka Noodles,Main,395,True
10699,1034,Chilli Paneer,Main,455,False
10700,1034,Fried Rice,Main,355,True
10701,1034,Mango Lassi,Beverage,365,True
10702,1035,Gulab Jamun,Dessert,110,True
10703,1035,Idli Sambar,Main,90,False
10704,1035,Masala Dosa,Main,135,False
10705,1035,Chocolate Brownie,Dessert,150,False
10706,1035,Cold Coffee,Beverage,75,False
10707,1035,Filter Coffee,Main,70,True
10708,1035,Uttapam,Main,135,True
10709,1035,Rava Dosa,Main,80,True
10710,1036,Chicken Supreme Pizza,Main,135,False
10711,1036,Gulab Jamun,Dessert,65,True
10712,1036,Masala Chai,Beverage,130,False
10713,1036,Chocolate Brownie,Dessert,100,True
10714,1036,Cold Coffee,Beverage,110,False
10715,1036,Garlic Bread,Main,120,True
10716,1036,Peppy Paneer Pizza,Main,60,False
10717,1036,Mango Lassi,Beverage,100,False
10718,1036,Cheese Burst Pizza,Main,140,False
10719,1036,Margherita Pizza,Main,90,False
10720,1036,Farmhouse Pizza,Main,115,True
10721,1037,Boneless Biryani,Main,215,False
10722,1037,Cold Coffee,Beverage,165,True
10723,1037,Chicken 65,Main,125,False
10724,1037,Veg Biryani,Main,145,True
10725,1037,Mutton Biryani,Main,160,True
10726,1037,Masala Chai,Beverage,220,False
10727,1038,Cold Coffee,Beverage,110,False
10728,1038,Double Egg Roll,Main,130,True
10729,1038,Chicken Roll,Main,80,True
10730,1038,Chocolate Brownie,Dessert,60,True
10731,1038,Mango Lassi,Beverage,125,True
10732,1038,Veg Frankie,Main,125,False
10733,1038,Egg Roll,Main,65,False
10734,1038,Paneer Roll,Main,145,True
10735,1038,Gulab Jamun,Dessert,65,False
10736,1038,Masala Chai,Beverage,115,False
10737,1039,Chocolate Brownie,Dessert,420,False
10738,1039,Paneer Butter Masala,Main,510,False
10739,1039,Shahi Paneer,Main,505,True
10740,1039,Masala Chai,Beverage,250,True
10741,1039,Rajma Chawal,Main,330,False
10742,1039,Chole Bhature,Main,245,True
10743,1039,Mango Lassi,Beverage,340,False
10744,1039,Tandoori Roti,Main,240,False
10745,1039,Chicken Curry,Main,500,True
10746,1039,Butter Naan,Main,270,True
10747,1039,Gulab Jamun,Dessert,310,True
10748,1039,Cold Coffee,Beverage,380,True
10749,1039,Dal Makhani,Main,295,False
10750,1040,Hyderabadi Dum Biryani,Main,130,False
10751,1040,Mango Lassi,Beverage,65,False
10752,1040,Boneless Biryani,Main,110,True
10753,1040,Chicken Biryani,Main,140,False
10754,1040,Egg Biryani,Main,125,True
10755,1040,Cold Coffee,Beverage,85,True
10756,1040,Veg Biryani,Main,85,False
10757,1040,Mutton Biryani,Main,90,True
10758,1040,Chicken 65,Main,80,True
10759,1040,Chocolate Brownie,Dessert,90,True
10760,1040,Gulab Jamun,Dessert,110,True
10761,1040,Masala Chai,Beverage,85,True
10762,1041,Vada Pav,Main,210,False
10763,1041,Pani Puri,Main,160,True
10764,1041,Masala Chai,Beverage,240,False
10765,1041,Mango Lassi,Beverage,130,False
10766,1041,Cold Coffee,Beverage,130,True
10767,1041,Samosa,Main,180,True
10768,1041,Dahi Puri,Main,160,True
10769,1041,Pav Bhaji,Main,215,True
10770,1041,Chocolate Brownie,Dessert,195,True
10771,1041,Kachori,Main,255,False
10772,1042,Mango Lassi,Beverage,185,True
10773,1042,Chicken Curry,Main,145,False
10774,1042,Shahi Paneer,Main,150,False
10775,1042,Paneer Butter Masala,Main,205,True
10776,1042,Gulab Jamun,Dessert,220,False
10777,1042,Cold Coffee,Beverage,235,True
10778,1042,Chole Bhature,Main,120,True
10779,1042,Butter Naan,Main,170,True
10780,1042,Chocolate Brownie,Dessert,165,False
10781,1042,Masala Chai,Beverage,240,True
10782,1042,Tandoori Roti,Main,155,True
10783,1042,Dal Makhani,Main,260,True
10784,1042,Rajma Chawal,Main,135,True
10785,1043,Chicken Biryani,Main,395,True
10786,1043,Cold Coffee,Beverage,320,False
10787,1043,Veg Biryani,Main,365,True
10788,1043,Egg Biryani,Main,415,True
10789,1043,Mutton Biryani,Main,365,True
10790,1043,Mango Lassi,Beverage,270,False
10791,1043,Chicken 65,Main,265,False
10792,1043,Chocolate Brownie,Dessert,510,False
10793,1043,Gulab Jamun,Dessert,260,True
10794,1043,Masala Chai,Beverage,415,True
10795,1043,Boneless Biryani,Main,505,False
10796,1043,Hyderabadi Dum Biryani,Main,480,False
10797,1044,Butter Naan,Main,145,False
10798,1044,Cold Coffee,Beverage,110,True
10799,1044,Chocolate Brownie,Dessert,100,False
10800,1044,Masala Chai,Beverage,90,True
10801,1044,Chicken Curry,Main,100,True
10802,1044,Rajma Chawal,Main,135,True
10803,1044,Mango Lassi,Beverage,95,True
10804,1044,Gulab Jamun,Dessert,110,True
10805,1044,Shahi Paneer,Main,115,False
10806,1044,Paneer Butter Masala,Main,125,True
10807,1044,Chole Bhature,Main,110,True
10808,1044,Tandoori Roti,Main,120,False
10809,1044,Dal Makhani,Main,135,False
10810,1045,Chicken Curry,Main,70,False
10811,1045,Chocolate Brownie,Dessert,125,True
10812,1045,Mango Lassi,Beverage,80,False
10813,1045,Rajma Chawal,Main,70,True
10814,1045,Tandoori Roti,Main,150,True
10815,1045,Shahi Paneer,Main,75,True
10816,1045,Cold Coffee,Beverage,65,False
10817,1045,Chole Bhature,Main,65,True
10818,1045,Masala Chai,Beverage,110,False
10819,1045,Gulab Jamun,Dessert,95,True
10820,1045,Dal Makhani,Main,90,True
10821,1045,Butter Naan,Main,75,True
10822,1045,Paneer Butter Masala,Main,140,False
10823,1046,Gulab Jamun,Dessert,340,False
10824,1046,Mutton Biryani,Main,505,True
10825,1046,Hyderabadi Dum Biryani,Main,270,True
10826,1046,Cold Coffee,Beverage,475,True
10827,1046,Mango Lassi,Beverage,470,True
10828,1046,Veg Biryani,Main,250,True
10829,1047,Butter Naan,Main,155,False
10830,1047,Chocolate Brownie,Dessert,180,True
10831,1047,Dal Makhani,Main,245,True
10832,1047,Masala Chai,Beverage,230,False
10833,1047,Cold Coffee,Beverage,190,True
10834,1047,Shahi Paneer,Main,175,True
10835,1047,Tandoori Roti,Main,130,True
10836,1047,Rajma Chawal,Main,140,False
10837,1047,Chole Bhature,Main,195,True
10838,1047,Chicken Curry,Main,200,True
10839,1047,Paneer Butter Masala,Main,140,True
10840,1047,Mango Lassi,Beverage,150,True
10841,1047,Gulab Jamun,Dessert,150,True
10842,1048,Mango Lassi,Beverage,65,True
10843,1048,Egg Biryani,Main,135,True
10844,1048,Hyderabadi Dum Biryani,Main,115,True
10845,1048,Boneless Biryani,Main,140,False
10846,1048,Chicken 65,Main,90,True
10847,1048,Gulab Jamun,Dessert,105,False
10848,1048,Cold Coffee,Beverage,125,False
10849,1048,Chicken Biryani,Main,150,True
10850,1048,Veg Biryani,Main,100,False
10851,1049,Masala Chai,Beverage,145,False
10852,1049,Gulab Jamun,Dessert,85,True
10853,1049,Seekh Kebab,Main,90,True
10854,1049,Mutton Rogan Josh,Main,140,True
10855,1049,Chicken Korma,Main,85,False
10856,1049,Cold Coffee,Beverage,115,True
10857,1049,Galouti Kebab,Main,140,True
10858,1049,Mango Lassi,Beverage,115,True
10859,1049,Chocolate Brownie,Dessert,115,True
10860,1050,Filter Coffee,Main,475,False
10861,1050,Cold Coffee,Beverage,340,True
10862,1050,Idli Sambar,Main,270,False
10863,1050,Gulab Jamun,Dessert,500,True
10864,1050,Curd Rice,Main,410,True
10865,1050,Rava Dosa,Main,480,True
10866,1051,Paneer Butter Masala,Main,120,True
10867,1051,Dal Makhani,Main,225,False
10868,1051,Butter Naan,Main,195,False
10869,1051,Shahi Paneer,Main,195,False
10870,1051,Mango Lassi,Beverage,245,False
10871,1051,Cold Coffee,Beverage,130,False
10872,1051,Chole Bhature,Main,230,False
10873,1051,Masala Chai,Beverage,165,True
10874,1051,Tandoori Roti,Main,210,False
10875,1051,Chocolate Brownie,Dessert,250,True
10876,1051,Rajma Chawal,Main,155,False
10877,1051,Gulab Jamun,Dessert,255,True
10878,1051,Chicken Curry,Main,150,False
10879,1052,Masala Chai,Beverage,235,True
10880,1052,Gulab Jamun,Dessert,225,False
10881,1052,Masala Chai,Beverage,185,False
10882,1052,Cold Coffee,Beverage,125,False
10883,1052,Mango Lassi,Beverage,135,False
10884,1052,Mango Lassi,Beverage,185,False
10885,1052,Buttermilk,Beverage,200,True
10886,1052,Fresh Lime Soda,Beverage,255,True
10887,1052,Chocolate Brownie,Dessert,145,False
10888,1052,Cold Drink,Beverage,155,True
10889,1052,Cold Coffee,Beverage,135,True
10890,1053,Cold Coffee,Beverage,470,True
10891,1053,Gulab Jamun,Dessert,255,False
10892,1053,Chocolate Brownie,Dessert,395,False
10893,1053,Veg Biryani,Main,435,False
10894,1053,Egg Biryani,Main,375,False
10895,1053,Masala Chai,Beverage,495,False
10896,1053,Hyderabadi Dum Biryani,Main,500,True
10897,1053,Mango Lassi,Beverage,465,True
10898,1053,Chicken Biryani,Main,255,False
10899,1053,Chicken 65,Main,415,False
10900,1053,Boneless Biryani,Main,420,True
10901,1053,Mutton Biryani,Main,520,True
10902,1054,Chocolate Brownie,Dessert,60,True
10903,1054,Veg Sandwich,Main,125,True
10904,1054,Cold Coffee,Beverage,105,True
10905,1054,Club Sandwich,Main,140,False
10906,1054,Chocolate Shake,Main,115,True
10907,1054,Croissant,Main,95,True
10908,1054,Mango Lassi,Beverage,145,True
10909,1054,Cappuccino,Main,70,False
10910,1054,Pasta Alfredo,Main,145,True
10911,1054,Gulab Jamun,Dessert,120,False
10912,1054,Masala Chai,Beverage,70,False
10913,1055,Chilli Paneer,Main,125,True
10914,1055,Cold Coffee,Beverage,150,True
10915,1055,Gulab Jamun,Dessert,75,False
10916,1055,Chocolate Brownie,Dessert,85,True
10917,1055,Chicken Momos,Main,130,False
10918,1055,Veg Manchurian,Main,80,True
10919,1055,Fried Rice,Main,85,True
10920,1055,Chilli Chicken,Main,125,True
10921,1055,Schezwan Noodles,Main,140,False
10922,1055,Masala Chai,Beverage,115,True
10923,1055,Veg Hakka Noodles,Main,95,True
10924,1055,Mango Lassi,Beverage,75,True
10925,1055,Spring Roll,Main,140,False
10926,1056,Cheese Burst Pizza,Main,225,True
10927,1056,Mango Lassi,Beverage,170,True
10928,1056,Peppy Paneer Pizza,Main,210,False
10929,1056,Chicken Supreme Pizza,Main,230,False
10930,1056,Farmhouse Pizza,Main,260,True
10931,1056,Cold Coffee,Beverage,175,True
10932,1056,Garlic Bread,Main,130,True
10933,1056,Gulab Jamun,Dessert,155,True
10934,1057,Masala Chai,Beverage,505,True
10935,1057,Cold Coffee,Beverage,270,True
10936,1057,Gulab Jamun,Dessert,420,True
10937,1057,Chicken Korma,Main,320,True
10938,1057,Galouti Kebab,Main,370,True
10939,1057,Mutton Rogan Josh,Main,415,False
10940,1058,Pongal,Main,95,True
10941,1058,Rava Dosa,Main,145,True
10942,1058,Masala Chai,Beverage,65,True
10943,1058,Curd Rice,Main,125,True
10944,1058,Chocolate Brownie,Dessert,140,True
10945,1058,Filter Coffee,Main,110,True
10946,1058,Cold Coffee,Beverage,70,True
10947,1058,Gulab Jamun,Dessert,80,False
10948,1058,Medu Vada,Main,135,False
10949,1058,Mango Lassi,Beverage,115,True
10950,1059,Choco Lava Cake,Dessert,175,True
10951,1059,Ice Cream Tub,Dessert,170,True
10952,1059,Mango Lassi,Beverage,205,True
10953,1059,Chocolate Brownie,Dessert,205,True
10954,1059,Gulab Jamun,Dessert,240,True
10955,1059,Cold Coffee,Beverage,245,True
10956,1059,Gulab Jamun,Dessert,220,True
10957,1059,Gajar Halwa,Dessert,135,True
10958,1059,Rasmalai,Dessert,220,True
10959,1059,Masala Chai,Beverage,120,False
10960,1059,Chocolate Brownie,Dessert,155,True
10961,1060,Garlic Bread,Main,95,True
10962,1060,Peppy Paneer Pizza,Main,105,True
10963,1060,Mango Lassi,Beverage,110,True
10964,1060,Masala Chai,Beverage,75,False
10965,1060,Margherita Pizza,Main,70,False
10966,1060,Gulab Jamun,Dessert,110,True
10967,1060,Farmhouse Pizza,Main,135,True
10968,1060,Chicken Supreme Pizza,Main,85,True
10969,1060,Cold Coffee,Beverage,120,False
10970,1060,Chocolate Brownie,Dessert,105,True
10971,1061,Chocolate Brownie,Dessert,120,True
10972,1061,Fresh Lime Soda,Beverage,100,True
10973,1061,Masala Chai,Beverage,85,False
10974,1061,Cold Coffee,Beverage,115,False
10975,1061,Buttermilk,Beverage,125,False
10976,1061,Mango Lassi,Beverage,120,False
10977,1061,Mango Lassi,Beverage,105,True
10978,1061,Cold Coffee,Beverage,70,True
10979,1061,Gulab Jamun,Dessert,130,True
10980,1061,Masala Chai,Beverage,60,True
10981,1061,Cold Drink,Beverage,100,True
10982,1062,Medu Vada,Main,475,False
10983,1062,Gulab Jamun,Dessert,420,False
10984,1062,Masala Chai,Beverage,505,True
10985,1062,Rava Dosa,Main,520,True
10986,1062,Filter Coffee,Main,310,True
10987,1062,Pongal,Main,275,True
10988,1062,Masala Dosa,Main,510,True
10989,1062,Uttapam,Main,495,True
10990,1063,Gulab Jamun,Dessert,65,True
10991,1063,Veg Biryani,Main,115,False
10992,1063,Mutton Biryani,Main,100,False
10993,1063,Hyderabadi Dum Biryani,Main,70,True
10994,1063,Cold Coffee,Beverage,60,False
10995,1063,Boneless Biryani,Main,70,False
10996,1063,Mango Lassi,Beverage,145,True
10997,1063,Chocolate Brownie,Dessert,70,False
10998,1063,Chicken 65,Main,85,True
10999,1063,Chicken Biryani,Main,110,False
11000,1063,Egg Biryani,Main,75,False
11001,1063,Masala Chai,Beverage,130,True
11002,1064,Cold Coffee,Beverage,115,True
11003,1064,Rajma Chawal,Main,85,True
11004,1064,Gulab Jamun,Dessert,135,True
11005,1064,Shahi Paneer,Main,140,True
11006,1064,Dal Makhani,Main,125,True
11007,1064,Chole Bhature,Main,120,False
11008,1065,Chocolate Brownie,Dessert,270,False
11009,1065,Gulab Jamun,Dessert,320,False
11010,1065,Vada Pav,Main,485,True
11011,1065,Pani Puri,Main,290,True
11012,1065,Dahi Puri,Main,400,True
11013,1065,Pav Bhaji,Main,455,True
11014,1065,Mango Lassi,Beverage,475,True
11015,1065,Masala Chai,Beverage,405,True
11016,1065,Kachori,Main,300,True
11017,1065,Samosa,Main,445,False
11018,1065,Cold Coffee,Beverage,260,False
11019,1066,Rajma Chawal,Main,215,True
11020,1066,Chole Bhature,Main,165,False
11021,1066,Butter Naan,Main,125,False
11022,1066,Tandoori Roti,Main,135,True
11023,1066,Masala Chai,Beverage,255,True
11024,1066,Shahi Paneer,Main,150,True
11025,1066,Gulab Jamun,Dessert,210,False
11026,1066,Chicken Curry,Main,115,True
11027,1066,Mango Lassi,Beverage,235,False
11028,1066,Chocolate Brownie,Dessert,230,True
11029,1066,Paneer Butter Masala,Main,150,True
11030,1066,Cold Coffee,Beverage,185,False
11031,1066,Dal Makhani,Main,250,False
11032,1067,Masala Chai,Beverage,220,True
11033,1067,Paneer Butter Masala,Main,200,True
11034,1067,Gulab Jamun,Dessert,145,True
11035,1067,Cold Coffee,Beverage,260,True
11036,1067,Mango Lassi,Beverage,165,True
11037,1067,Chole Bhature,Main,180,True
11038,1067,Rajma Chawal,Main,230,False
11039,1067,Dal Makhani,Main,185,False
11040,1067,Tandoori Roti,Main,110,True
11041,1067,Chocolate Brownie,Dessert,135,True
11042,1067,Shahi Paneer,Main,175,False
11043,1067,Butter Naan,Main,230,False
11044,1067,Chicken Curry,Main,155,False
11045,1068,Club Sandwich,Main,115,True
11046,1068,Mango Lassi,Beverage,260,True
11047,1068,Pasta Alfredo,Main,175,False
11048,1068,Gulab Jamun,Dessert,200,True
11049,1068,Chocolate Shake,Main,190,True
11050,1068,Veg Sandwich,Main,110,True
11051,1068,Croissant,Main,200,True
11052,1068,Masala Chai,Beverage,225,True
11053,1068,Cappuccino,Main,125,False
11054,1068,Chocolate Brownie,Dessert,235,False
11055,1068,Cold Coffee,Beverage,220,False
11056,1069,Chilli Paneer,Main,130,False
11057,1069,Cold Coffee,Beverage,90,True
11058,1069,Chocolate Brownie,Dessert,115,True
11059,1069,Fried Rice,Main,115,False
11060,1069,Gulab Jamun,Dessert,105,False
11061,1069,Veg Hakka Noodles,Main,115,False
11062,1069,Veg Manchurian,Main,90,True
11063,1069,Schezwan Noodles,Main,145,False
11064,1069,Mango Lassi,Beverage,105,True
11065,1069,Masala Chai,Beverage,85,True
11066,1069,Chilli Chicken,Main,80,False
11067,1069,Chicken Momos,Main,85,True
11068,1069,Spring Roll,Main,120,False
11069,1070,Peri Peri Fries,Main,225,True
11070,1070,Chocolate Brownie,Dessert,110,True
11071,1070,Nuggets,Main,180,True
11072,1070,Chicken Burger,Main,150,True
11073,1070,Veg Wrap,Main,115,False
11074,1070,Cold Coffee,Beverage,120,True
11075,1070,Veg Burger,Main,120,True
11076,1070,Mango Lassi,Beverage,205,False
11077,1070,Cheese Sandwich,Main,160,False
11078,1070,Gulab Jamun,Dessert,225,False
11079,1071,Veg Manchurian,Main,140,True
11080,1071,Mango Lassi,Beverage,60,False
11081,1071,Veg Hakka Noodles,Main,105,False
11082,1071,Schezwan Noodles,Main,90,False
11083,1071,Cold Coffee,Beverage,125,False
11084,1071,Fried Rice,Main,95,True
11085,1071,Chilli Chicken,Main,105,False
11086,1071,Spring Roll,Main,105,False
11087,1071,Masala Chai,Beverage,145,False
11088,1071,Gulab Jamun,Dessert,70,True
11089,1072,Garlic Bread,Main,85,False
11090,1072,Mango Lassi,Beverage,95,True
11091,1072,Cold Coffee,Beverage,85,False
11092,1072,Chocolate Brownie,Dessert,125,True
11093,1072,Farmhouse Pizza,Main,85,False
11094,1072,Masala Chai,Beverage,135,True
11095,1072,Peppy Paneer Pizza,Main,125,True
11096,1072,Margherita Pizza,Main,75,False
11097,1072,Chicken Supreme Pizza,Main,110,True
11098,1072,Gulab Jamun,Dessert,105,True
11099,1072,Cheese Burst Pizza,Main,150,True
11100,1073,Masala Chai,Beverage,260,True
11101,1073,Idli Sambar,Main,165,True
11102,1073,Masala Dosa,Main,200,False
11103,1073,Curd Rice,Main,140,False
11104,1073,Cold Coffee,Beverage,225,True
11105,1073,Rava Dosa,Main,175,True
11106,1073,Uttapam,Main,165,False
11107,1073,Mango Lassi,Beverage,155,False
11108,1073,Chocolate Brownie,Dessert,225,True
11109,1073,Gulab Jamun,Dessert,175,False
11110,1073,Medu Vada,Main,200,True
11111,1073,Filter Coffee,Main,165,False
11112,1073,Pongal,Main,125,False
11113,1074,Veg Biryani,Main,135,True
11114,1074,Mango Lassi,Beverage,100,True
11115,1074,Chicken 65,Main,80,False
11116,1074,Egg Biryani,Main,60,True
11117,1074,Hyderabadi Dum Biryani,Main,90,True
11118,1074,Boneless Biryani,Main,90,True
11119,1074,Gulab Jamun,Dessert,75,True
11120,1074,Chocolate Brownie,Dessert,110,False
11121,1074,Cold Coffee,Beverage,110,True
11122,1074,Masala Chai,Beverage,70,False
11123,1074,Mutton Biryani,Main,100,False
11124,1074,Chicken Biryani,Main,75,False
11125,1075,Cold Coffee,Beverage,390,False
11126,1075,Nuggets,Main,315,False
11127,1075,Veg Wrap,Main,400,True
11128,1075,French Fries,Main,430,True
11129,1075,Mango Lassi,Beverage,415,False
11130,1075,Chocolate Brownie,Dessert,430,False
11131,1075,Masala Chai,Beverage,355,False
11132,1075,Chicken Burger,Main,495,True
11133,1075,Gulab Jamun,Dessert,460,True
11134,1075,Veg Burger,Main,370,True
11135,1076,Chicken Momos,Main,275,True
11136,1076,Cold Coffee,Beverage,475,False
11137,1076,Spring Roll,Main,310,False
11138,1076,Veg Manchurian,Main,455,False
11139,1076,Chilli Chicken,Main,470,True
11140,1076,Chocolate Brownie,Dessert,505,True
11141,1076,Schezwan Noodles,Main,335,True
11142,1076,Mango Lassi,Beverage,375,True
11143,1076,Gulab Jamun,Dessert,275,False
11144,1076,Masala Chai,Beverage,420,True
11145,1076,Chilli Paneer,Main,455,False
11146,1076,Fried Rice,Main,305,True
11147,1076,Veg Hakka Noodles,Main,500,True
11148,1077,Medu Vada,Main,220,False
11149,1077,Chocolate Brownie,Dessert,240,True
11150,1077,Pongal,Main,175,True
11151,1077,Rava Dosa,Main,115,False
11152,1077,Curd Rice,Main,220,True
11153,1077,Masala Chai,Beverage,200,True
11154,1077,Mango Lassi,Beverage,180,False
11155,1077,Idli Sambar,Main,180,True
11156,1077,Filter Coffee,Main,165,True
11157,1078,Paneer Butter Masala,Main,140,True
11158,1078,Chocolate Brownie,Dessert,65,False
11159,1078,Rajma Chawal,Main,85,True
11160,1078,Tandoori Roti,Main,90,False
11161,1078,Chole Bhature,Main,145,False
11162,1078,Mango Lassi,Beverage,90,True
11163,1078,Cold Coffee,Beverage,135,False
11164,1079,Chocolate Brownie,Dessert,145,False
11165,1079,Paneer Roll,Main,130,False
11166,1079,Mango Lassi,Beverage,120,True
11167,1079,Masala Chai,Beverage,75,True
11168,1079,Chicken Roll,Main,120,True
11169,1079,Cold Coffee,Beverage,110,False
11170,1079,Gulab Jamun,Dessert,70,True
11171,1079,Double Egg Roll,Main,150,True
11172,1079,Egg Roll,Main,65,False
11173,1079,Veg Frankie,Main,150,True
11174,1080,Uttapam,Main,415,True
11175,1080,Gulab Jamun,Dessert,335,True
11176,1080,Filter Coffee,Main,510,True
11177,1080,Chocolate Brownie,Dessert,470,True
11178,1080,Idli Sambar,Main,305,True
11179,1080,Curd Rice,Main,265,False
11180,1080,Rava Dosa,Main,380,False
11181,1080,Masala Dosa,Main,465,True
11182,1080,Cold Coffee,Beverage,365,True
11183,1080,Mango Lassi,Beverage,440,False
11184,1081,Cold Coffee,Beverage,65,True
11185,1081,Chilli Paneer,Main,105,False
11186,1081,Chilli Chicken,Main,70,False
11187,1081,Chicken Momos,Main,70,False
11188,1081,Mango Lassi,Beverage,130,True
11189,1081,Chocolate Brownie,Dessert,135,False
11190,1082,Mango Lassi,Beverage,155,False
11191,1082,Chicken Momos,Main,190,True
11192,1082,Schezwan Noodles,Main,235,True
11193,1082,Masala Chai,Beverage,225,True
11194,1082,Cold Coffee,Beverage,185,True
11195,1082,Spring Roll,Main,255,True
11196,1082,Veg Manchurian,Main,115,False
11197,1082,Chilli Paneer,Main,150,True
11198,1082,Chocolate Brownie,Dessert,235,True
11199,1082,Chilli Chicken,Main,145,False
11200,1082,Veg Hakka Noodles,Main,130,True
11201,1082,Fried Rice,Main,140,True
11202,1082,Gulab Jamun,Dessert,230,False
11203,1083,Gulab Jamun,Dessert,255,False
11204,1083,Veg Biryani,Main,510,True
11205,1083,Cold Coffee,Beverage,370,False
11206,1083,Mango Lassi,Beverage,480,True
11207,1083,Masala Chai,Beverage,450,True
11208,1083,Mutton Biryani,Main,450,False
11209,1083,Chicken Biryani,Main,405,True
11210,1083,Hyderabadi Dum Biryani,Main,325,True
11211,1083,Boneless Biryani,Main,255,False
11212,1083,Egg Biryani,Main,290,True
11213,1083,Chocolate Brownie,Dessert,435,True
11214,1083,Chicken 65,Main,355,True
11215,1084,Gulab Jamun,Dessert,65,True
11216,1084,Paneer Roll,Main,85,True
11217,1084,Masala Chai,Beverage,80,False
11218,1084,Chocolate Brownie,Dessert,130,False
11219,1084,Chicken Roll,Main,145,True
11220,1084,Veg Frankie,Main,145,False
11221,1084,Mango Lassi,Beverage,90,True
11222,1084,Double Egg Roll,Main,75,False
11223,1084,Egg Roll,Main,110,True
11224,1085,Boneless Biryani,Main,150,False
11225,1085,Chicken 65,Main,105,False
11226,1085,Gulab Jamun,Dessert,125,True
11227,1085,Chicken Biryani,Main,75,True
11228,1085,Mutton Biryani,Main,95,True
11229,1085,Veg Biryani,Main,85,False
11230,1085,Cold Coffee,Beverage,130,False
11231,1085,Chocolate Brownie,Dessert,95,True
11232,1085,Hyderabadi Dum Biryani,Main,75,True
11233,1085,Masala Chai,Beverage,65,False
11234,1085,Mango Lassi,Beverage,105,False
11235,1085,Egg Biryani,Main,95,True
11236,1086,Pasta Alfredo,Main,150,True
11237,1086,Chocolate Shake,Main,170,True
11238,1086,Mango Lassi,Beverage,260,False
11239,1086,Masala Chai,Beverage,115,True
11240,1086,Chocolate Brownie,Dessert,245,True
11241,1086,Croissant,Main,185,True
11242,1086,Gulab Jamun,Dessert,155,True
11243,1086,Cappuccino,Main,140,False
11244,1086,Club Sandwich,Main,145,True
11245,1086,Cold Coffee,Beverage,250,True
11246,1086,Veg Sandwich,Main,160,True
11247,1087,Masala Chai,Beverage,175,True
11248,1087,Garlic Bread,Main,165,True
11249,1087,Gulab Jamun,Dessert,245,True
11250,1087,Cold Coffee,Beverage,165,False
11251,1087,Farmhouse Pizza,Main,175,True
11252,1087,Chocolate Brownie,Dessert,135,False
11253,1087,Chicken Supreme Pizza,Main,165,True
11254,1087,Cheese Burst Pizza,Main,190,True
11255,1087,Peppy Paneer Pizza,Main,175,False
11256,1087,Mango Lassi,Beverage,160,True
11257,1087,Margherita Pizza,Main,260,True
11258,1088,Mango Lassi,Beverage,130,True
11259,1088,Fresh Lime Soda,Beverage,140,False
11260,1088,Buttermilk,Beverage,75,True
11261,1088,Mango Lassi,Beverage,140,False
11262,1088,Masala Chai,Beverage,145,True
11263,1088,Cold Coffee,Beverage,150,False
11264,1088,Masala Chai,Beverage,85,True
11265,1088,Cold Coffee,Beverage,95,True
11266,1088,Chocolate Brownie,Dessert,85,True
11267,1088,Cold Drink,Beverage,140,True
11268,1088,Gulab Jamun,Dessert,140,True
11269,1089,Paneer Roll,Main,200,True
11270,1089,Gulab Jamun,Dessert,210,False
11271,1089,Veg Frankie,Main,185,False
11272,1089,Egg Roll,Main,140,False
11273,1089,Cold Coffee,Beverage,175,False
11274,1089,Masala Chai,Beverage,240,True
11275,1089,Chicken Roll,Main,225,False
11276,1089,Double Egg Roll,Main,215,True
11277,1089,Chocolate Brownie,Dessert,230,True
11278,1090,Chocolate Brownie,Dessert,240,True
11279,1090,Tandoori Roti,Main,210,True
11280,1090,Rajma Chawal,Main,125,True
11281,1090,Mango Lassi,Beverage,210,True
11282,1090,Masala Chai,Beverage,160,False
11283,1090,Gulab Jamun,Dessert,220,True
11284,1090,Cold Coffee,Beverage,220,False
11285,1090,Dal Makhani,Main,185,False
11286,1090,Chole Bhature,Main,110,True
11287,1090,Shahi Paneer,Main,200,False
11288,1090,Butter Naan,Main,155,False
11289,1090,Chicken Curry,Main,125,False
11290,1090,Paneer Butter Masala,Main,165,True
11291,1091,Chocolate Brownie,Dessert,140,True
11292,1091,Gulab Jamun,Dessert,140,True
11293,1091,Mango Lassi,Beverage,90,False
11294,1091,Pav Bhaji,Main,135,True
11295,1091,Pani Puri,Main,100,True
11296,1091,Cold Coffee,Beverage,140,True
11297,1091,Dahi Puri,Main,85,True
11298,1091,Samosa,Main,85,True
11299,1091,Vada Pav,Main,145,False
11300,1091,Kachori,Main,100,False
11301,1091,Masala Chai,Beverage,130,False
11302,1092,Rasmalai,Dessert,120,False
11303,1092,Choco Lava Cake,Dessert,100,False
11304,1092,Gulab Jamun,Dessert,90,False
11305,1092,Gulab Jamun,Dessert,135,False
11306,1092,Cold Coffee,Beverage,100,True
11307,1092,Ice Cream Tub,Dessert,145,True
11308,1092,Mango Lassi,Beverage,60,True
11309,1092,Chocolate Brownie,Dessert,115,False
11310,1092,Chocolate Brownie,Dessert,65,True
11311,1092,Masala Chai,Beverage,115,False
11312,1093,Peri Peri Fries,Main,225,True
11313,1093,Veg Wrap,Main,195,False
11314,1093,Mango Lassi,Beverage,245,False
11315,1093,Nuggets,Main,185,True
11316,1093,Chocolate Brownie,Dessert,160,True
11317,1093,Veg Burger,Main,260,False
11318,1093,Cold Coffee,Beverage,160,True
11319,1093,Gulab Jamun,Dessert,150,True
11320,1093,Cheese Sandwich,Main,120,False
11321,1093,Masala Chai,Beverage,190,False
11322,1093,Chicken Burger,Main,140,True
11323,1093,French Fries,Main,180,True
11324,1094,Pongal,Main,225,True
11325,1094,Filter Coffee,Main,220,False
11326,1094,Mango Lassi,Beverage,240,False
11327,1094,Masala Dosa,Main,220,False
11328,1094,Uttapam,Main,230,True
11329,1094,Chocolate Brownie,Dessert,220,False
11330,1094,Masala Chai,Beverage,180,True
11331,1094,Idli Sambar,Main,160,True
11332,1094,Curd Rice,Main,205,False
11333,1094,Gulab Jamun,Dessert,125,True
11334,1094,Rava Dosa,Main,210,False
11335,1094,Cold Coffee,Beverage,145,True
11336,1094,Medu Vada,Main,115,True
11337,1095,Masala Chai,Beverage,295,True
11338,1095,Mango Lassi,Beverage,410,False
11339,1095,Pongal,Main,420,True
11340,1095,Uttapam,Main,395,True
11341,1095,Rava Dosa,Main,460,True
11342,1095,Masala Dosa,Main,440,True
11343,1095,Cold Coffee,Beverage,245,False
11344,1095,Idli Sambar,Main,515,False
11345,1096,Mango Lassi,Beverage,95,False
11346,1096,Masala Chai,Beverage,100,False
11347,1096,Nuggets,Main,90,True
11348,1096,Cheese Sandwich,Main,130,True
11349,1096,Chocolate Brownie,Dessert,70,True
11350,1096,French Fries,Main,80,False
11351,1096,Veg Wrap,Main,65,False
11352,1096,Gulab Jamun,Dessert,130,False
11353,1096,Cold Coffee,Beverage,115,True
11354,1097,Chicken Biryani,Main,395,True
11355,1097,Cold Coffee,Beverage,465,True
11356,1097,Mutton Biryani,Main,280,True
11357,1097,Egg Biryani,Main,480,True
11358,1097,Veg Biryani,Main,465,False
11359,1097,Masala Chai,Beverage,410,True
11360,1097,Gulab Jamun,Dessert,340,True
11361,1098,Cheese Burst Pizza,Main,370,True
11362,1098,Peppy Paneer Pizza,Main,285,False
11363,1098,Gulab Jamun,Dessert,325,True
11364,1098,Margherita Pizza,Main,485,True
11365,1098,Mango Lassi,Beverage,350,True
11366,1098,Garlic Bread,Main,355,True
11367,1098,Chocolate Brownie,Dessert,440,False
11368,1098,Farmhouse Pizza,Main,375,True
11369,1098,Masala Chai,Beverage,310,False
11370,1098,Cold Coffee,Beverage,365,True
11371,1099,Chicken Momos,Main,210,True
11372,1099,Gulab Jamun,Dessert,120,False
11373,1099,Cold Coffee,Beverage,190,False
11374,1099,Veg Hakka Noodles,Main,110,True
11375,1099,Fried Rice,Main,180,False
11376,1099,Chilli Paneer,Main,135,True
11377,1099,Veg Manchurian,Main,135,False
11378,1099,Chocolate Brownie,Dessert,160,True
11379,1099,Schezwan Noodles,Main,215,True
11380,1099,Mango Lassi,Beverage,130,True
11381,1099,Chilli Chicken,Main,165,True
11382,1099,Masala Chai,Beverage,110,False
11383,1100,Gulab Jamun,Dessert,60,True
11384,1100,Chicken 65,Main,125,False
11385,1100,Hyderabadi Dum Biryani,Main,110,True
11386,1100,Cold Coffee,Beverage,85,True
11387,1100,Boneless Biryani,Main,100,True
11388,1100,Veg Biryani,Main,110,True
11389,1100,Mutton Biryani,Main,65,True
11390,1100,Masala Chai,Beverage,130,True
11391,1100,Egg Biryani,Main,120,True
11392,1100,Chocolate Brownie,Dessert,80,True
11393,1100,Mango Lassi,Beverage,100,True
11394,1100,Chicken Biryani,Main,95,True
11395,1101,Filter Coffee,Main,115,True
11396,1101,Chocolate Brownie,Dessert,105,False
11397,1101,Pongal,Main,125,True
11398,1101,Masala Chai,Beverage,100,False
11399,1101,Rava Dosa,Main,60,True
11400,1101,Mango Lassi,Beverage,100,True
11401,1101,Medu Vada,Main,105,False
11402,1101,Masala Dosa,Main,125,False
11403,1101,Cold Coffee,Beverage,145,True
11404,1101,Gulab Jamun,Dessert,70,False
11405,1101,Uttapam,Main,145,False
11406,1101,Idli Sambar,Main,60,True
11407,1101,Curd Rice,Main,145,True
11408,1102,Shahi Paneer,Main,110,False
11409,1102,Cold Coffee,Beverage,125,False
11410,1102,Butter Naan,Main,155,False
11411,1102,Chocolate Brownie,Dessert,155,False
11412,1102,Tandoori Roti,Main,195,True
11413,1102,Chole Bhature,Main,240,True
11414,1103,Masala Chai,Beverage,140,True
11415,1103,Chicken Curry,Main,75,True
11416,1103,Chole Bhature,Main,130,True
11417,1103,Shahi Paneer,Main,80,False
11418,1103,Rajma Chawal,Main,90,True
11419,1103,Butter Naan,Main,115,False
11420,1103,Dal Makhani,Main,110,False
11421,1103,Cold Coffee,Beverage,140,True
11422,1103,Tandoori Roti,Main,90,True
11423,1103,Mango Lassi,Beverage,110,False
11424,1103,Paneer Butter Masala,Main,125,True
11425,1103,Gulab Jamun,Dessert,70,True
11426,1103,Chocolate Brownie,Dessert,100,True
11427,1104,Mango Lassi,Beverage,130,True
11428,1104,Gulab Jamun,Dessert,100,True
11429,1104,Mango Lassi,Beverage,100,False
11430,1104,Cold Coffee,Beverage,80,True
11431,1104,Cold Coffee,Beverage,105,True
11432,1104,Buttermilk,Beverage,70,False
11433,1104,Masala Chai,Beverage,115,False
11434,1104,Fresh Lime Soda,Beverage,125,True
11435,1104,Chocolate Brownie,Dessert,85,True
11436,1104,Masala Chai,Beverage,105,True
11437,1104,Cold Drink,Beverage,95,True
11438,1105,Chicken Burger,Main,370,True
11439,1105,Chocolate Brownie,Dessert,265,False
11440,1105,Veg Wrap,Main,420,False
11441,1105,Masala Chai,Beverage,315,True
11442,1105,Cheese Sandwich,Main,410,True
11443,1105,Mango Lassi,Beverage,315,True
11444,1105,Gulab Jamun,Dessert,305,False
11445,1105,Peri Peri Fries,Main,400,True
11446,1105,Cold Coffee,Beverage,375,True
11447,1105,Veg Burger,Main,340,False
11448,1105,French Fries,Main,385,True
11449,1106,Cold Coffee,Beverage,135,True
11450,1106,Gulab Jamun,Dessert,140,True
11451,1106,Dahi Puri,Main,130,True
11452,1106,Samosa,Main,75,False
11453,1106,Chocolate Brownie,Dessert,120,False
11454,1106,Mango Lassi,Beverage,95,False
11455,1106,Kachori,Main,105,True
11456,1106,Pav Bhaji,Main,90,True
11457,1106,Pani Puri,Main,130,False
11458,1106,Vada Pav,Main,120,False
11459,1106,Masala Chai,Beverage,120,False
11460,1107,Veg Frankie,Main,280,False
11461,1107,Mango Lassi,Beverage,495,True
11462,1107,Egg Roll,Main,470,False
11463,1107,Gulab Jamun,Dessert,260,True
11464,1107,Chicken Roll,Main,365,True
11465,1107,Paneer Roll,Main,315,True
11466,1107,Double Egg Roll,Main,440,False
11467,1107,Masala Chai,Beverage,500,False
11468,1107,Chocolate Brownie,Dessert,450,True
11469,1108,Rasmalai,Dessert,185,False
11470,1108,Mango Lassi,Beverage,175,True
11471,1108,Chocolate Brownie,Dessert,195,False
11472,1108,Gulab Jamun,Dessert,240,True
11473,1108,Choco Lava Cake,Dessert,255,True
11474,1108,Cold Coffee,Beverage,140,False
11475,1108,Masala Chai,Beverage,240,True
11476,1108,Gulab Jamun,Dessert,160,True
11477,1108,Chocolate Brownie,Dessert,180,True
11478,1108,Gajar Halwa,Dessert,200,True
11479,1108,Ice Cream Tub,Dessert,150,False
11480,1109,Chocolate Brownie,Dessert,515,False
11481,1109,Mango Lassi,Beverage,470,True
11482,1109,Chicken Biryani,Main,340,True
11483,1109,Mutton Biryani,Main,465,True
11484,1109,Masala Chai,Beverage,330,False
11485,1109,Gulab Jamun,Dessert,520,True
11486,1110,Mango Lassi,Beverage,80,False
11487,1110,Masala Chai,Beverage,70,False
11488,1110,Gulab Jamun,Dessert,140,True
11489,1110,Cold Coffee,Beverage,145,False
11490,1110,Chocolate Brownie,Dessert,80,False
11491,1110,Mango Lassi,Beverage,135,True
11492,1110,Masala Chai,Beverage,135,True
11493,1110,Cold Coffee,Beverage,140,True
11494,1110,Buttermilk,Beverage,130,False
11495,1110,Cold Drink,Beverage,130,True
11496,1110,Fresh Lime Soda,Beverage,120,False
11497,1111,Cold Coffee,Beverage,235,False
11498,1111,Chocolate Brownie,Dessert,135,True
11499,1111,Pav Bhaji,Main,160,False
11500,1111,Masala Chai,Beverage,195,True
11501,1111,Kachori,Main,240,False
11502,1111,Dahi Puri,Main,215,False
11503,1111,Mango Lassi,Beverage,175,True
11504,1111,Pani Puri,Main,205,True
11505,1111,Samosa,Main,180,False
11506,1111,Vada Pav,Main,220,False
11507,1111,Gulab Jamun,Dessert,225,True
11508,1112,Chicken Roll,Main,120,False
11509,1112,Veg Frankie,Main,115,True
11510,1112,Paneer Roll,Main,135,True
11511,1112,Egg Roll,Main,240,True
11512,1112,Cold Coffee,Beverage,185,True
11513,1112,Chocolate Brownie,Dessert,145,True
11514,1112,Mango Lassi,Beverage,235,False
11515,1113,Cold Coffee,Beverage,450,True
11516,1113,Chocolate Brownie,Dessert,520,True
11517,1113,Paneer Butter Masala,Main,375,True
11518,1113,Gulab Jamun,Dessert,390,True
11519,1113,Chole Bhature,Main,385,False
11520,1113,Dal Makhani,Main,355,True
11521,1113,Tandoori Roti,Main,360,True
11522,1113,Mango Lassi,Beverage,370,False
11523,1113,Chicken Curry,Main,295,True
11524,1114,Farmhouse Pizza,Main,65,True
11525,1114,Masala Chai,Beverage,65,False
11526,1114,Gulab Jamun,Dessert,110,True
11527,1114,Cold Coffee,Beverage,140,True
11528,1114,Margherita Pizza,Main,140,False
11529,1114,Peppy Paneer Pizza,Main,120,False
11530,1114,Mango Lassi,Beverage,135,True
11531,1114,Garlic Bread,Main,70,True
11532,1114,Cheese Burst Pizza,Main,70,True
11533,1114,Chocolate Brownie,Dessert,65,True
11534,1114,Chicken Supreme Pizza,Main,85,False
11535,1115,Tandoori Roti,Main,135,True
11536,1115,Rajma Chawal,Main,120,True
11537,1115,Shahi Paneer,Main,80,True
11538,1115,Paneer Butter Masala,Main,110,True
11539,1115,Chocolate Brownie,Dessert,125,False
11540,1115,Butter Naan,Main,65,False
11541,1115,Cold Coffee,Beverage,135,False
11542,1115,Gulab Jamun,Dessert,120,False
11543,1115,Mango Lassi,Beverage,140,True
11544,1115,Chole Bhature,Main,120,True
11545,1115,Masala Chai,Beverage,70,True
11546,1115,Chicken Curry,Main,105,True
11547,1115,Dal Makhani,Main,110,False
11548,1116,Masala Chai,Beverage,425,True
11549,1116,Gulab Jamun,Dessert,425,False
11550,1116,Tandoori Roti,Main,465,True
11551,1116,Chicken Curry,Main,315,False
11552,1116,Butter Naan,Main,365,False
11553,1116,Mango Lassi,Beverage,435,True
11554,1116,Chole Bhature,Main,365,True
11555,1116,Shahi Paneer,Main,455,True
11556,1116,Dal Makhani,Main,485,False
11557,1117,Garlic Bread,Main,140,True
11558,1117,Cheese Burst Pizza,Main,110,False
11559,1117,Cold Coffee,Beverage,105,True
11560,1117,Gulab Jamun,Dessert,125,False
11561,1117,Chocolate Brownie,Dessert,145,False
11562,1117,Masala Chai,Beverage,85,False
11563,1117,Mango Lassi,Beverage,120,True
11564,1117,Farmhouse Pizza,Main,115,True
11565,1117,Chicken Supreme Pizza,Main,135,True
11566,1117,Peppy Paneer Pizza,Main,100,False
11567,1117,Margherita Pizza,Main,80,True
11568,1118,Mango Lassi,Beverage,160,True
11569,1118,Cold Coffee,Beverage,150,False
11570,1118,Chocolate Brownie,Dessert,150,True
11571,1118,Cold Drink,Beverage,135,False
11572,1118,Gulab Jamun,Dessert,150,True
11573,1118,Masala Chai,Beverage,200,False
11574,1118,Fresh Lime Soda,Beverage,200,True
11575,1118,Mango Lassi,Beverage,255,True
11576,1118,Cold Coffee,Beverage,180,True
11577,1118,Masala Chai,Beverage,185,True
11578,1119,Chicken Curry,Main,85,True
11579,1119,Masala Chai,Beverage,90,True
11580,1119,Cold Coffee,Beverage,110,True
11581,1119,Chole Bhature,Main,115,True
11582,1119,Gulab Jamun,Dessert,65,False
11583,1119,Tandoori Roti,Main,80,False
11584,1119,Mango Lassi,Beverage,65,False
11585,1119,Chocolate Brownie,Dessert,115,True
11586,1119,Shahi Paneer,Main,95,False
11587,1119,Dal Makhani,Main,125,False
11588,1119,Butter Naan,Main,145,True
11589,1119,Paneer Butter Masala,Main,125,False
11590,1119,Rajma Chawal,Main,145,True
11591,1120,Chicken Curry,Main,125,True
11592,1120,Masala Chai,Beverage,135,True
11593,1120,Chole Bhature,Main,75,True
11594,1120,Chocolate Brownie,Dessert,135,True
11595,1120,Butter Naan,Main,85,False
11596,1120,Gulab Jamun,Dessert,115,False
11597,1120,Tandoori Roti,Main,80,True
11598,1120,Dal Makhani,Main,90,True
11599,1121,Cappuccino,Main,150,False
11600,1121,Croissant,Main,125,False
11601,1121,Chocolate Shake,Main,195,False
11602,1121,Cold Coffee,Beverage,185,True
11603,1121,Mango Lassi,Beverage,215,True
11604,1121,Veg Sandwich,Main,200,True
11605,1121,Masala Chai,Beverage,235,True
11606,1122,Chicken Curry,Main,240,True
11607,1122,Cold Coffee,Beverage,165,True
11608,1122,Masala Chai,Beverage,125,True
11609,1122,Mango Lassi,Beverage,110,True
11610,1122,Paneer Butter Masala,Main,190,True
11611,1122,Dal Makhani,Main,135,False
11612,1123,Mango Lassi,Beverage,120,True
11613,1123,Gulab Jamun,Dessert,135,False
11614,1123,Tandoori Roti,Main,260,True
11615,1123,Cold Coffee,Beverage,135,True
11616,1123,Shahi Paneer,Main,115,False
11617,1123,Chocolate Brownie,Dessert,185,True
11618,1123,Paneer Butter Masala,Main,140,True
11619,1123,Chicken Curry,Main,125,False
11620,1123,Rajma Chawal,Main,210,True
11621,1123,Dal Makhani,Main,140,False
11622,1123,Masala Chai,Beverage,190,True
11623,1123,Butter Naan,Main,210,False
11624,1123,Chole Bhature,Main,160,False
11625,1124,Veg Frankie,Main,225,True
11626,1124,Paneer Roll,Main,180,False
11627,1124,Double Egg Roll,Main,155,True
11628,1124,Cold Coffee,Beverage,205,False
11629,1124,Masala Chai,Beverage,225,True
11630,1124,Chocolate Brownie,Dessert,225,False
11631,1124,Egg Roll,Main,225,True
11632,1124,Gulab Jamun,Dessert,250,False
11633,1124,Mango Lassi,Beverage,235,False
11634,1124,Chicken Roll,Main,125,False
11635,1125,Masala Chai,Beverage,205,True
11636,1125,Buttermilk,Beverage,145,False
11637,1125,Mango Lassi,Beverage,155,False
11638,1125,Chocolate Brownie,Dessert,220,True
11639,1125,Gulab Jamun,Dessert,210,False
11640,1125,Fresh Lime Soda,Beverage,215,True
11641,1125,Cold Drink,Beverage,170,True
11642,1125,Mango Lassi,Beverage,145,False
11643,1125,Cold Coffee,Beverage,170,True
11644,1125,Masala Chai,Beverage,170,True
11645,1125,Cold Coffee,Beverage,160,True
11646,1126,Chicken 65,Main,390,False
11647,1126,Boneless Biryani,Main,275,True
11648,1126,Mango Lassi,Beverage,310,True
11649,1126,Chocolate Brownie,Dessert,505,True
11650,1126,Hyderabadi Dum Biryani,Main,315,True
11651,1126,Cold Coffee,Beverage,385,True
11652,1126,Veg Biryani,Main,260,False
11653,1126,Egg Biryani,Main,425,True
11654,1126,Masala Chai,Beverage,380,True
11655,1126,Mutton Biryani,Main,420,True
11656,1126,Chicken Biryani,Main,460,True
11657,1126,Gulab Jamun,Dessert,355,True
11658,1127,French Fries,Main,115,False
11659,1127,Cheese Sandwich,Main,90,True
11660,1127,Chicken Burger,Main,120,True
11661,1127,Cold Coffee,Beverage,75,False
11662,1127,Gulab Jamun,Dessert,105,False
11663,1127,Veg Burger,Main,85,True
11664,1127,Mango Lassi,Beverage,65,True
11665,1127,Veg Wrap,Main,65,False
11666,1127,Nuggets,Main,80,True
11667,1127,Peri Peri Fries,Main,135,False
11668,1127,Masala Chai,Beverage,150,True
11669,1127,Chocolate Brownie,Dessert,65,False
11670,1128,Veg Manchurian,Main,130,True
11671,1128,Schezwan Noodles,Main,140,True
11672,1128,Gulab Jamun,Dessert,245,True
11673,1128,Masala Chai,Beverage,210,False
11674,1128,Veg Hakka Noodles,Main,260,False
11675,1128,Chicken Momos,Main,140,True
11676,1128,Chilli Chicken,Main,130,True
11677,1128,Fried Rice,Main,190,True
11678,1128,Chocolate Brownie,Dessert,200,True
11679,1128,Mango Lassi,Beverage,235,True
11680,1129,Gulab Jamun,Dessert,125,True
11681,1129,Curd Rice,Main,155,True
11682,1129,Filter Coffee,Main,155,True
11683,1129,Pongal,Main,135,True
11684,1129,Uttapam,Main,170,True
11685,1129,Idli Sambar,Main,260,True
11686,1129,Masala Chai,Beverage,140,False
11687,1129,Masala Dosa,Main,175,False
11688,1129,Mango Lassi,Beverage,120,True
11689,1130,Choco Lava Cake,Dessert,220,True
11690,1130,Rasmalai,Dessert,255,True
11691,1130,Gulab Jamun,Dessert,210,True
11692,1130,Masala Chai,Beverage,195,True
11693,1130,Ice Cream Tub,Dessert,165,True
11694,1130,Chocolate Brownie,Dessert,215,False
11695,1130,Chocolate Brownie,Dessert,210,False
11696,1130,Cold Coffee,Beverage,160,True
11697,1130,Gajar Halwa,Dessert,120,True
11698,1130,Mango Lassi,Beverage,150,True
11699,1130,Gulab Jamun,Dessert,250,True
11700,1131,Cold Coffee,Beverage,120,True
11701,1131,Fresh Lime Soda,Beverage,85,True
11702,1131,Mango Lassi,Beverage,145,True
11703,1131,Masala Chai,Beverage,150,False
11704,1131,Buttermilk,Beverage,105,True
11705,1131,Mango Lassi,Beverage,120,False
11706,1131,Cold Drink,Beverage,95,True
11707,1131,Masala Chai,Beverage,70,True
11708,1131,Cold Coffee,Beverage,100,True
11709,1131,Chocolate Brownie,Dessert,105,True
11710,1132,Schezwan Noodles,Main,225,False
11711,1132,Fried Rice,Main,170,False
11712,1132,Chilli Paneer,Main,140,True
11713,1132,Chocolate Brownie,Dessert,140,True
11714,1132,Mango Lassi,Beverage,220,True
11715,1132,Chicken Momos,Main,255,False
11716,1133,Spring Roll,Main,235,False
11717,1133,Masala Chai,Beverage,180,True
11718,1133,Veg Hakka Noodles,Main,185,True
11719,1133,Mango Lassi,Beverage,250,True
11720,1133,Chocolate Brownie,Dessert,165,False
11721,1133,Schezwan Noodles,Main,225,True
11722,1133,Veg Manchurian,Main,210,True
11723,1133,Fried Rice,Main,190,False
11724,1133,Chilli Paneer,Main,205,False
11725,1133,Gulab Jamun,Dessert,120,True
11726,1133,Chicken Momos,Main,215,True
11727,1133,Cold Coffee,Beverage,240,True
11728,1133,Chilli Chicken,Main,240,True
11729,1134,Mango Lassi,Beverage,120,True
11730,1134,Gulab Jamun,Dessert,180,True
11731,1134,Uttapam,Main,220,False
11732,1134,Masala Dosa,Main,230,True
11733,1134,Masala Chai,Beverage,110,True
11734,1134,Pongal,Main,140,True
11735,1134,Filter Coffee,Main,180,True
11736,1134,Curd Rice,Main,135,True
11737,1134,Idli Sambar,Main,115,True
11738,1134,Rava Dosa,Main,110,True
11739,1134,Medu Vada,Main,175,False
11740,1134,Cold Coffee,Beverage,175,True
11741,1134,Chocolate Brownie,Dessert,200,False
11742,1135,Butter Naan,Main,220,True
11743,1135,Dal Makhani,Main,160,True
11744,1135,Chicken Curry,Main,170,False
11745,1135,Shahi Paneer,Main,110,True
11746,1135,Cold Coffee,Beverage,110,False
11747,1135,Tandoori Roti,Main,165,True
11748,1135,Gulab Jamun,Dessert,180,True
11749,1135,Masala Chai,Beverage,230,True
11750,1135,Chocolate Brownie,Dessert,215,False
11751,1136,Masala Chai,Beverage,150,False
11752,1136,Gulab Jamun,Dessert,240,False
11753,1136,Veg Hakka Noodles,Main,255,False
11754,1136,Chilli Chicken,Main,215,True
11755,1136,Chilli Paneer,Main,245,True
11756,1136,Spring Roll,Main,220,False
11757,1136,Cold Coffee,Beverage,255,True
11758,1137,Rajma Chawal,Main,135,False
11759,1137,Chocolate Brownie,Dessert,175,True
11760,1137,Tandoori Roti,Main,230,False
11761,1137,Mango Lassi,Beverage,110,False
11762,1137,Chicken Curry,Main,115,False
11763,1137,Masala Chai,Beverage,240,True
11764,1137,Chole Bhature,Main,250,False
11765,1137,Cold Coffee,Beverage,260,True
11766,1137,Gulab Jamun,Dessert,130,False
11767,1137,Paneer Butter Masala,Main,185,False
11768,1137,Shahi Paneer,Main,175,True
11769,1137,Dal Makhani,Main,185,False
11770,1138,Masala Chai,Beverage,100,True
11771,1138,Chocolate Brownie,Dessert,105,False
11772,1138,Gulab Jamun,Dessert,105,True
11773,1138,Cold Coffee,Beverage,145,True
11774,1138,Chocolate Brownie,Dessert,125,False
11775,1138,Ice Cream Tub,Dessert,140,False
11776,1138,Choco Lava Cake,Dessert,75,False
11777,1139,Cold Coffee,Beverage,135,False
11778,1139,Pongal,Main,160,True
11779,1139,Masala Chai,Beverage,245,False
11780,1139,Masala Dosa,Main,245,True
11781,1139,Idli Sambar,Main,155,False
11782,1139,Mango Lassi,Beverage,120,False
11783,1139,Rava Dosa,Main,260,True
11784,1139,Filter Coffee,Main,260,False
11785,1139,Uttapam,Main,200,True
11786,1139,Curd Rice,Main,130,True
11787,1139,Gulab Jamun,Dessert,235,True
11788,1139,Chocolate Brownie,Dessert,235,False
11789,1139,Medu Vada,Main,230,True
11790,1140,Cheese Burst Pizza,Main,80,False
11791,1140,Margherita Pizza,Main,130,False
11792,1140,Gulab Jamun,Dessert,125,True
11793,1140,Farmhouse Pizza,Main,105,False
11794,1140,Peppy Paneer Pizza,Main,115,False
11795,1140,Mango Lassi,Beverage,110,False
11796,1140,Cold Coffee,Beverage,110,True
11797,1141,Cheese Sandwich,Main,250,True
11798,1141,Veg Wrap,Main,325,True
11799,1141,Chocolate Brownie,Dessert,435,True
11800,1141,Peri Peri Fries,Main,395,True
11801,1141,Chicken Burger,Main,450,True
11802,1141,Veg Burger,Main,365,True
11803,1141,Mango Lassi,Beverage,465,True
11804,1141,Gulab Jamun,Dessert,515,True
11805,1141,Masala Chai,Beverage,365,False
11806,1141,French Fries,Main,360,False
11807,1141,Cold Coffee,Beverage,420,False
11808,1141,Nuggets,Main,485,True
11809,1142,Cold Drink,Beverage,155,False
11810,1142,Cold Coffee,Beverage,155,False
11811,1142,Mango Lassi,Beverage,160,False
11812,1142,Cold Coffee,Beverage,140,True
11813,1142,Chocolate Brownie,Dessert,145,False
11814,1142,Fresh Lime Soda,Beverage,210,False
11815,1142,Buttermilk,Beverage,175,True
11816,1143,Masala Chai,Beverage,145,False
11817,1143,Vada Pav,Main,75,True
11818,1143,Kachori,Main,140,False
11819,1143,Gulab Jamun,Dessert,80,False
11820,1143,Cold Coffee,Beverage,110,True
11821,1143,Mango Lassi,Beverage,115,False
11822,1144,Cold Coffee,Beverage,120,True
11823,1144,Schezwan Noodles,Main,130,True
11824,1144,Spring Roll,Main,115,False
11825,1144,Chilli Paneer,Main,120,True
11826,1144,Gulab Jamun,Dessert,120,False
11827,1144,Masala Chai,Beverage,75,False
11828,1145,Paneer Butter Masala,Main,180,False
11829,1145,Chicken Curry,Main,135,False
11830,1145,Chocolate Brownie,Dessert,195,False
11831,1145,Shahi Paneer,Main,200,False
11832,1145,Dal Makhani,Main,160,False
11833,1145,Masala Chai,Beverage,115,True
11834,1145,Tandoori Roti,Main,165,False
11835,1145,Gulab Jamun,Dessert,185,True
11836,1146,Chocolate Brownie,Dessert,295,True
11837,1146,Double Egg Roll,Main,285,True
11838,1146,Mango Lassi,Beverage,455,True
11839,1146,Gulab Jamun,Dessert,310,True
11840,1146,Chicken Roll,Main,460,True
11841,1146,Cold Coffee,Beverage,455,False
11842,1146,Masala Chai,Beverage,260,False
11843,1146,Veg Frankie,Main,400,False
11844,1146,Paneer Roll,Main,330,False
11845,1146,Egg Roll,Main,410,True
11846,1147,Masala Chai,Beverage,120,True
11847,1147,Shahi Paneer,Main,110,False
11848,1147,Butter Naan,Main,115,True
11849,1147,Paneer Butter Masala,Main,80,True
11850,1147,Chocolate Brownie,Dessert,60,False
11851,1147,Tandoori Roti,Main,65,False
11852,1147,Rajma Chawal,Main,95,False
11853,1147,Dal Makhani,Main,75,False
11854,1147,Chole Bhature,Main,140,True
11855,1147,Chicken Curry,Main,150,True
11856,1148,Chocolate Brownie,Dessert,105,False
11857,1148,Cold Coffee,Beverage,115,False
11858,1148,Uttapam,Main,110,True
11859,1148,Medu Vada,Main,115,True
11860,1148,Curd Rice,Main,80,True
11861,1148,Filter Coffee,Main,145,True
11862,1148,Rava Dosa,Main,125,False
11863,1148,Masala Dosa,Main,100,True
11864,1148,Masala Chai,Beverage,80,True
11865,1148,Pongal,Main,140,True
11866,1148,Gulab Jamun,Dessert,115,True
11867,1148,Idli Sambar,Main,70,True
11868,1148,Mango Lassi,Beverage,145,True
11869,1149,Butter Naan,Main,185,True
11870,1149,Cold Coffee,Beverage,210,True
11871,1149,Mango Lassi,Beverage,110,True
11872,1149,Chicken Curry,Main,120,True
11873,1149,Paneer Butter Masala,Main,160,False
11874,1149,Chole Bhature,Main,135,False
11875,1149,Shahi Paneer,Main,205,False
11876,1150,Cappuccino,Main,305,True
11877,1150,Chocolate Brownie,Dessert,485,True
11878,1150,Pasta Alfredo,Main,355,True
11879,1150,Veg Sandwich,Main,375,True
11880,1150,Masala Chai,Beverage,445,True
11881,1150,Gulab Jamun,Dessert,520,False
11882,1150,Croissant,Main,460,True
11883,1150,Club Sandwich,Main,270,True
11884,1150,Cold Coffee,Beverage,435,True
11885,1150,Mango Lassi,Beverage,320,True
11886,1150,Chocolate Shake,Main,255,True
11887,1151,Rajma Chawal,Main,240,True
11888,1151,Mango Lassi,Beverage,390,False
11889,1151,Shahi Paneer,Main,450,False
11890,1151,Cold Coffee,Beverage,315,False
11891,1151,Paneer Butter Masala,Main,270,True
11892,1151,Gulab Jamun,Dessert,370,True
11893,1152,Masala Chai,Beverage,90,False
11894,1152,Egg Biryani,Main,130,True
11895,1152,Chicken 65,Main,70,False
11896,1152,Gulab Jamun,Dessert,125,True
11897,1152,Chocolate Brownie,Dessert,150,False
11898,1152,Veg Biryani,Main,70,False
11899,1152,Mutton Biryani,Main,120,False
11900,1152,Chicken Biryani,Main,105,False
11901,1152,Mango Lassi,Beverage,90,True
11902,1152,Boneless Biryani,Main,110,True
11903,1152,Hyderabadi Dum Biryani,Main,130,True
11904,1152,Cold Coffee,Beverage,135,False
11905,1153,Cold Coffee,Beverage,220,True
11906,1153,Veg Biryani,Main,250,False
11907,1153,Gulab Jamun,Dessert,125,False
11908,1153,Mango Lassi,Beverage,190,False
11909,1153,Egg Biryani,Main,260,True
11910,1153,Hyderabadi Dum Biryani,Main,145,False
11911,1153,Chicken 65,Main,120,True
11912,1153,Chocolate Brownie,Dessert,260,True
11913,1153,Masala Chai,Beverage,160,True
11914,1153,Chicken Biryani,Main,225,False
11915,1153,Boneless Biryani,Main,250,True
11916,1153,Mutton Biryani,Main,120,False
11917,1154,Peppy Paneer Pizza,Main,280,False
11918,1154,Chocolate Brownie,Dessert,380,True
11919,1154,Farmhouse Pizza,Main,320,False
11920,1154,Cheese Burst Pizza,Main,515,True
11921,1154,Chicken Supreme Pizza,Main,460,False
11922,1154,Gulab Jamun,Dessert,495,False
11923,1154,Garlic Bread,Main,365,True
11924,1154,Cold Coffee,Beverage,500,True
11925,1155,Cold Coffee,Beverage,135,True
11926,1155,Mango Lassi,Beverage,160,True
11927,1155,Chocolate Brownie,Dessert,180,True
11928,1155,Spring Roll,Main,205,False
11929,1155,Chicken Momos,Main,255,True
11930,1155,Chilli Paneer,Main,160,False
11931,1155,Fried Rice,Main,195,True
11932,1155,Chilli Chicken,Main,175,False
11933,1155,Gulab Jamun,Dessert,240,True
11934,1155,Schezwan Noodles,Main,155,False
11935,1155,Veg Hakka Noodles,Main,120,False
11936,1155,Veg Manchurian,Main,110,True
11937,1155,Masala Chai,Beverage,230,False
11938,1156,Pasta Alfredo,Main,120,False
11939,1156,Croissant,Main,190,True
11940,1156,Chocolate Shake,Main,235,False
11941,1156,Mango Lassi,Beverage,245,True
11942,1156,Cappuccino,Main,215,False
11943,1156,Cold Coffee,Beverage,160,True
11944,1156,Masala Chai,Beverage,235,True
11945,1156,Gulab Jamun,Dessert,145,False
11946,1157,Mango Lassi,Beverage,190,True
11947,1157,Double Egg Roll,Main,210,True
11948,1157,Masala Chai,Beverage,165,False
11949,1157,Paneer Roll,Main,140,True
11950,1157,Veg Frankie,Main,125,True
11951,1157,Egg Roll,Main,250,True
11952,1157,Gulab Jamun,Dessert,240,True
11953,1157,Chocolate Brownie,Dessert,120,True
11954,1157,Chicken Roll,Main,145,True
11955,1157,Cold Coffee,Beverage,145,True
11956,1158,Chicken Biryani,Main,175,False
11957,1158,Egg Biryani,Main,225,True
11958,1158,Cold Coffee,Beverage,155,True
11959,1158,Veg Biryani,Main,240,False
11960,1158,Mango Lassi,Beverage,120,True
11961,1158,Hyderabadi Dum Biryani,Main,165,True
11962,1158,Gulab Jamun,Dessert,185,False
11963,1158,Boneless Biryani,Main,200,True
11964,1158,Chocolate Brownie,Dessert,220,True
11965,1158,Masala Chai,Beverage,210,True
11966,1158,Chicken 65,Main,160,True
11967,1159,Veg Manchurian,Main,110,True
11968,1159,Gulab Jamun,Dessert,80,True
11969,1159,Fried Rice,Main,85,True
11970,1159,Mango Lassi,Beverage,135,False
11971,1159,Chilli Chicken,Main,130,True
11972,1159,Schezwan Noodles,Main,145,True
11973,1159,Chilli Paneer,Main,85,False
11974,1159,Veg Hakka Noodles,Main,60,True
11975,1159,Spring Roll,Main,130,True
11976,1159,Cold Coffee,Beverage,105,True
11977,1159,Masala Chai,Beverage,150,True
11978,1159,Chocolate Brownie,Dessert,85,True
11979,1159,Chicken Momos,Main,105,True
11980,1160,Cold Coffee,Beverage,145,False
11981,1160,Cold Drink,Beverage,85,True
11982,1160,Mango Lassi,Beverage,125,True
11983,1160,Masala Chai,Beverage,105,True
11984,1160,Fresh Lime Soda,Beverage,150,True
11985,1160,Buttermilk,Beverage,125,False
11986,1160,Masala Chai,Beverage,100,True
11987,1160,Mango Lassi,Beverage,70,True
11988,1161,Gulab Jamun,Dessert,185,False
11989,1161,Masala Chai,Beverage,210,True
11990,1161,Gulab Jamun,Dessert,120,True
11991,1161,Ice Cream Tub,Dessert,220,True
11992,1161,Chocolate Brownie,Dessert,155,True
11993,1161,Cold Coffee,Beverage,245,True
11994,1161,Choco Lava Cake,Dessert,135,True
11995,1161,Chocolate Brownie,Dessert,215,True
11996,1161,Gajar Halwa,Dessert,225,False
11997,1161,Rasmalai,Dessert,165,False
11998,1162,Mango Lassi,Beverage,70,False
11999,1162,Mutton Biryani,Main,130,True
12000,1162,Gulab Jamun,Dessert,100,True
12001,1162,Cold Coffee,Beverage,130,False
12002,1162,Boneless Biryani,Main,95,True
12003,1162,Masala Chai,Beverage,90,True
12004,1162,Chicken 65,Main,65,False
12005,1162,Chicken Biryani,Main,90,True
12006,1162,Chocolate Brownie,Dessert,75,False
12007,1162,Veg Biryani,Main,65,False
12008,1162,Egg Biryani,Main,130,False
12009,1162,Hyderabadi Dum Biryani,Main,90,False
12010,1163,Veg Hakka Noodles,Main,230,True
12011,1163,Chilli Paneer,Main,225,True
12012,1163,Fried Rice,Main,175,True
12013,1163,Veg Manchurian,Main,245,True
12014,1163,Chilli Chicken,Main,125,False
12015,1163,Chocolate Brownie,Dessert,215,False
12016,1163,Gulab Jamun,Dessert,255,True
12017,1163,Cold Coffee,Beverage,230,True
12018,1163,Mango Lassi,Beverage,245,False
12019,1163,Schezwan Noodles,Main,245,True
12020,1163,Chicken Momos,Main,205,False
12021,1163,Masala Chai,Beverage,155,True
12022,1163,Spring Roll,Main,240,False
12023,1164,Mango Lassi,Beverage,255,True
12024,1164,Rajma Chawal,Main,175,True
12025,1164,Gulab Jamun,Dessert,250,True
12026,1164,Cold Coffee,Beverage,150,True
12027,1164,Chicken Curry,Main,255,True
12028,1164,Dal Makhani,Main,160,True
12029,1164,Chole Bhature,Main,145,False
12030,1164,Chocolate Brownie,Dessert,180,True
12031,1164,Tandoori Roti,Main,235,False
12032,1164,Masala Chai,Beverage,255,True
12033,1164,Paneer Butter Masala,Main,175,False
12034,1164,Butter Naan,Main,130,True
12035,1164,Shahi Paneer,Main,245,True
12036,1165,Butter Naan,Main,455,True
12037,1165,Dal Makhani,Main,305,True
12038,1165,Tandoori Roti,Main,325,False
12039,1165,Shahi Paneer,Main,320,False
12040,1165,Chole Bhature,Main,435,True
12041,1165,Gulab Jamun,Dessert,345,True
12042,1165,Masala Chai,Beverage,455,True
12043,1165,Mango Lassi,Beverage,480,False
12044,1165,Chocolate Brownie,Dessert,385,False
12045,1165,Cold Coffee,Beverage,345,True
12046,1165,Rajma Chawal,Main,270,False
12047,1165,Paneer Butter Masala,Main,360,False
12048,1165,Chicken Curry,Main,485,True
12049,1166,Masala Chai,Beverage,80,False
12050,1166,Gulab Jamun,Dessert,145,True
12051,1166,Shahi Paneer,Main,80,True
12052,1166,Chole Bhature,Main,105,False
12053,1166,Rajma Chawal,Main,90,False
12054,1166,Mango Lassi,Beverage,150,False
12055,1166,Butter Naan,Main,150,True
12056,1166,Cold Coffee,Beverage,85,False
12057,1166,Dal Makhani,Main,100,False
12058,1166,Tandoori Roti,Main,75,True
12059,1166,Paneer Butter Masala,Main,120,True
12060,1167,Chicken Curry,Main,130,True
12061,1167,Shahi Paneer,Main,110,True
12062,1167,Rajma Chawal,Main,65,True
12063,1167,Gulab Jamun,Dessert,70,True
12064,1167,Chocolate Brownie,Dessert,110,True
12065,1167,Dal Makhani,Main,95,False
12066,1167,Butter Naan,Main,135,True
12067,1167,Tandoori Roti,Main,115,True
12068,1167,Paneer Butter Masala,Main,140,True
12069,1167,Mango Lassi,Beverage,70,True
12070,1167,Cold Coffee,Beverage,70,False
12071,1167,Chole Bhature,Main,150,False
12072,1167,Masala Chai,Beverage,85,False
12073,1168,Cold Coffee,Beverage,175,True
12074,1168,Chocolate Brownie,Dessert,210,True
12075,1168,Dal Makhani,Main,155,True
12076,1168,Chole Bhature,Main,155,True
12077,1168,Masala Chai,Beverage,250,True
12078,1168,Paneer Butter Masala,Main,115,False
12079,1168,Butter Naan,Main,180,False
12080,1168,Mango Lassi,Beverage,185,False
12081,1168,Tandoori Roti,Main,160,True
12082,1168,Shahi Paneer,Main,145,True
12083,1168,Rajma Chawal,Main,130,True
12084,1168,Chicken Curry,Main,180,True
12085,1168,Gulab Jamun,Dessert,125,True
12086,1169,Club Sandwich,Main,135,True
12087,1169,Pasta Alfredo,Main,70,True
12088,1169,Gulab Jamun,Dessert,90,True
12089,1169,Veg Sandwich,Main,135,True
12090,1169,Croissant,Main,60,False
12091,1169,Cappuccino,Main,110,True
12092,1169,Chocolate Brownie,Dessert,130,False
12093,1169,Mango Lassi,Beverage,75,False
12094,1169,Masala Chai,Beverage,110,False
12095,1169,Chocolate Shake,Main,110,False
12096,1169,Cold Coffee,Beverage,135,True
12097,1170,Masala Chai,Beverage,100,False
12098,1170,Chocolate Brownie,Dessert,80,False
12099,1170,Choco Lava Cake,Dessert,115,True
12100,1170,Gulab Jamun,Dessert,110,False
12101,1170,Gulab Jamun,Dessert,120,True
12102,1170,Gajar Halwa,Dessert,100,False
12103,1170,Ice Cream Tub,Dessert,130,True
12104,1170,Cold Coffee,Beverage,100,True
12105,1170,Rasmalai,Dessert,150,False
12106,1170,Chocolate Brownie,Dessert,65,True
12107,1170,Mango Lassi,Beverage,65,True
12108,1171,Cold Coffee,Beverage,415,True
12109,1171,Gulab Jamun,Dessert,305,False
12110,1171,Cold Drink,Beverage,330,False
12111,1171,Masala Chai,Beverage,475,False
12112,1171,Fresh Lime Soda,Beverage,470,False
12113,1171,Mango Lassi,Beverage,500,True
12114,1171,Masala Chai,Beverage,320,True
12115,1171,Mango Lassi,Beverage,350,True
12116,1171,Chocolate Brownie,Dessert,475,False
12117,1171,Cold Coffee,Beverage,365,False
12118,1171,Buttermilk,Beverage,420,True
12119,1172,Farmhouse Pizza,Main,140,True
12120,1172,Cold Coffee,Beverage,110,True
12121,1172,Chicken Supreme Pizza,Main,145,True
12122,1172,Peppy Paneer Pizza,Main,120,True
12123,1172,Margherita Pizza,Main,100,True
12124,1172,Mango Lassi,Beverage,90,False
12125,1172,Gulab Jamun,Dessert,125,False
12126,1172,Masala Chai,Beverage,135,True
12127,1172,Cheese Burst Pizza,Main,65,True
12128,1172,Garlic Bread,Main,90,True
12129,1172,Chocolate Brownie,Dessert,75,True
12130,1173,Cold Coffee,Beverage,100,True
12131,1173,Mango Lassi,Beverage,140,True
12132,1173,Chocolate Brownie,Dessert,75,False
12133,1173,Garlic Bread,Main,75,True
12134,1173,Masala Chai,Beverage,95,False
12135,1173,Gulab Jamun,Dessert,145,False
12136,1173,Cheese Burst Pizza,Main,140,True
12137,1173,Chicken Supreme Pizza,Main,75,True
12138,1174,Butter Naan,Main,250,False
12139,1174,Mango Lassi,Beverage,235,True
12140,1174,Gulab Jamun,Dessert,120,True
12141,1174,Shahi Paneer,Main,155,True
12142,1174,Chicken Curry,Main,215,False
12143,1174,Masala Chai,Beverage,200,True
12144,1174,Cold Coffee,Beverage,115,True
12145,1174,Tandoori Roti,Main,110,True
12146,1174,Rajma Chawal,Main,120,True
12147,1174,Chocolate Brownie,Dessert,115,False
12148,1174,Dal Makhani,Main,190,False
12149,1175,Masala Chai,Beverage,195,True
12150,1175,Gulab Jamun,Dessert,160,False
12151,1175,Farmhouse Pizza,Main,140,False
12152,1175,Cold Coffee,Beverage,195,False
12153,1175,Chicken Supreme Pizza,Main,185,True
12154,1175,Garlic Bread,Main,240,True
12155,1175,Peppy Paneer Pizza,Main,155,True
12156,1175,Mango Lassi,Beverage,175,True
12157,1175,Chocolate Brownie,Dessert,230,False
12158,1175,Margherita Pizza,Main,175,True
12159,1175,Cheese Burst Pizza,Main,125,True
12160,1176,Chilli Paneer,Main,90,False
12161,1176,Veg Hakka Noodles,Main,140,False
12162,1176,Fried Rice,Main,80,True
12163,1176,Schezwan Noodles,Main,100,False
12164,1176,Spring Roll,Main,145,True
12165,1176,Veg Manchurian,Main,65,False
12166,1176,Mango Lassi,Beverage,80,True
12167,1176,Chocolate Brownie,Dessert,125,True
12168,1176,Masala Chai,Beverage,130,False
12169,1176,Chicken Momos,Main,75,True
12170,1177,Chicken Biryani,Main,205,True
12171,1177,Mango Lassi,Beverage,185,True
12172,1177,Chicken 65,Main,150,True
12173,1177,Boneless Biryani,Main,240,True
12174,1177,Gulab Jamun,Dessert,225,False
12175,1177,Chocolate Brownie,Dessert,145,True
12176,1177,Egg Biryani,Main,130,True
12177,1177,Mutton Biryani,Main,140,True
12178,1177,Hyderabadi Dum Biryani,Main,235,True
12179,1177,Veg Biryani,Main,160,True
12180,1177,Masala Chai,Beverage,175,True
12181,1178,Mango Lassi,Beverage,125,True
12182,1178,Samosa,Main,160,True
12183,1178,Vada Pav,Main,215,False
12184,1178,Pav Bhaji,Main,210,False
12185,1178,Dahi Puri,Main,165,True
12186,1178,Pani Puri,Main,165,True
12187,1178,Gulab Jamun,Dessert,235,True
12188,1178,Chocolate Brownie,Dessert,205,True
12189,1178,Cold Coffee,Beverage,235,True
12190,1178,Kachori,Main,120,True
12191,1178,Masala Chai,Beverage,180,True
12192,1179,Cappuccino,Main,80,True
12193,1179,Gulab Jamun,Dessert,95,True
12194,1179,Club Sandwich,Main,80,True
12195,1179,Mango Lassi,Beverage,125,False
12196,1179,Chocolate Shake,Main,110,True
12197,1179,Cold Coffee,Beverage,80,False
12198,1179,Chocolate Brownie,Dessert,85,False
12199,1179,Croissant,Main,120,True
12200,1179,Pasta Alfredo,Main,90,True
12201,1179,Veg Sandwich,Main,125,True
12202,1180,Gulab Jamun,Dessert,250,False
12203,1180,Uttapam,Main,150,False
12204,1180,Rava Dosa,Main,240,False
12205,1180,Curd Rice,Main,220,True
12206,1180,Pongal,Main,210,True
12207,1180,Chocolate Brownie,Dessert,155,False
12208,1180,Idli Sambar,Main,205,False
12209,1180,Medu Vada,Main,120,False
12210,1180,Filter Coffee,Main,200,True
12211,1180,Masala Chai,Beverage,240,False
12212,1180,Masala Dosa,Main,195,False
12213,1180,Mango Lassi,Beverage,230,True
12214,1180,Cold Coffee,Beverage,120,False
12215,1181,Egg Roll,Main,65,True
12216,1181,Masala Chai,Beverage,110,True
12217,1181,Double Egg Roll,Main,120,False
12218,1181,Chicken Roll,Main,70,True
12219,1181,Paneer Roll,Main,145,False
12220,1181,Gulab Jamun,Dessert,105,False
12221,1181,Veg Frankie,Main,75,False
12222,1181,Mango Lassi,Beverage,150,True
12223,1181,Cold Coffee,Beverage,80,True
12224,1181,Chocolate Brownie,Dessert,100,True
12225,1182,Chocolate Brownie,Dessert,245,False
12226,1182,Cold Coffee,Beverage,215,True
12227,1182,Tandoori Roti,Main,115,False
12228,1182,Rajma Chawal,Main,215,True
12229,1182,Masala Chai,Beverage,110,True
12230,1182,Shahi Paneer,Main,215,True
12231,1182,Gulab Jamun,Dessert,165,False
12232,1182,Paneer Butter Masala,Main,160,True
12233,1182,Chole Bhature,Main,120,True
12234,1182,Mango Lassi,Beverage,215,True
12235,1182,Butter Naan,Main,195,True
12236,1183,Tandoori Roti,Main,180,False
12237,1183,Masala Chai,Beverage,230,True
12238,1183,Dal Makhani,Main,160,False
12239,1183,Rajma Chawal,Main,245,False
12240,1183,Paneer Butter Masala,Main,255,False
12241,1183,Cold Coffee,Beverage,255,False
12242,1183,Chole Bhature,Main,210,False
12243,1183,Gulab Jamun,Dessert,155,False
12244,1183,Chocolate Brownie,Dessert,215,False
12245,1183,Shahi Paneer,Main,140,True
12246,1184,Paneer Butter Masala,Main,150,True
12247,1184,Gulab Jamun,Dessert,180,True
12248,1184,Mango Lassi,Beverage,235,True
12249,1184,Shahi Paneer,Main,135,True
12250,1184,Tandoori Roti,Main,120,True
12251,1184,Cold Coffee,Beverage,185,False
12252,1184,Chole Bhature,Main,235,True
12253,1184,Rajma Chawal,Main,130,False
12254,1184,Chocolate Brownie,Dessert,160,True
12255,1184,Dal Makhani,Main,220,False
12256,1184,Butter Naan,Main,140,True
12257,1185,Mango Lassi,Beverage,95,False
12258,1185,Pongal,Main,135,True
12259,1185,Uttapam,Main,130,True
12260,1185,Rava Dosa,Main,105,True
12261,1185,Masala Chai,Beverage,80,True
12262,1185,Filter Coffee,Main,70,False
12263,1185,Idli Sambar,Main,140,True
12264,1185,Gulab Jamun,Dessert,70,False
12265,1185,Curd Rice,Main,60,False
12266,1185,Medu Vada,Main,110,True
12267,1185,Chocolate Brownie,Dessert,65,True
12268,1185,Cold Coffee,Beverage,135,True
12269,1185,Masala Dosa,Main,140,True
12270,1186,Chicken Supreme Pizza,Main,320,False
12271,1186,Gulab Jamun,Dessert,345,True
12272,1186,Farmhouse Pizza,Main,250,True
12273,1186,Garlic Bread,Main,410,True
12274,1186,Mango Lassi,Beverage,250,True
12275,1186,Chocolate Brownie,Dessert,340,True
12276,1186,Cheese Burst Pizza,Main,285,True
12277,1186,Cold Coffee,Beverage,415,False
12278,1186,Masala Chai,Beverage,305,True
12279,1186,Margherita Pizza,Main,490,False
12280,1186,Peppy Paneer Pizza,Main,400,True
12281,1187,Gulab Jamun,Dessert,230,True
12282,1187,Chocolate Brownie,Dessert,125,False
12283,1187,Mango Lassi,Beverage,150,False
12284,1187,Masala Chai,Beverage,155,True
12285,1187,Fried Rice,Main,225,True
12286,1187,Chicken Momos,Main,130,True
12287,1188,Tandoori Roti,Main,245,False
12288,1188,Paneer Butter Masala,Main,360,False
12289,1188,Rajma Chawal,Main,455,True
12290,1188,Chicken Curry,Main,275,True
12291,1188,Dal Makhani,Main,410,False
12292,1188,Cold Coffee,Beverage,465,False
12293,1188,Chocolate Brownie,Dessert,440,True
12294,1188,Gulab Jamun,Dessert,355,True
12295,1188,Masala Chai,Beverage,325,True
12296,1188,Shahi Paneer,Main,310,False
12297,1188,Butter Naan,Main,260,True
12298,1188,Mango Lassi,Beverage,290,False
12299,1188,Chole Bhature,Main,335,True
12300,1189,Masala Chai,Beverage,200,False
12301,1189,Fruit Bowl,Main,135,True
12302,1189,Sprout Salad,Main,130,True
12303,1189,Cold Coffee,Beverage,185,False
12304,1189,Gulab Jamun,Dessert,175,False
12305,1189,Grilled Chicken Bowl,Main,170,False
12306,1189,Mango Lassi,Beverage,125,True
12307,1189,Chocolate Brownie,Dessert,160,False
12308,1190,Cold Coffee,Beverage,455,False
12309,1190,French Fries,Main,260,True
12310,1190,Veg Burger,Main,325,True
12311,1190,Mango Lassi,Beverage,370,True
12312,1190,Nuggets,Main,385,True
12313,1190,Chocolate Brownie,Dessert,240,True
12314,1190,Peri Peri Fries,Main,405,False
12315,1190,Cheese Sandwich,Main,400,False
12316,1190,Veg Wrap,Main,520,False
12317,1190,Masala Chai,Beverage,405,True
12318,1190,Chicken Burger,Main,295,True
12319,1190,Gulab Jamun,Dessert,325,True
12320,1191,Hyderabadi Dum Biryani,Main,240,True
12321,1191,Mutton Biryani,Main,235,True
12322,1191,Chicken 65,Main,235,False
12323,1191,Chocolate Brownie,Dessert,140,True
12324,1191,Egg Biryani,Main,235,True
12325,1191,Mango Lassi,Beverage,145,True
12326,1191,Gulab Jamun,Dessert,260,False
12327,1191,Masala Chai,Beverage,155,False
12328,1192,Chicken Biryani,Main,70,False
12329,1192,Cold Coffee,Beverage,100,True
12330,1192,Boneless Biryani,Main,125,False
12331,1192,Masala Chai,Beverage,120,False
12332,1192,Chocolate Brownie,Dessert,125,False
12333,1192,Hyderabadi Dum Biryani,Main,110,True
12334,1192,Veg Biryani,Main,105,False
12335,1192,Mango Lassi,Beverage,100,True
12336,1192,Chicken 65,Main,105,False
12337,1192,Egg Biryani,Main,110,False
12338,1192,Mutton Biryani,Main,95,True
12339,1192,Gulab Jamun,Dessert,125,True
12340,1193,Mutton Biryani,Main,215,False
12341,1193,Boneless Biryani,Main,225,True
12342,1193,Masala Chai,Beverage,155,True
12343,1193,Cold Coffee,Beverage,210,True
12344,1193,Gulab Jamun,Dessert,170,True
12345,1193,Chocolate Brownie,Dessert,230,False
12346,1193,Chicken 65,Main,145,True
12347,1193,Hyderabadi Dum Biryani,Main,215,False
12348,1193,Mango Lassi,Beverage,180,False
12349,1193,Egg Biryani,Main,205,True
12350,1193,Chicken Biryani,Main,195,True
12351,1193,Veg Biryani,Main,230,False
12352,1194,Mango Lassi,Beverage,490,True
12353,1194,Gulab Jamun,Dessert,515,False
12354,1194,Veg Biryani,Main,335,True
12355,1194,Mutton Biryani,Main,260,False
12356,1194,Egg Biryani,Main,325,True
12357,1194,Boneless Biryani,Main,385,True
12358,1194,Chicken 65,Main,300,True
12359,1194,Chicken Biryani,Main,440,True
12360,1194,Masala Chai,Beverage,440,True
12361,1195,Chocolate Brownie,Dessert,220,False
12362,1195,Chicken Burger,Main,155,True
12363,1195,Nuggets,Main,210,False
12364,1195,Mango Lassi,Beverage,200,True
12365,1195,Veg Burger,Main,175,False
12366,1195,French Fries,Main,230,False
12367,1195,Masala Chai,Beverage,220,True
12368,1195,Peri Peri Fries,Main,140,True
12369,1195,Cold Coffee,Beverage,125,False
12370,1195,Gulab Jamun,Dessert,165,True
12371,1196,Chocolate Shake,Main,130,False
12372,1196,Croissant,Main,255,True
12373,1196,Club Sandwich,Main,215,True
12374,1196,Masala Chai,Beverage,205,True
12375,1196,Veg Sandwich,Main,245,True
12376,1196,Gulab Jamun,Dessert,145,False
12377,1196,Mango Lassi,Beverage,210,True
12378,1196,Chocolate Brownie,Dessert,145,False
12379,1196,Pasta Alfredo,Main,260,False
12380,1196,Cold Coffee,Beverage,135,False
12381,1196,Cappuccino,Main,215,True
12382,1197,Veg Manchurian,Main,235,True
12383,1197,Chocolate Brownie,Dessert,170,True
12384,1197,Chilli Chicken,Main,215,False
12385,1197,Spring Roll,Main,180,False
12386,1197,Cold Coffee,Beverage,205,False
12387,1197,Chicken Momos,Main,230,True
12388,1197,Gulab Jamun,Dessert,225,False
12389,1197,Mango Lassi,Beverage,210,True
12390,1197,Veg Hakka Noodles,Main,225,True
12391,1197,Chilli Paneer,Main,140,True
12392,1198,Veg Biryani,Main,185,True
12393,1198,Mutton Biryani,Main,115,True
12394,1198,Mango Lassi,Beverage,200,True
12395,1198,Boneless Biryani,Main,155,True
12396,1198,Cold Coffee,Beverage,110,False
12397,1198,Chicken Biryani,Main,235,True
12398,1198,Chocolate Brownie,Dessert,235,False
12399,1198,Hyderabadi Dum Biryani,Main,135,False
12400,1198,Masala Chai,Beverage,125,True
12401,1198,Gulab Jamun,Dessert,225,False
12402,1198,Chicken 65,Main,155,False
12403,1199,Tandoori Roti,Main,125,True
12404,1199,Masala Chai,Beverage,130,False
12405,1199,Rajma Chawal,Main,80,True
12406,1199,Chocolate Brownie,Dessert,95,True
12407,1199,Paneer Butter Masala,Main,135,True
12408,1199,Butter Naan,Main,85,True
12409,1199,Shahi Paneer,Main,125,True
12410,1199,Mango Lassi,Beverage,105,True
12411,1199,Dal Makhani,Main,105,True
12412,1199,Gulab Jamun,Dessert,100,False
12413,1199,Cold Coffee,Beverage,100,False
12414,1199,Chicken Curry,Main,110,False
12415,1199,Chole Bhature,Main,135,False
12416,1200,Pasta Alfredo,Main,160,True
12417,1200,Cold Coffee,Beverage,210,False
12418,1200,Gulab Jamun,Dessert,230,True
12419,1200,Croissant,Main,140,False
12420,1200,Veg Sandwich,Main,260,False
12421,1200,Club Sandwich,Main,250,True
12422,1200,Chocolate Shake,Main,230,True
12423,1200,Cappuccino,Main,150,True
12424,1200,Mango Lassi,Beverage,230,True
12425,1200,Masala Chai,Beverage,145,False
12426,1200,Chocolate Brownie,Dessert,155,False
12427,1201,Chilli Paneer,Main,165,False
12428,1201,Gulab Jamun,Dessert,150,False
12429,1201,Veg Hakka Noodles,Main,140,True
12430,1201,Chicken Momos,Main,160,False
12431,1201,Chocolate Brownie,Dessert,180,True
12432,1201,Veg Manchurian,Main,135,False
12433,1201,Chilli Chicken,Main,245,False
12434,1201,Fried Rice,Main,190,False
12435,1201,Mango Lassi,Beverage,185,True
12436,1201,Spring Roll,Main,145,False
12437,1201,Schezwan Noodles,Main,230,False
12438,1201,Cold Coffee,Beverage,130,True
12439,1201,Masala Chai,Beverage,120,False
12440,1202,Cold Coffee,Beverage,125,True
12441,1202,Veg Manchurian,Main,170,True
12442,1202,Spring Roll,Main,160,True
12443,1202,Chocolate Brownie,Dessert,255,False
12444,1202,Veg Hakka Noodles,Main,135,True
12445,1202,Chicken Momos,Main,210,True
12446,1202,Chilli Chicken,Main,200,False
12447,1202,Fried Rice,Main,245,True
12448,1202,Masala Chai,Beverage,185,True
12449,1202,Gulab Jamun,Dessert,115,False
12450,1202,Chilli Paneer,Main,260,False
12451,1202,Mango Lassi,Beverage,150,True
12452,1202,Schezwan Noodles,Main,150,False
12453,1203,Mango Lassi,Beverage,205,True
12454,1203,Grilled Chicken Bowl,Main,135,False
12455,1203,Quinoa Salad,Main,245,False
12456,1203,Chocolate Brownie,Dessert,260,True
12457,1203,Gulab Jamun,Dessert,205,True
12458,1203,Fruit Bowl,Main,160,True
12459,1203,Cold Coffee,Beverage,210,False
12460,1203,Sprout Salad,Main,195,False
12461,1203,Masala Chai,Beverage,165,True
12462,1204,French Fries,Main,395,True
12463,1204,Masala Chai,Beverage,510,False
12464,1204,Chocolate Brownie,Dessert,410,True
12465,1204,Veg Wrap,Main,460,False
12466,1204,Chicken Burger,Main,465,True
12467,1204,Nuggets,Main,430,True
12468,1204,Gulab Jamun,Dessert,250,False
12469,1204,Mango Lassi,Beverage,305,True
12470,1204,Cold Coffee,Beverage,495,False
12471,1204,Cheese Sandwich,Main,395,True
12472,1204,Peri Peri Fries,Main,470,True
12473,1204,Veg Burger,Main,395,True
12474,1205,Paneer Butter Masala,Main,65,True
12475,1205,Chole Bhature,Main,70,False
12476,1205,Rajma Chawal,Main,145,True
12477,1205,Butter Naan,Main,95,False
12478,1205,Chocolate Brownie,Dessert,110,False
12479,1205,Gulab Jamun,Dessert,80,True
12480,1205,Shahi Paneer,Main,90,False
12481,1205,Masala Chai,Beverage,145,False
12482,1205,Mango Lassi,Beverage,95,True
12483,1205,Cold Coffee,Beverage,140,True
12484,1205,Chicken Curry,Main,100,True
12485,1205,Dal Makhani,Main,120,True
12486,1206,Medu Vada,Main,85,False
12487,1206,Pongal,Main,90,True
12488,1206,Filter Coffee,Main,75,True
12489,1206,Idli Sambar,Main,75,False
12490,1206,Cold Coffee,Beverage,60,True
12491,1206,Mango Lassi,Beverage,145,False
12492,1206,Masala Chai,Beverage,145,False
12493,1206,Rava Dosa,Main,100,True
12494,1206,Masala Dosa,Main,135,True
12495,1206,Curd Rice,Main,70,False
12496,1206,Uttapam,Main,60,True
12497,1206,Gulab Jamun,Dessert,120,True
12498,1206,Chocolate Brownie,Dessert,65,False
12499,1207,Schezwan Noodles,Main,60,True
12500,1207,Chocolate Brownie,Dessert,100,True
12501,1207,Mango Lassi,Beverage,105,False
12502,1207,Masala Chai,Beverage,135,True
12503,1207,Chicken Momos,Main,100,False
12504,1207,Chilli Chicken,Main,110,True
12505,1207,Cold Coffee,Beverage,85,False
12506,1207,Chilli Paneer,Main,105,True
12507,1207,Veg Manchurian,Main,140,False
12508,1207,Fried Rice,Main,140,True
12509,1207,Spring Roll,Main,150,False
12510,1207,Gulab Jamun,Dessert,115,False
12511,1207,Veg Hakka Noodles,Main,100,True
12512,1208,Mango Lassi,Beverage,205,True
12513,1208,Fruit Bowl,Main,135,False
12514,1208,Grilled Chicken Bowl,Main,175,False
12515,1208,Chocolate Brownie,Dessert,160,False
12516,1208,Quinoa Salad,Main,210,False
12517,1208,Masala Chai,Beverage,200,True
12518,1208,Sprout Salad,Main,220,True
12519,1208,Gulab Jamun,Dessert,185,False
12520,1208,Cold Coffee,Beverage,245,False
12521,1209,Veg Biryani,Main,160,True
12522,1209,Mango Lassi,Beverage,210,True
12523,1209,Cold Coffee,Beverage,185,True
12524,1209,Mutton Biryani,Main,110,True
12525,1209,Chocolate Brownie,Dessert,140,False
12526,1209,Egg Biryani,Main,245,True
12527,1209,Chicken 65,Main,215,True
12528,1209,Boneless Biryani,Main,190,True
12529,1209,Gulab Jamun,Dessert,180,False
12530,1209,Hyderabadi Dum Biryani,Main,155,True
12531,1209,Chicken Biryani,Main,185,True
12532,1209,Masala Chai,Beverage,255,True
12533,1210,Cold Coffee,Beverage,140,False
12534,1210,Masala Chai,Beverage,145,True
12535,1210,Mango Lassi,Beverage,170,True
12536,1210,Medu Vada,Main,155,False
12537,1210,Uttapam,Main,160,True
12538,1210,Idli Sambar,Main,185,False
12539,1210,Filter Coffee,Main,150,False
12540,1210,Curd Rice,Main,120,True
12541,1210,Chocolate Brownie,Dessert,235,False
12542,1210,Masala Dosa,Main,210,True
12543,1210,Gulab Jamun,Dessert,120,True
12544,1210,Pongal,Main,250,True
12545,1211,Peri Peri Fries,Main,95,True
12546,1211,Gulab Jamun,Dessert,140,False
12547,1211,Chocolate Brownie,Dessert,145,False
12548,1211,French Fries,Main,105,False
12549,1211,Cheese Sandwich,Main,65,False
12550,1211,Chicken Burger,Main,80,True
12551,1211,Mango Lassi,Beverage,120,True
12552,1212,Chicken Biryani,Main,300,True
12553,1212,Mutton Biryani,Main,485,True
12554,1212,Cold Coffee,Beverage,450,True
12555,1212,Egg Biryani,Main,370,False
12556,1212,Mango Lassi,Beverage,285,True
12557,1212,Masala Chai,Beverage,515,True
12558,1212,Boneless Biryani,Main,270,True
12559,1212,Gulab Jamun,Dessert,475,False
12560,1212,Chicken 65,Main,415,False
12561,1213,Dal Makhani,Main,125,False
12562,1213,Gulab Jamun,Dessert,140,False
12563,1213,Cold Coffee,Beverage,215,True
12564,1213,Masala Chai,Beverage,115,True
12565,1213,Paneer Butter Masala,Main,190,True
12566,1213,Chocolate Brownie,Dessert,250,False
12567,1213,Rajma Chawal,Main,145,True
12568,1213,Tandoori Roti,Main,120,False
12569,1213,Chole Bhature,Main,240,True
12570,1213,Butter Naan,Main,195,True
12571,1213,Chicken Curry,Main,230,False
12572,1213,Shahi Paneer,Main,155,False
12573,1213,Mango Lassi,Beverage,145,True
12574,1214,Mango Lassi,Beverage,205,True
12575,1214,Masala Chai,Beverage,155,False
12576,1214,Croissant,Main,220,False
12577,1214,Pasta Alfredo,Main,245,True
12578,1214,Club Sandwich,Main,135,True
12579,1214,Gulab Jamun,Dessert,180,False
12580,1214,Cold Coffee,Beverage,230,True
12581,1214,Cappuccino,Main,250,True
12582,1214,Chocolate Brownie,Dessert,210,False
12583,1214,Chocolate Shake,Main,185,True
12584,1215,Chicken Curry,Main,70,True
12585,1215,Dal Makhani,Main,140,False
12586,1215,Rajma Chawal,Main,145,False
12587,1215,Chocolate Brownie,Dessert,85,False
12588,1215,Chole Bhature,Main,125,False
12589,1215,Gulab Jamun,Dessert,140,True
12590,1215,Cold Coffee,Beverage,90,True
12591,1215,Mango Lassi,Beverage,145,True
12592,1216,Club Sandwich,Main,130,False
12593,1216,Cappuccino,Main,130,True
12594,1216,Chocolate Shake,Main,100,False
12595,1216,Cold Coffee,Beverage,110,True
12596,1216,Gulab Jamun,Dessert,70,True
12597,1216,Veg Sandwich,Main,95,True
12598,1216,Croissant,Main,145,False
12599,1216,Masala Chai,Beverage,150,True
12600,1216,Mango Lassi,Beverage,120,True
12601,1216,Pasta Alfredo,Main,100,True
12602,1216,Chocolate Brownie,Dessert,115,True
12603,1217,Gajar Halwa,Dessert,65,True
12604,1217,Cold Coffee,Beverage,140,True
12605,1217,Choco Lava Cake,Dessert,70,True
12606,1217,Gulab Jamun,Dessert,80,True
12607,1217,Rasmalai,Dessert,95,False
12608,1217,Masala Chai,Beverage,65,False
12609,1217,Chocolate Brownie,Dessert,105,True
12610,1217,Ice Cream Tub,Dessert,125,False
12611,1217,Mango Lassi,Beverage,120,True
12612,1217,Chocolate Brownie,Dessert,135,False
12613,1217,Gulab Jamun,Dessert,100,True
12614,1218,Paneer Butter Masala,Main,150,True
12615,1218,Chicken Curry,Main,80,False
12616,1218,Mango Lassi,Beverage,145,False
12617,1218,Butter Naan,Main,95,False
12618,1218,Dal Makhani,Main,115,True
12619,1218,Shahi Paneer,Main,135,True
12620,1218,Gulab Jamun,Dessert,65,False
12621,1218,Cold Coffee,Beverage,135,False
12622,1218,Masala Chai,Beverage,75,True
12623,1218,Tandoori Roti,Main,130,False
12624,1218,Chocolate Brownie,Dessert,140,True
12625,1218,Rajma Chawal,Main,90,True
12626,1218,Chole Bhature,Main,85,False
12627,1219,Paneer Roll,Main,115,True
12628,1219,Chicken Roll,Main,150,True
12629,1219,Gulab Jamun,Dessert,235,False
12630,1219,Veg Frankie,Main,250,True
12631,1219,Masala Chai,Beverage,185,True
12632,1219,Mango Lassi,Beverage,240,True
12633,1219,Cold Coffee,Beverage,120,False
12634,1219,Chocolate Brownie,Dessert,185,True
12635,1220,Choco Lava Cake,Dessert,110,True
12636,1220,Gulab Jamun,Dessert,145,True
12637,1220,Chocolate Brownie,Dessert,125,True
12638,1220,Ice Cream Tub,Dessert,85,True
12639,1220,Gulab Jamun,Dessert,110,False
12640,1220,Gajar Halwa,Dessert,125,True
12641,1220,Mango Lassi,Beverage,140,False
12642,1220,Masala Chai,Beverage,130,True
12643,1220,Chocolate Brownie,Dessert,120,False
12644,1220,Rasmalai,Dessert,90,True
12645,1220,Cold Coffee,Beverage,110,False
12646,1221,Veg Burger,Main,65,False
12647,1221,Cold Coffee,Beverage,130,True
12648,1221,French Fries,Main,140,True
12649,1221,Chocolate Brownie,Dessert,130,False
12650,1221,Nuggets,Main,130,True
12651,1221,Peri Peri Fries,Main,120,True
12652,1221,Gulab Jamun,Dessert,95,True
12653,1221,Veg Wrap,Main,110,False
12654,1221,Chicken Burger,Main,80,True
12655,1221,Masala Chai,Beverage,145,True
12656,1221,Cheese Sandwich,Main,90,False
12657,1221,Mango Lassi,Beverage,100,True
12658,1222,Masala Chai,Beverage,90,True
12659,1222,Nuggets,Main,135,True
12660,1222,Chicken Burger,Main,95,True
12661,1222,Veg Wrap,Main,110,False
12662,1222,Cheese Sandwich,Main,90,False
12663,1222,Cold Coffee,Beverage,150,True
12664,1222,French Fries,Main,115,True
12665,1222,Peri Peri Fries,Main,80,True
12666,1222,Chocolate Brownie,Dessert,95,False
12667,1222,Veg Burger,Main,120,True
12668,1222,Gulab Jamun,Dessert,60,False
12669,1222,Mango Lassi,Beverage,145,True
12670,1223,Butter Naan,Main,115,True
12671,1223,Paneer Butter Masala,Main,110,True
12672,1223,Chocolate Brownie,Dessert,70,True
12673,1223,Tandoori Roti,Main,70,False
12674,1223,Rajma Chawal,Main,150,True
12675,1223,Shahi Paneer,Main,90,True
12676,1223,Mango Lassi,Beverage,115,True
12677,1223,Dal Makhani,Main,145,True
12678,1223,Chicken Curry,Main,105,True
12679,1223,Gulab Jamun,Dessert,95,True
12680,1223,Chole Bhature,Main,70,False
12681,1223,Cold Coffee,Beverage,110,False
12682,1223,Masala Chai,Beverage,95,True
12683,1224,Chicken Curry,Main,85,True
12684,1224,Dal Makhani,Main,150,False
12685,1224,Paneer Butter Masala,Main,80,False
12686,1224,Gulab Jamun,Dessert,90,False
12687,1224,Butter Naan,Main,80,True
12688,1224,Cold Coffee,Beverage,130,True
12689,1224,Rajma Chawal,Main,150,True
12690,1224,Tandoori Roti,Main,95,True
12691,1224,Mango Lassi,Beverage,130,True
12692,1224,Masala Chai,Beverage,115,True
12693,1225,Double Egg Roll,Main,95,True
12694,1225,Chicken Roll,Main,130,True
12695,1225,Paneer Roll,Main,135,False
12696,1225,Cold Coffee,Beverage,95,False
12697,1225,Veg Frankie,Main,140,True
12698,1225,Gulab Jamun,Dessert,125,False
12699,1225,Chocolate Brownie,Dessert,115,False
12700,1226,Dal Makhani,Main,140,False
12701,1226,Chocolate Brownie,Dessert,105,False
12702,1226,Chole Bhature,Main,80,True
12703,1226,Gulab Jamun,Dessert,80,True
12704,1226,Masala Chai,Beverage,135,False
12705,1226,Rajma Chawal,Main,125,True
12706,1226,Shahi Paneer,Main,145,True
12707,1226,Tandoori Roti,Main,90,True
12708,1226,Chicken Curry,Main,85,False
12709,1226,Paneer Butter Masala,Main,90,True
12710,1226,Mango Lassi,Beverage,95,True
12711,1226,Cold Coffee,Beverage,105,False
12712,1226,Butter Naan,Main,145,False
12713,1227,Mango Lassi,Beverage,155,False
12714,1227,Rava Dosa,Main,115,True
12715,1227,Medu Vada,Main,150,False
12716,1227,Masala Dosa,Main,235,True
12717,1227,Pongal,Main,155,True
12718,1227,Masala Chai,Beverage,120,True
12719,1227,Chocolate Brownie,Dessert,130,False
12720,1227,Gulab Jamun,Dessert,240,True
12721,1227,Uttapam,Main,245,True
12722,1227,Idli Sambar,Main,115,True
12723,1227,Filter Coffee,Main,110,True
12724,1227,Curd Rice,Main,150,True
12725,1227,Cold Coffee,Beverage,220,True
12726,1228,Hyderabadi Dum Biryani,Main,430,True
12727,1228,Masala Chai,Beverage,350,False
12728,1228,Mutton Biryani,Main,350,False
12729,1228,Mango Lassi,Beverage,400,False
12730,1228,Chicken Biryani,Main,285,False
12731,1228,Cold Coffee,Beverage,520,False
12732,1228,Egg Biryani,Main,300,True
12733,1228,Chicken 65,Main,270,True
12734,1228,Chocolate Brownie,Dessert,325,True
12735,1228,Boneless Biryani,Main,510,False
12736,1228,Veg Biryani,Main,440,False
12737,1228,Gulab Jamun,Dessert,340,False
12738,1229,Uttapam,Main,180,False
12739,1229,Medu Vada,Main,200,False
12740,1229,Masala Chai,Beverage,255,True
12741,1229,Pongal,Main,230,True
12742,1229,Masala Dosa,Main,220,True
12743,1229,Cold Coffee,Beverage,180,False
12744,1229,Mango Lassi,Beverage,215,False
12745,1229,Gulab Jamun,Dessert,190,True
12746,1230,Cold Coffee,Beverage,130,True
12747,1230,Ice Cream Tub,Dessert,125,True
12748,1230,Mango Lassi,Beverage,80,True
12749,1230,Gulab Jamun,Dessert,135,True
12750,1230,Chocolate Brownie,Dessert,150,True
12751,1230,Masala Chai,Beverage,125,True
12752,1230,Rasmalai,Dessert,150,True
12753,1230,Gulab Jamun,Dessert,95,False
12754,1230,Choco Lava Cake,Dessert,75,False
12755,1230,Chocolate Brownie,Dessert,140,False
12756,1230,Gajar Halwa,Dessert,130,True
12757,1231,Mango Lassi,Beverage,255,False
12758,1231,Rasmalai,Dessert,515,True
12759,1231,Chocolate Brownie,Dessert,415,False
12760,1231,Gulab Jamun,Dessert,410,False
12761,1231,Chocolate Brownie,Dessert,500,False
12762,1231,Ice Cream Tub,Dessert,360,True
12763,1231,Gulab Jamun,Dessert,350,True
12764,1231,Gajar Halwa,Dessert,250,False
12765,1231,Masala Chai,Beverage,490,False
12766,1232,Cold Coffee,Beverage,420,True
12767,1232,Cold Coffee,Beverage,315,False
12768,1232,Cold Drink,Beverage,440,False
12769,1232,Chocolate Brownie,Dessert,390,False
12770,1232,Masala Chai,Beverage,380,True
12771,1232,Mango Lassi,Beverage,365,True
12772,1232,Masala Chai,Beverage,395,True
12773,1232,Fresh Lime Soda,Beverage,315,True
12774,1232,Mango Lassi,Beverage,410,True
12775,1232,Buttermilk,Beverage,305,False
12776,1232,Gulab Jamun,Dessert,465,True
12777,1233,Gulab Jamun,Dessert,260,True
12778,1233,Shahi Paneer,Main,230,True
12779,1233,Chicken Curry,Main,230,True
12780,1233,Chocolate Brownie,Dessert,165,True
12781,1233,Dal Makhani,Main,165,False
12782,1233,Butter Naan,Main,230,True
12783,1233,Rajma Chawal,Main,175,True
12784,1233,Masala Chai,Beverage,110,True
12785,1233,Chole Bhature,Main,195,False
12786,1233,Paneer Butter Masala,Main,250,True
12787,1234,Mango Lassi,Beverage,70,False
12788,1234,Chocolate Brownie,Dessert,90,True
12789,1234,Gulab Jamun,Dessert,80,True
12790,1234,Hyderabadi Dum Biryani,Main,115,True
12791,1234,Boneless Biryani,Main,95,False
12792,1234,Masala Chai,Beverage,85,True
12793,1234,Veg Biryani,Main,135,True
12794,1234,Mutton Biryani,Main,130,True
12795,1234,Chicken 65,Main,90,False
12796,1234,Egg Biryani,Main,95,True
12797,1234,Cold Coffee,Beverage,120,True
12798,1234,Chicken Biryani,Main,105,False
12799,1235,Chocolate Brownie,Dessert,185,True
12800,1235,Cold Coffee,Beverage,195,False
12801,1235,Fresh Lime Soda,Beverage,235,True
12802,1235,Gulab Jamun,Dessert,165,True
12803,1235,Mango Lassi,Beverage,245,True
12804,1235,Masala Chai,Beverage,225,False
12805,1235,Buttermilk,Beverage,225,False
12806,1235,Cold Drink,Beverage,155,True
12807,1235,Cold Coffee,Beverage,135,True
12808,1235,Mango Lassi,Beverage,130,False
12809,1236,Cold Coffee,Beverage,330,True
12810,1236,Chocolate Brownie,Dessert,335,True
12811,1236,Schezwan Noodles,Main,420,True
12812,1236,Masala Chai,Beverage,485,False
12813,1236,Gulab Jamun,Dessert,360,False
12814,1236,Mango Lassi,Beverage,375,True
12815,1236,Spring Roll,Main,495,True
12816,1237,Farmhouse Pizza,Main,325,True
12817,1237,Mango Lassi,Beverage,505,True
12818,1237,Chocolate Brownie,Dessert,495,True
12819,1237,Cheese Burst Pizza,Main,340,False
12820,1237,Chicken Supreme Pizza,Main,495,True
12821,1237,Cold Coffee,Beverage,410,True
12822,1237,Masala Chai,Beverage,295,False
12823,1237,Peppy Paneer Pizza,Main,445,False
12824,1237,Garlic Bread,Main,280,True
12825,1237,Gulab Jamun,Dessert,415,True
12826,1238,Peri Peri Fries,Main,195,True
12827,1238,Cold Coffee,Beverage,115,True
12828,1238,Veg Burger,Main,120,False
12829,1238,Nuggets,Main,200,True
12830,1238,Mango Lassi,Beverage,160,True
12831,1238,Chocolate Brownie,Dessert,245,True
12832,1238,Cheese Sandwich,Main,165,False
12833,1238,Gulab Jamun,Dessert,140,True
12834,1238,Veg Wrap,Main,230,True
12835,1239,Chilli Chicken,Main,175,True
12836,1239,Schezwan Noodles,Main,195,True
12837,1239,Gulab Jamun,Dessert,130,True
12838,1239,Mango Lassi,Beverage,155,False
12839,1239,Cold Coffee,Beverage,140,True
12840,1239,Masala Chai,Beverage,120,False
12841,1239,Fried Rice,Main,240,False
12842,1239,Chilli Paneer,Main,245,False
12843,1239,Spring Roll,Main,255,True
12844,1239,Veg Hakka Noodles,Main,210,True
12845,1239,Chocolate Brownie,Dessert,240,True
12846,1239,Chicken Momos,Main,210,True
12847,1239,Veg Manchurian,Main,200,False
12848,1240,Mango Lassi,Beverage,410,False
12849,1240,Chicken Momos,Main,435,False
12850,1240,Chilli Chicken,Main,270,False
12851,1240,Chilli Paneer,Main,275,True
12852,1240,Masala Chai,Beverage,260,False
12853,1240,Chocolate Brownie,Dessert,420,True
12854,1240,Veg Manchurian,Main,490,False
12855,1240,Veg Hakka Noodles,Main,465,False
12856,1240,Gulab Jamun,Dessert,405,True
12857,1240,Fried Rice,Main,370,True
12858,1241,Gulab Jamun,Dessert,85,True
12859,1241,Peppy Paneer Pizza,Main,145,True
12860,1241,Mango Lassi,Beverage,70,False
12861,1241,Masala Chai,Beverage,145,True
12862,1241,Cold Coffee,Beverage,85,True
12863,1241,Chicken Supreme Pizza,Main,70,True
12864,1241,Margherita Pizza,Main,105,False
12865,1241,Garlic Bread,Main,75,False
12866,1241,Chocolate Brownie,Dessert,90,True
12867,1241,Farmhouse Pizza,Main,85,True
12868,1241,Cheese Burst Pizza,Main,75,True
12869,1242,Gulab Jamun,Dessert,85,True
12870,1242,Masala Chai,Beverage,95,False
12871,1242,Butter Naan,Main,75,True
12872,1242,Cold Coffee,Beverage,120,True
12873,1242,Tandoori Roti,Main,110,True
12874,1242,Paneer Butter Masala,Main,140,False
12875,1242,Dal Makhani,Main,70,False
12876,1242,Chocolate Brownie,Dessert,65,False
12877,1242,Chole Bhature,Main,70,True
12878,1242,Shahi Paneer,Main,135,True
12879,1242,Rajma Chawal,Main,145,False
12880,1243,Gulab Jamun,Dessert,325,True
12881,1243,Club Sandwich,Main,240,False
12882,1243,Pasta Alfredo,Main,440,True
12883,1243,Veg Sandwich,Main,290,False
12884,1243,Masala Chai,Beverage,340,True
12885,1243,Chocolate Shake,Main,285,True
12886,1243,Cappuccino,Main,350,True
12887,1243,Mango Lassi,Beverage,300,True
12888,1243,Croissant,Main,300,False
12889,1243,Cold Coffee,Beverage,405,True
12890,1243,Chocolate Brownie,Dessert,300,True
12891,1244,Nuggets,Main,60,False
12892,1244,Chicken Burger,Main,80,False
12893,1244,Gulab Jamun,Dessert,140,False
12894,1244,French Fries,Main,135,False
12895,1244,Cheese Sandwich,Main,80,True
12896,1244,Veg Burger,Main,95,True
12897,1245,Paneer Butter Masala,Main,175,False
12898,1245,Tandoori Roti,Main,140,False
12899,1245,Butter Naan,Main,220,True
12900,1245,Mango Lassi,Beverage,200,True
12901,1245,Chicken Curry,Main,190,False
12902,1245,Rajma Chawal,Main,165,False
12903,1245,Gulab Jamun,Dessert,220,False
12904,1246,Chocolate Brownie,Dessert,145,False
12905,1246,Gulab Jamun,Dessert,145,True
12906,1246,Double Egg Roll,Main,90,True
12907,1246,Masala Chai,Beverage,70,True
12908,1246,Chicken Roll,Main,120,True
12909,1246,Cold Coffee,Beverage,140,True
12910,1246,Paneer Roll,Main,120,True
12911,1246,Veg Frankie,Main,125,True
12912,1246,Egg Roll,Main,65,True
12913,1246,Mango Lassi,Beverage,80,True
12914,1247,Hyderabadi Dum Biryani,Main,120,True
12915,1247,Egg Biryani,Main,125,True
12916,1247,Chocolate Brownie,Dessert,65,True
12917,1247,Masala Chai,Beverage,65,True
12918,1247,Mango Lassi,Beverage,110,False
12919,1247,Chicken Biryani,Main,150,False
12920,1247,Veg Biryani,Main,135,True
12921,1247,Mutton Biryani,Main,100,True
12922,1247,Chicken 65,Main,115,True
12923,1247,Boneless Biryani,Main,120,True
12924,1247,Gulab Jamun,Dessert,120,False
12925,1247,Cold Coffee,Beverage,85,False
12926,1248,Rava Dosa,Main,140,False
12927,1248,Cold Coffee,Beverage,135,True
12928,1248,Medu Vada,Main,130,True
12929,1248,Gulab Jamun,Dessert,115,True
12930,1248,Uttapam,Main,100,False
12931,1248,Curd Rice,Main,60,True
12932,1249,Chocolate Brownie,Dessert,120,False
12933,1249,Pani Puri,Main,135,True
12934,1249,Mango Lassi,Beverage,245,True
12935,1249,Gulab Jamun,Dessert,200,False
12936,1249,Masala Chai,Beverage,195,True
12937,1249,Pav Bhaji,Main,190,True
12938,1249,Cold Coffee,Beverage,170,True
12939,1249,Samosa,Main,225,False
12940,1249,Vada Pav,Main,140,False
12941,1249,Dahi Puri,Main,230,True
12942,1249,Kachori,Main,250,True
12943,1250,Cold Coffee,Beverage,260,False
12944,1250,Gulab Jamun,Dessert,190,False
12945,1250,Paneer Roll,Main,140,True
12946,1250,Mango Lassi,Beverage,115,True
12947,1250,Chocolate Brownie,Dessert,135,False
12948,1250,Masala Chai,Beverage,215,False
12949,1250,Veg Frankie,Main,225,True
12950,1251,Veg Burger,Main,240,True
12951,1251,Chicken Burger,Main,110,False
12952,1251,French Fries,Main,130,True
12953,1251,Chocolate Brownie,Dessert,195,True
12954,1251,Cold Coffee,Beverage,240,True
12955,1251,Peri Peri Fries,Main,160,False
12956,1251,Masala Chai,Beverage,125,False
12957,1251,Veg Wrap,Main,115,False
12958,1251,Mango Lassi,Beverage,170,False
12959,1251,Cheese Sandwich,Main,120,False
12960,1251,Nuggets,Main,160,True
12961,1251,Gulab Jamun,Dessert,135,True
12962,1252,Mango Lassi,Beverage,90,True
12963,1252,Cold Coffee,Beverage,150,False
12964,1252,Chocolate Brownie,Dessert,75,False
12965,1252,Gulab Jamun,Dessert,125,False
12966,1252,Fresh Lime Soda,Beverage,110,True
12967,1252,Masala Chai,Beverage,85,True
12968,1252,Mango Lassi,Beverage,65,False
12969,1252,Masala Chai,Beverage,125,False
12970,1252,Buttermilk,Beverage,120,True
12971,1252,Cold Coffee,Beverage,65,True
12972,1252,Cold Drink,Beverage,110,False
12973,1253,Chocolate Brownie,Dessert,435,False
12974,1253,Peri Peri Fries,Main,345,True
12975,1253,Masala Chai,Beverage,450,True
12976,1253,Cheese Sandwich,Main,330,False
12977,1253,Cold Coffee,Beverage,435,True
12978,1253,Veg Wrap,Main,380,False
12979,1253,French Fries,Main,355,True
12980,1253,Gulab Jamun,Dessert,415,True
12981,1254,Cold Coffee,Beverage,210,True
12982,1254,Gulab Jamun,Dessert,225,False
12983,1254,Egg Biryani,Main,245,True
12984,1254,Chocolate Brownie,Dessert,195,False
12985,1254,Masala Chai,Beverage,195,True
12986,1254,Boneless Biryani,Main,180,False
12987,1254,Chicken 65,Main,250,True
12988,1254,Hyderabadi Dum Biryani,Main,145,True
12989,1254,Mutton Biryani,Main,140,True
12990,1255,Masala Chai,Beverage,500,True
12991,1255,Uttapam,Main,320,True
12992,1255,Gulab Jamun,Dessert,345,False
12993,1255,Idli Sambar,Main,355,False
12994,1255,Curd Rice,Main,295,False
12995,1255,Chocolate Brownie,Dessert,445,True
12996,1255,Medu Vada,Main,290,True
12997,1255,Masala Dosa,Main,405,False
12998,1255,Mango Lassi,Beverage,460,True
12999,1256,Butter Naan,Main,65,True
13000,1256,Masala Chai,Beverage,70,False
13001,1256,Dal Makhani,Main,145,False
13002,1256,Shahi Paneer,Main,65,True
13003,1256,Mango Lassi,Beverage,100,True
13004,1256,Chocolate Brownie,Dessert,110,True
13005,1256,Cold Coffee,Beverage,80,False
13006,1256,Tandoori Roti,Main,125,False
13007,1256,Chicken Curry,Main,105,True
13008,1256,Chole Bhature,Main,95,True
13009,1256,Rajma Chawal,Main,150,False
13010,1256,Paneer Butter Masala,Main,105,False
13011,1256,Gulab Jamun,Dessert,150,True
13012,1257,Gulab Jamun,Dessert,145,True
13013,1257,Mango Lassi,Beverage,110,True
13014,1257,Masala Chai,Beverage,150,False
13015,1257,Boneless Biryani,Main,135,True
13016,1257,Egg Biryani,Main,105,False
13017,1257,Cold Coffee,Beverage,65,True
13018,1257,Mutton Biryani,Main,145,False
13019,1258,Chicken Biryani,Main,310,True
13020,1258,Masala Chai,Beverage,270,False
13021,1258,Egg Biryani,Main,305,True
13022,1258,Mango Lassi,Beverage,295,True
13023,1258,Veg Biryani,Main,280,True
13024,1258,Boneless Biryani,Main,515,True
13025,1258,Chicken 65,Main,400,False
13026,1258,Mutton Biryani,Main,515,True
13027,1258,Hyderabadi Dum Biryani,Main,325,True
13028,1258,Chocolate Brownie,Dessert,415,True
13029,1258,Cold Coffee,Beverage,330,False
13030,1258,Gulab Jamun,Dessert,355,True
13031,1259,Cold Coffee,Beverage,255,False
13032,1259,Chocolate Brownie,Dessert,175,True
13033,1259,Masala Chai,Beverage,185,True
13034,1259,Double Egg Roll,Main,250,False
13035,1259,Gulab Jamun,Dessert,150,True
13036,1259,Egg Roll,Main,110,True
13037,1259,Paneer Roll,Main,175,True
13038,1259,Chicken Roll,Main,110,True
13039,1259,Mango Lassi,Beverage,150,True
13040,1259,Veg Frankie,Main,160,True
13041,1260,Chocolate Brownie,Dessert,135,True
13042,1260,Egg Biryani,Main,110,True
13043,1260,Chicken 65,Main,95,True
13044,1260,Boneless Biryani,Main,135,True
13045,1260,Cold Coffee,Beverage,110,True
13046,1260,Mango Lassi,Beverage,105,False
13047,1260,Mutton Biryani,Main,140,True
13048,1261,Mango Lassi,Beverage,205,True
13049,1261,Nuggets,Main,230,True
13050,1261,Cheese Sandwich,Main,140,False
13051,1261,Veg Burger,Main,245,False
13052,1261,Chicken Burger,Main,255,False
13053,1261,Cold Coffee,Beverage,180,False
13054,1261,Veg Wrap,Main,220,True
13055,1261,Chocolate Brownie,Dessert,170,False
13056,1262,Fresh Lime Soda,Beverage,155,True
13057,1262,Buttermilk,Beverage,215,True
13058,1262,Chocolate Brownie,Dessert,240,False
13059,1262,Cold Drink,Beverage,160,True
13060,1262,Mango Lassi,Beverage,230,False
13061,1262,Masala Chai,Beverage,225,False
13062,1262,Cold Coffee,Beverage,230,False
13063,1263,Chocolate Brownie,Dessert,90,True
13064,1263,Gulab Jamun,Dessert,105,True
13065,1263,Masala Chai,Beverage,125,True
13066,1263,Cold Coffee,Beverage,120,False
13067,1263,Mango Lassi,Beverage,125,False
13068,1263,Quinoa Salad,Main,140,False
13069,1263,Fruit Bowl,Main,125,True
13070,1263,Sprout Salad,Main,75,False
13071,1263,Grilled Chicken Bowl,Main,115,True
13072,1264,Veg Manchurian,Main,215,True
13073,1264,Chocolate Brownie,Dessert,235,False
13074,1264,Gulab Jamun,Dessert,130,False
13075,1264,Masala Chai,Beverage,145,True
13076,1264,Chilli Chicken,Main,130,False
13077,1264,Schezwan Noodles,Main,245,True
13078,1264,Fried Rice,Main,150,True
13079,1264,Spring Roll,Main,135,True
13080,1264,Veg Hakka Noodles,Main,195,False
13081,1264,Chicken Momos,Main,250,True
13082,1264,Cold Coffee,Beverage,140,False
13083,1264,Chilli Paneer,Main,215,True
13084,1264,Mango Lassi,Beverage,255,True
13085,1265,Mutton Rogan Josh,Main,105,False
13086,1265,Gulab Jamun,Dessert,110,False
13087,1265,Chocolate Brownie,Dessert,125,True
13088,1265,Chicken Korma,Main,80,False
13089,1265,Masala Chai,Beverage,90,True
13090,1265,Cold Coffee,Beverage,95,True
13091,1265,Galouti Kebab,Main,145,False
13092,1265,Mango Lassi,Beverage,125,True
13093,1265,Seekh Kebab,Main,100,True
13094,1266,Chocolate Brownie,Dessert,130,True
13095,1266,Gulab Jamun,Dessert,125,True
13096,1266,Chocolate Brownie,Dessert,130,False
13097,1266,Gulab Jamun,Dessert,135,False
13098,1266,Rasmalai,Dessert,105,False
13099,1266,Choco Lava Cake,Dessert,95,False
13100,1266,Mango Lassi,Beverage,135,True
13101,1266,Gajar Halwa,Dessert,95,False
13102,1266,Masala Chai,Beverage,85,True
13103,1266,Cold Coffee,Beverage,65,False
13104,1266,Ice Cream Tub,Dessert,95,True
13105,1267,Mango Lassi,Beverage,445,True
13106,1267,Paneer Butter Masala,Main,455,True
13107,1267,Chocolate Brownie,Dessert,290,True
13108,1267,Rajma Chawal,Main,480,False
13109,1267,Cold Coffee,Beverage,350,True
13110,1267,Shahi Paneer,Main,500,True
13111,1267,Butter Naan,Main,280,True
13112,1267,Tandoori Roti,Main,310,False
13113,1267,Chole Bhature,Main,415,True
13114,1267,Gulab Jamun,Dessert,455,False
13115,1267,Dal Makhani,Main,310,True
13116,1267,Masala Chai,Beverage,285,True
13117,1267,Chicken Curry,Main,250,True
13118,1268,Schezwan Noodles,Main,195,True
13119,1268,Mango Lassi,Beverage,180,False
13120,1268,Veg Manchurian,Main,130,True
13121,1268,Chilli Chicken,Main,160,False
13122,1268,Chocolate Brownie,Dessert,115,True
13123,1268,Chicken Momos,Main,150,True
13124,1268,Cold Coffee,Beverage,170,True
13125,1268,Fried Rice,Main,195,True
13126,1268,Spring Roll,Main,250,True
13127,1268,Masala Chai,Beverage,135,True
13128,1268,Gulab Jamun,Dessert,230,True
13129,1268,Chilli Paneer,Main,165,False
13130,1268,Veg Hakka Noodles,Main,110,False
13131,1269,Masala Chai,Beverage,500,True
13132,1269,Cold Coffee,Beverage,380,False
13133,1269,Uttapam,Main,290,True
13134,1269,Pongal,Main,310,True
13135,1269,Curd Rice,Main,335,True
13136,1269,Gulab Jamun,Dessert,315,False
13137,1269,Chocolate Brownie,Dessert,385,False
13138,1269,Idli Sambar,Main,320,True
13139,1270,Margherita Pizza,Main,185,False
13140,1270,Chocolate Brownie,Dessert,230,True
13141,1270,Cold Coffee,Beverage,200,False
13142,1270,Peppy Paneer Pizza,Main,170,True
13143,1270,Masala Chai,Beverage,240,False
13144,1270,Cheese Burst Pizza,Main,135,True
13145,1270,Chicken Supreme Pizza,Main,145,False
13146,1270,Garlic Bread,Main,255,True
13147,1270,Gulab Jamun,Dessert,250,True
13148,1270,Farmhouse Pizza,Main,170,True
13149,1270,Mango Lassi,Beverage,260,True
13150,1271,Mango Lassi,Beverage,405,True
13151,1271,French Fries,Main,290,True
13152,1271,Cold Coffee,Beverage,280,False
13153,1271,Chocolate Brownie,Dessert,250,False
13154,1271,Cheese Sandwich,Main,430,True
13155,1271,Veg Wrap,Main,370,True
13156,1272,Chicken Biryani,Main,215,True
13157,1272,Boneless Biryani,Main,215,True
13158,1272,Mutton Biryani,Main,140,True
13159,1272,Chicken 65,Main,250,True
13160,1272,Cold Coffee,Beverage,130,True
13161,1272,Hyderabadi Dum Biryani,Main,160,False
13162,1272,Veg Biryani,Main,170,True
13163,1272,Mango Lassi,Beverage,255,False
13164,1272,Egg Biryani,Main,245,False
13165,1272,Masala Chai,Beverage,165,False
13166,1272,Gulab Jamun,Dessert,200,True
13167,1272,Chocolate Brownie,Dessert,190,False
13168,1273,Gulab Jamun,Dessert,165,False
13169,1273,Choco Lava Cake,Dessert,195,True
13170,1273,Masala Chai,Beverage,125,True
13171,1273,Cold Coffee,Beverage,115,True
13172,1273,Gulab Jamun,Dessert,245,False
13173,1273,Ice Cream Tub,Dessert,145,True
13174,1273,Gajar Halwa,Dessert,185,True
13175,1273,Chocolate Brownie,Dessert,195,True
13176,1273,Rasmalai,Dessert,170,False
13177,1273,Chocolate Brownie,Dessert,180,False
13178,1273,Mango Lassi,Beverage,190,True
13179,1274,Gulab Jamun,Dessert,125,False
13180,1274,Fried Rice,Main,105,False
13181,1274,Chilli Paneer,Main,135,True
13182,1274,Chilli Chicken,Main,145,True
13183,1274,Schezwan Noodles,Main,145,True
13184,1274,Chocolate Brownie,Dessert,70,True
13185,1274,Chicken Momos,Main,65,True
13186,1274,Masala Chai,Beverage,90,True
13187,1274,Spring Roll,Main,75,True
13188,1274,Mango Lassi,Beverage,115,True
13189,1274,Veg Hakka Noodles,Main,110,True
13190,1274,Cold Coffee,Beverage,90,True
13191,1274,Veg Manchurian,Main,115,False
13192,1275,Spring Roll,Main,215,False
13193,1275,Veg Hakka Noodles,Main,235,True
13194,1275,Cold Coffee,Beverage,230,True
13195,1275,Masala Chai,Beverage,170,True
13196,1275,Mango Lassi,Beverage,120,True
13197,1275,Chilli Paneer,Main,195,True
13198,1275,Fried Rice,Main,170,False
13199,1275,Chocolate Brownie,Dessert,245,True
13200,1275,Schezwan Noodles,Main,250,True
13201,1275,Chicken Momos,Main,135,False
13202,1275,Veg Manchurian,Main,125,False
13203,1275,Chilli Chicken,Main,215,False
13204,1276,Pasta Alfredo,Main,235,True
13205,1276,Cold Coffee,Beverage,215,True
13206,1276,Chocolate Brownie,Dessert,250,False
13207,1276,Cappuccino,Main,230,False
13208,1276,Croissant,Main,130,True
13209,1276,Club Sandwich,Main,115,False
13210,1276,Gulab Jamun,Dessert,215,True
13211,1276,Chocolate Shake,Main,240,True
13212,1276,Veg Sandwich,Main,145,False
13213,1276,Mango Lassi,Beverage,205,True
13214,1276,Masala Chai,Beverage,235,True
13215,1277,Dahi Puri,Main,155,False
13216,1277,Cold Coffee,Beverage,165,False
13217,1277,Kachori,Main,145,True
13218,1277,Pav Bhaji,Main,210,False
13219,1277,Mango Lassi,Beverage,155,False
13220,1277,Pani Puri,Main,200,False
13221,1277,Samosa,Main,200,True
13222,1277,Gulab Jamun,Dessert,145,False
13223,1277,Masala Chai,Beverage,220,False
13224,1277,Vada Pav,Main,140,True
13225,1277,Chocolate Brownie,Dessert,220,False
13226,1278,Rasmalai,Dessert,75,False
13227,1278,Masala Chai,Beverage,135,True
13228,1278,Gajar Halwa,Dessert,90,False
13229,1278,Ice Cream Tub,Dessert,115,True
13230,1278,Chocolate Brownie,Dessert,145,True
13231,1278,Gulab Jamun,Dessert,90,True
13232,1278,Choco Lava Cake,Dessert,80,True
13233,1278,Cold Coffee,Beverage,135,True
13234,1278,Mango Lassi,Beverage,105,True
13235,1278,Gulab Jamun,Dessert,130,False
13236,1278,Chocolate Brownie,Dessert,65,True
13237,1279,Pongal,Main,115,False
13238,1279,Masala Dosa,Main,90,False
13239,1279,Uttapam,Main,135,True
13240,1279,Chocolate Brownie,Dessert,85,False
13241,1279,Idli Sambar,Main,90,False
13242,1279,Gulab Jamun,Dessert,145,True
13243,1279,Masala Chai,Beverage,105,False
13244,1279,Mango Lassi,Beverage,110,True
13245,1279,Rava Dosa,Main,130,True
13246,1279,Cold Coffee,Beverage,105,False
13247,1280,Paneer Butter Masala,Main,310,False
13248,1280,Chocolate Brownie,Dessert,360,True
13249,1280,Gulab Jamun,Dessert,295,False
13250,1280,Butter Naan,Main,425,True
13251,1280,Mango Lassi,Beverage,380,False
13252,1280,Chole Bhature,Main,440,True
13253,1280,Dal Makhani,Main,300,True
13254,1280,Shahi Paneer,Main,410,True
13255,1280,Cold Coffee,Beverage,500,True
13256,1280,Tandoori Roti,Main,400,True
13257,1280,Chicken Curry,Main,340,True
13258,1280,Masala Chai,Beverage,410,True
13259,1280,Rajma Chawal,Main,280,True
13260,1281,Mango Lassi,Beverage,300,True
13261,1281,Masala Dosa,Main,270,True
13262,1281,Rava Dosa,Main,515,True
13263,1281,Uttapam,Main,405,True
13264,1281,Pongal,Main,260,False
13265,1281,Curd Rice,Main,345,False
13266,1281,Medu Vada,Main,345,True
13267,1281,Idli Sambar,Main,445,False
13268,1281,Masala Chai,Beverage,495,False
13269,1281,Gulab Jamun,Dessert,245,False
13270,1281,Chocolate Brownie,Dessert,395,True
13271,1282,Gulab Jamun,Dessert,85,False
13272,1282,Mango Lassi,Beverage,65,True
13273,1282,Cold Coffee,Beverage,125,False
13274,1282,Veg Biryani,Main,60,False
13275,1282,Hyderabadi Dum Biryani,Main,140,True
13276,1282,Egg Biryani,Main,65,True
13277,1283,Masala Chai,Beverage,230,False
13278,1283,Pongal,Main,190,True
13279,1283,Mango Lassi,Beverage,235,True
13280,1283,Chocolate Brownie,Dessert,130,False
13281,1283,Rava Dosa,Main,140,True
13282,1283,Cold Coffee,Beverage,140,True
13283,1283,Medu Vada,Main,150,True
13284,1283,Filter Coffee,Main,140,False
13285,1284,Chocolate Brownie,Dessert,140,False
13286,1284,Seekh Kebab,Main,135,True
13287,1284,Cold Coffee,Beverage,225,True
13288,1284,Galouti Kebab,Main,260,False
13289,1284,Mango Lassi,Beverage,160,True
13290,1284,Gulab Jamun,Dessert,135,True
13291,1284,Masala Chai,Beverage,155,True
13292,1284,Chicken Korma,Main,225,False
13293,1284,Mutton Rogan Josh,Main,165,True
13294,1285,Chocolate Brownie,Dessert,140,True
13295,1285,Mango Lassi,Beverage,225,True
13296,1285,Gulab Jamun,Dessert,145,False
13297,1285,Peppy Paneer Pizza,Main,210,False
13298,1285,Chicken Supreme Pizza,Main,115,False
13299,1285,Garlic Bread,Main,225,True
13300,1285,Margherita Pizza,Main,175,True
13301,1285,Masala Chai,Beverage,240,False
13302,1285,Farmhouse Pizza,Main,220,False
13303,1285,Cold Coffee,Beverage,155,True
13304,1285,Cheese Burst Pizza,Main,175,False
13305,1286,Cold Coffee,Beverage,100,True
13306,1286,Chicken Biryani,Main,70,True
13307,1286,Boneless Biryani,Main,95,True
13308,1286,Hyderabadi Dum Biryani,Main,70,True
13309,1286,Veg Biryani,Main,70,True
13310,1286,Gulab Jamun,Dessert,150,True
13311,1286,Mutton Biryani,Main,110,True
13312,1286,Mango Lassi,Beverage,70,False
13313,1286,Egg Biryani,Main,125,True
13314,1286,Chocolate Brownie,Dessert,75,False
13315,1286,Chicken 65,Main,90,True
13316,1287,Veg Hakka Noodles,Main,195,False
13317,1287,Masala Chai,Beverage,215,True
13318,1287,Mango Lassi,Beverage,190,True
13319,1287,Schezwan Noodles,Main,210,True
13320,1287,Chocolate Brownie,Dessert,200,True
13321,1287,Fried Rice,Main,230,True
13322,1287,Chilli Chicken,Main,190,True
13323,1287,Spring Roll,Main,110,True
13324,1287,Chilli Paneer,Main,225,False
13325,1287,Chicken Momos,Main,115,False
13326,1287,Cold Coffee,Beverage,220,True
13327,1288,Chocolate Brownie,Dessert,75,True
13328,1288,Schezwan Noodles,Main,130,False
13329,1288,Cold Coffee,Beverage,70,True
13330,1288,Gulab Jamun,Dessert,125,True
13331,1288,Chilli Paneer,Main,70,True
13332,1288,Chicken Momos,Main,145,False
13333,1288,Fried Rice,Main,90,True
13334,1288,Veg Hakka Noodles,Main,140,False
13335,1288,Masala Chai,Beverage,110,False
13336,1288,Spring Roll,Main,130,True
13337,1288,Veg Manchurian,Main,95,False
13338,1288,Chilli Chicken,Main,80,True
13339,1288,Mango Lassi,Beverage,70,True
13340,1289,Chicken 65,Main,130,True
13341,1289,Boneless Biryani,Main,125,True
13342,1289,Veg Biryani,Main,130,False
13343,1289,Egg Biryani,Main,100,True
13344,1289,Chicken Biryani,Main,125,False
13345,1289,Chocolate Brownie,Dessert,75,False
13346,1289,Masala Chai,Beverage,60,False
13347,1289,Gulab Jamun,Dessert,130,False
13348,1289,Mutton Biryani,Main,70,True
13349,1289,Mango Lassi,Beverage,100,True
13350,1289,Cold Coffee,Beverage,65,True
13351,1289,Hyderabadi Dum Biryani,Main,65,True
13352,1290,Chocolate Brownie,Dessert,480,False
13353,1290,Cold Coffee,Beverage,455,True
13354,1290,Veg Frankie,Main,510,True
13355,1290,Paneer Roll,Main,280,True
13356,1290,Masala Chai,Beverage,430,True
13357,1290,Gulab Jamun,Dessert,460,True
13358,1290,Egg Roll,Main,305,True
13359,1291,Chicken Curry,Main,250,True
13360,1291,Chole Bhature,Main,130,True
13361,1291,Chocolate Brownie,Dessert,175,True
13362,1291,Rajma Chawal,Main,140,True
13363,1291,Cold Coffee,Beverage,150,False
13364,1291,Mango Lassi,Beverage,180,False
13365,1291,Tandoori Roti,Main,235,True
13366,1291,Paneer Butter Masala,Main,235,True
13367,1291,Butter Naan,Main,205,False
13368,1291,Gulab Jamun,Dessert,205,True
13369,1291,Dal Makhani,Main,210,True
13370,1291,Shahi Paneer,Main,155,True
13371,1291,Masala Chai,Beverage,130,False
13372,1292,Mango Lassi,Beverage,95,False
13373,1292,Buttermilk,Beverage,150,True
13374,1292,Cold Coffee,Beverage,115,True
13375,1292,Fresh Lime Soda,Beverage,95,True
13376,1292,Masala Chai,Beverage,80,True
13377,1292,Cold Drink,Beverage,65,True
13378,1292,Gulab Jamun,Dessert,65,True
13379,1292,Mango Lassi,Beverage,100,True
13380,1292,Masala Chai,Beverage,60,True
13381,1292,Chocolate Brownie,Dessert,85,True
13382,1292,Cold Coffee,Beverage,80,True
13383,1293,Chole Bhature,Main,70,True
13384,1293,Rajma Chawal,Main,130,True
13385,1293,Chocolate Brownie,Dessert,115,False
13386,1293,Mango Lassi,Beverage,65,True
13387,1293,Butter Naan,Main,85,True
13388,1293,Shahi Paneer,Main,70,True
13389,1293,Masala Chai,Beverage,120,False
13390,1293,Tandoori Roti,Main,70,True
13391,1293,Paneer Butter Masala,Main,125,False
13392,1293,Dal Makhani,Main,100,True
13393,1293,Cold Coffee,Beverage,130,True
13394,1293,Gulab Jamun,Dessert,75,True
13395,1293,Chicken Curry,Main,95,False
13396,1294,Masala Chai,Beverage,105,True
13397,1294,Rava Dosa,Main,120,True
13398,1294,Uttapam,Main,65,True
13399,1294,Mango Lassi,Beverage,65,False
13400,1294,Masala Dosa,Main,100,False
13401,1294,Gulab Jamun,Dessert,115,True
13402,1294,Pongal,Main,75,True
13403,1295,Gulab Jamun,Dessert,155,True
13404,1295,Masala Chai,Beverage,225,False
13405,1295,Sprout Salad,Main,150,False
13406,1295,Chocolate Brownie,Dessert,225,True
13407,1295,Mango Lassi,Beverage,185,True
13408,1295,Grilled Chicken Bowl,Main,135,True
13409,1295,Quinoa Salad,Main,135,False
13410,1295,Cold Coffee,Beverage,175,False
13411,1295,Fruit Bowl,Main,190,False
13412,1296,Uttapam,Main,80,True
13413,1296,Medu Vada,Main,120,True
13414,1296,Rava Dosa,Main,130,False
13415,1296,Pongal,Main,65,False
13416,1296,Masala Dosa,Main,150,False
13417,1296,Gulab Jamun,Dessert,80,False
13418,1296,Idli Sambar,Main,100,True
13419,1297,Masala Chai,Beverage,220,True
13420,1297,Tandoori Roti,Main,185,True
13421,1297,Mango Lassi,Beverage,225,False
13422,1297,Chole Bhature,Main,130,True
13423,1297,Cold Coffee,Beverage,215,True
13424,1297,Shahi Paneer,Main,250,True
13425,1297,Paneer Butter Masala,Main,220,False
13426,1297,Gulab Jamun,Dessert,225,False
13427,1297,Chicken Curry,Main,245,False
13428,1297,Rajma Chawal,Main,230,True
13429,1297,Butter Naan,Main,120,True
13430,1297,Chocolate Brownie,Dessert,180,False
13431,1297,Dal Makhani,Main,210,False
13432,1298,Cold Coffee,Beverage,400,False
13433,1298,Masala Chai,Beverage,490,False
13434,1298,Garlic Bread,Main,485,False
13435,1298,Chicken Supreme Pizza,Main,250,True
13436,1298,Margherita Pizza,Main,350,True
13437,1298,Mango Lassi,Beverage,265,True
13438,1298,Gulab Jamun,Dessert,505,True
13439,1298,Farmhouse Pizza,Main,455,True
13440,1298,Chocolate Brownie,Dessert,305,False
13441,1298,Peppy Paneer Pizza,Main,320,False
13442,1298,Cheese Burst Pizza,Main,240,True
13443,1299,Mango Lassi,Beverage,125,True
13444,1299,Cold Coffee,Beverage,60,True
13445,1299,Gulab Jamun,Dessert,135,False
13446,1299,Chicken 65,Main,100,True
13447,1299,Boneless Biryani,Main,90,True
13448,1299,Chocolate Brownie,Dessert,105,True
13449,1299,Veg Biryani,Main,120,True
13450,1299,Chicken Biryani,Main,120,False
13451,1299,Hyderabadi Dum Biryani,Main,140,True
13452,1299,Mutton Biryani,Main,145,False
13453,1299,Masala Chai,Beverage,115,True
13454,1299,Egg Biryani,Main,80,True
13455,1300,Gulab Jamun,Dessert,185,True
13456,1300,Tandoori Roti,Main,145,True
13457,1300,Shahi Paneer,Main,230,True
13458,1300,Rajma Chawal,Main,215,False
13459,1300,Butter Naan,Main,175,False
13460,1300,Chole Bhature,Main,240,True
13461,1300,Paneer Butter Masala,Main,150,True
13462,1300,Chocolate Brownie,Dessert,245,False
13463,1300,Mango Lassi,Beverage,140,True
13464,1300,Cold Coffee,Beverage,195,True
13465,1300,Dal Makhani,Main,140,False
13466,1300,Masala Chai,Beverage,215,False
13467,1300,Chicken Curry,Main,135,True
13468,1301,Cold Coffee,Beverage,65,False
13469,1301,Chicken Curry,Main,100,False
13470,1301,Masala Chai,Beverage,85,True
13471,1301,Chocolate Brownie,Dessert,105,False
13472,1301,Chole Bhature,Main,85,True
13473,1301,Mango Lassi,Beverage,95,True
13474,1301,Rajma Chawal,Main,80,False
13475,1301,Shahi Paneer,Main,135,False
13476,1301,Butter Naan,Main,75,True
13477,1301,Tandoori Roti,Main,90,True
13478,1301,Gulab Jamun,Dessert,60,True
13479,1301,Dal Makhani,Main,105,False
13480,1301,Paneer Butter Masala,Main,70,True
13481,1302,Shahi Paneer,Main,230,True
13482,1302,Paneer Butter Masala,Main,135,False
13483,1302,Chicken Curry,Main,260,False
13484,1302,Tandoori Roti,Main,135,True
13485,1302,Cold Coffee,Beverage,210,True
13486,1302,Rajma Chawal,Main,140,True
13487,1302,Chocolate Brownie,Dessert,190,False
13488,1303,Nuggets,Main,145,True
13489,1303,Masala Chai,Beverage,110,True
13490,1303,Veg Wrap,Main,140,True
13491,1303,Cheese Sandwich,Main,105,False
13492,1303,Peri Peri Fries,Main,130,False
13493,1303,Chocolate Brownie,Dessert,100,True
13494,1303,Gulab Jamun,Dessert,90,True
13495,1303,French Fries,Main,130,False
13496,1303,Veg Burger,Main,145,True
13497,1303,Chicken Burger,Main,100,False
13498,1303,Mango Lassi,Beverage,100,True
13499,1304,Cold Coffee,Beverage,70,True
13500,1304,Chocolate Brownie,Dessert,110,False
13501,1304,Uttapam,Main,100,True
13502,1304,Filter Coffee,Main,120,True
13503,1304,Curd Rice,Main,75,True
13504,1304,Mango Lassi,Beverage,115,True
13505,1305,Gulab Jamun,Dessert,150,True
13506,1305,Gajar Halwa,Dessert,65,False
13507,1305,Choco Lava Cake,Dessert,130,False
13508,1305,Chocolate Brownie,Dessert,100,False
13509,1305,Ice Cream Tub,Dessert,120,False
13510,1305,Mango Lassi,Beverage,90,True
13511,1305,Cold Coffee,Beverage,115,False
13512,1305,Rasmalai,Dessert,70,True
13513,1306,Pasta Alfredo,Main,140,False
13514,1306,Croissant,Main,75,True
13515,1306,Cold Coffee,Beverage,115,True
13516,1306,Cappuccino,Main,115,True
13517,1306,Chocolate Brownie,Dessert,125,True
13518,1306,Veg Sandwich,Main,100,True
13519,1306,Club Sandwich,Main,120,False
13520,1306,Gulab Jamun,Dessert,140,False
13521,1306,Masala Chai,Beverage,120,True
13522,1306,Mango Lassi,Beverage,65,False
13523,1306,Chocolate Shake,Main,60,False
13524,1307,Chole Bhature,Main,325,True
13525,1307,Chocolate Brownie,Dessert,420,True
13526,1307,Rajma Chawal,Main,285,False
13527,1307,Chicken Curry,Main,415,True
13528,1307,Mango Lassi,Beverage,345,False
13529,1307,Tandoori Roti,Main,290,False
13530,1308,Schezwan Noodles,Main,210,False
13531,1308,Chilli Chicken,Main,110,True
13532,1308,Mango Lassi,Beverage,180,False
13533,1308,Veg Manchurian,Main,210,True
13534,1308,Fried Rice,Main,260,False
13535,1308,Chocolate Brownie,Dessert,135,False
13536,1308,Chicken Momos,Main,140,True
13537,1308,Veg Hakka Noodles,Main,205,True
13538,1308,Cold Coffee,Beverage,250,True
13539,1308,Chilli Paneer,Main,190,True
13540,1309,Butter Naan,Main,350,True
13541,1309,Tandoori Roti,Main,295,True
13542,1309,Shahi Paneer,Main,395,False
13543,1309,Chocolate Brownie,Dessert,375,True
13544,1309,Cold Coffee,Beverage,480,False
13545,1309,Gulab Jamun,Dessert,315,False
13546,1309,Paneer Butter Masala,Main,415,True
13547,1309,Masala Chai,Beverage,260,True
13548,1309,Chicken Curry,Main,280,True
13549,1309,Chole Bhature,Main,270,True
13550,1310,Veg Hakka Noodles,Main,125,False
13551,1310,Chilli Chicken,Main,150,False
13552,1310,Schezwan Noodles,Main,170,True
13553,1310,Fried Rice,Main,135,False
13554,1310,Cold Coffee,Beverage,120,True
13555,1310,Chilli Paneer,Main,220,True
13556,1310,Mango Lassi,Beverage,155,True
13557,1310,Veg Manchurian,Main,140,False
13558,1310,Spring Roll,Main,170,True
13559,1310,Chocolate Brownie,Dessert,170,False
13560,1310,Chicken Momos,Main,205,True
13561,1310,Masala Chai,Beverage,150,False
13562,1310,Gulab Jamun,Dessert,260,True
13563,1311,Gulab Jamun,Dessert,175,True
13564,1311,Pongal,Main,125,True
13565,1311,Masala Chai,Beverage,165,True
13566,1311,Rava Dosa,Main,200,True
13567,1311,Mango Lassi,Beverage,220,False
13568,1311,Curd Rice,Main,180,True
13569,1311,Medu Vada,Main,225,False
13570,1312,Masala Chai,Beverage,140,False
13571,1312,Gajar Halwa,Dessert,120,True
13572,1312,Ice Cream Tub,Dessert,75,True
13573,1312,Chocolate Brownie,Dessert,125,False
13574,1312,Choco Lava Cake,Dessert,120,False
13575,1312,Cold Coffee,Beverage,80,False
13576,1312,Rasmalai,Dessert,85,False
13577,1312,Gulab Jamun,Dessert,65,False
13578,1312,Gulab Jamun,Dessert,140,True
13579,1312,Chocolate Brownie,Dessert,140,True
13580,1312,Mango Lassi,Beverage,120,True
13581,1313,Cold Coffee,Beverage,255,False
13582,1313,Gulab Jamun,Dessert,110,True
13583,1313,Mango Lassi,Beverage,145,True
13584,1313,Fried Rice,Main,165,True
13585,1313,Chocolate Brownie,Dessert,135,False
13586,1313,Chilli Chicken,Main,125,True
13587,1313,Chicken Momos,Main,115,True
13588,1313,Veg Hakka Noodles,Main,145,True
13589,1313,Spring Roll,Main,180,False
13590,1313,Masala Chai,Beverage,135,True
13591,1313,Chilli Paneer,Main,210,True
13592,1313,Schezwan Noodles,Main,200,True
13593,1313,Veg Manchurian,Main,235,True
13594,1314,Chocolate Brownie,Dessert,115,True
13595,1314,Egg Biryani,Main,240,True
13596,1314,Masala Chai,Beverage,165,False
13597,1314,Gulab Jamun,Dessert,200,True
13598,1314,Boneless Biryani,Main,160,False
13599,1314,Chicken 65,Main,215,True
13600,1314,Chicken Biryani,Main,115,False
13601,1314,Cold Coffee,Beverage,150,True
13602,1315,Mango Lassi,Beverage,445,True
13603,1315,Garlic Bread,Main,475,False
13604,1315,Gulab Jamun,Dessert,515,False
13605,1315,Peppy Paneer Pizza,Main,455,True
13606,1315,Cold Coffee,Beverage,360,True
13607,1315,Chocolate Brownie,Dessert,455,False
13608,1315,Masala Chai,Beverage,385,True
13609,1315,Farmhouse Pizza,Main,270,True
13610,1315,Chicken Supreme Pizza,Main,410,True
13611,1315,Cheese Burst Pizza,Main,270,True
13612,1315,Margherita Pizza,Main,495,True
13613,1316,Cold Coffee,Beverage,360,True
13614,1316,Chocolate Brownie,Dessert,465,True
13615,1316,Masala Chai,Beverage,350,True
13616,1316,Cold Coffee,Beverage,495,True
13617,1316,Buttermilk,Beverage,290,False
13618,1316,Mango Lassi,Beverage,485,True
13619,1316,Masala Chai,Beverage,500,True
13620,1316,Cold Drink,Beverage,455,False
13621,1316,Gulab Jamun,Dessert,405,True
13622,1317,Gulab Jamun,Dessert,150,True
13623,1317,Schezwan Noodles,Main,100,True
13624,1317,Chocolate Brownie,Dessert,85,False
13625,1317,Cold Coffee,Beverage,110,True
13626,1317,Spring Roll,Main,145,True
13627,1317,Fried Rice,Main,125,False
13628,1317,Chilli Chicken,Main,135,False
13629,1317,Chilli Paneer,Main,95,True
13630,1317,Mango Lassi,Beverage,110,True
13631,1317,Veg Manchurian,Main,105,True
13632,1317,Veg Hakka Noodles,Main,120,True
13633,1317,Masala Chai,Beverage,130,True
13634,1317,Chicken Momos,Main,105,False
13635,1318,Pongal,Main,135,True
13636,1318,Masala Dosa,Main,205,False
13637,1318,Medu Vada,Main,205,True
13638,1318,Curd Rice,Main,165,False
13639,1318,Cold Coffee,Beverage,205,True
13640,1318,Masala Chai,Beverage,175,True
13641,1318,Mango Lassi,Beverage,195,True
13642,1318,Gulab Jamun,Dessert,165,True
13643,1318,Idli Sambar,Main,180,True
13644,1318,Rava Dosa,Main,170,False
13645,1318,Chocolate Brownie,Dessert,185,False
13646,1318,Filter Coffee,Main,125,False
13647,1318,Uttapam,Main,120,False
13648,1319,Gulab Jamun,Dessert,125,False
13649,1319,Masala Chai,Beverage,255,True
13650,1319,Pani Puri,Main,180,False
13651,1319,Dahi Puri,Main,210,True
13652,1319,Pav Bhaji,Main,140,False
13653,1319,Mango Lassi,Beverage,250,True
13654,1319,Kachori,Main,130,False
13655,1319,Chocolate Brownie,Dessert,140,True
13656,1319,Cold Coffee,Beverage,215,True
13657,1319,Vada Pav,Main,175,True
13658,1319,Samosa,Main,110,True
13659,1320,Mango Lassi,Beverage,120,False
13660,1320,Gulab Jamun,Dessert,125,False
13661,1320,Fried Rice,Main,145,True
13662,1320,Veg Manchurian,Main,210,False
13663,1320,Cold Coffee,Beverage,150,False
13664,1320,Spring Roll,Main,170,True
13665,1320,Veg Hakka Noodles,Main,140,True
13666,1320,Chicken Momos,Main,235,True
13667,1320,Masala Chai,Beverage,185,False
13668,1320,Schezwan Noodles,Main,125,False
13669,1320,Chilli Paneer,Main,165,False
13670,1320,Chilli Chicken,Main,170,False
13671,1320,Chocolate Brownie,Dessert,165,True
13672,1321,Garlic Bread,Main,70,True
13673,1321,Masala Chai,Beverage,65,False
13674,1321,Chicken Supreme Pizza,Main,105,True
13675,1321,Cheese Burst Pizza,Main,145,True
13676,1321,Peppy Paneer Pizza,Main,150,True
13677,1321,Cold Coffee,Beverage,115,True
13678,1321,Mango Lassi,Beverage,145,True
13679,1322,Margherita Pizza,Main,165,False
13680,1322,Garlic Bread,Main,245,True
13681,1322,Farmhouse Pizza,Main,180,True
13682,1322,Cold Coffee,Beverage,245,False
13683,1322,Peppy Paneer Pizza,Main,240,False
13684,1322,Mango Lassi,Beverage,250,False
13685,1322,Masala Chai,Beverage,130,False
13686,1322,Gulab Jamun,Dessert,195,True
13687,1322,Chocolate Brownie,Dessert,195,True
13688,1323,Mutton Biryani,Main,470,False
13689,1323,Cold Coffee,Beverage,370,True
13690,1323,Masala Chai,Beverage,485,True
13691,1323,Boneless Biryani,Main,365,True
13692,1323,Gulab Jamun,Dessert,340,False
13693,1323,Hyderabadi Dum Biryani,Main,480,False
13694,1323,Chocolate Brownie,Dessert,360,False
13695,1323,Mango Lassi,Beverage,420,True
13696,1323,Chicken 65,Main,335,True
13697,1323,Egg Biryani,Main,460,False
13698,1324,Uttapam,Main,225,True
13699,1324,Rava Dosa,Main,215,False
13700,1324,Chocolate Brownie,Dessert,170,False
13701,1324,Curd Rice,Main,175,True
13702,1324,Filter Coffee,Main,120,True
13703,1324,Masala Dosa,Main,200,False
13704,1324,Pongal,Main,175,True
13705,1324,Idli Sambar,Main,235,False
13706,1324,Medu Vada,Main,245,False
13707,1324,Masala Chai,Beverage,250,False
13708,1324,Cold Coffee,Beverage,130,True
13709,1324,Mango Lassi,Beverage,180,False
13710,1324,Gulab Jamun,Dessert,155,True
13711,1325,Mango Lassi,Beverage,135,True
13712,1325,Chicken Curry,Main,155,False
13713,1325,Cold Coffee,Beverage,245,False
13714,1325,Dal Makhani,Main,225,False
13715,1325,Chocolate Brownie,Dessert,200,False
13716,1325,Paneer Butter Masala,Main,155,False
13717,1326,Mango Lassi,Beverage,135,True
13718,1326,Boneless Biryani,Main,90,True
13719,1326,Egg Biryani,Main,85,True
13720,1326,Mutton Biryani,Main,95,True
13721,1326,Cold Coffee,Beverage,100,True
13722,1326,Chocolate Brownie,Dessert,150,True
13723,1326,Veg Biryani,Main,100,True
13724,1327,Gulab Jamun,Dessert,380,True
13725,1327,Veg Biryani,Main,445,True
13726,1327,Cold Coffee,Beverage,390,True
13727,1327,Chicken 65,Main,440,False
13728,1327,Chocolate Brownie,Dessert,435,True
13729,1327,Chicken Biryani,Main,415,True
13730,1327,Mutton Biryani,Main,260,True
13731,1327,Egg Biryani,Main,405,True
13732,1327,Boneless Biryani,Main,455,False
13733,1327,Mango Lassi,Beverage,370,True
13734,1327,Hyderabadi Dum Biryani,Main,350,False
13735,1327,Masala Chai,Beverage,435,True
13736,1328,Gulab Jamun,Dessert,125,True
13737,1328,Rasmalai,Dessert,85,True
13738,1328,Masala Chai,Beverage,100,True
13739,1328,Ice Cream Tub,Dessert,65,True
13740,1328,Chocolate Brownie,Dessert,95,True
13741,1328,Chocolate Brownie,Dessert,145,True
13742,1328,Mango Lassi,Beverage,125,True
13743,1328,Cold Coffee,Beverage,65,False
13744,1328,Choco Lava Cake,Dessert,135,True
13745,1328,Gajar Halwa,Dessert,110,False
13746,1329,Chicken Roll,Main,85,True
13747,1329,Veg Frankie,Main,80,False
13748,1329,Chocolate Brownie,Dessert,90,False
13749,1329,Paneer Roll,Main,140,True
13750,1329,Gulab Jamun,Dessert,125,True
13751,1329,Egg Roll,Main,115,True
13752,1329,Mango Lassi,Beverage,70,True
13753,1329,Masala Chai,Beverage,60,True
13754,1329,Cold Coffee,Beverage,120,True
13755,1329,Double Egg Roll,Main,95,True
13756,1330,Gulab Jamun,Dessert,95,True
13757,1330,Chocolate Brownie,Dessert,85,True
13758,1330,Seekh Kebab,Main,145,False
13759,1330,Mango Lassi,Beverage,85,False
13760,1330,Chicken Korma,Main,135,True
13761,1330,Masala Chai,Beverage,120,True
13762,1330,Galouti Kebab,Main,150,True
13763,1330,Cold Coffee,Beverage,135,True
13764,1330,Mutton Rogan Josh,Main,125,True
13765,1331,Pani Puri,Main,335,True
13766,1331,Kachori,Main,375,False
13767,1331,Pav Bhaji,Main,445,False
13768,1331,Cold Coffee,Beverage,310,False
13769,1331,Chocolate Brownie,Dessert,290,False
13770,1331,Mango Lassi,Beverage,495,False
13771,1331,Vada Pav,Main,410,True
13772,1331,Masala Chai,Beverage,280,True
13773,1331,Gulab Jamun,Dessert,350,False
13774,1331,Samosa,Main,270,True
13775,1331,Dahi Puri,Main,445,False
13776,1332,Gulab Jamun,Dessert,120,True
13777,1332,Double Egg Roll,Main,210,True
13778,1332,Paneer Roll,Main,215,True
13779,1332,Mango Lassi,Beverage,230,True
13780,1332,Cold Coffee,Beverage,155,True
13781,1332,Chocolate Brownie,Dessert,190,False
13782,1332,Chicken Roll,Main,180,False
13783,1332,Veg Frankie,Main,185,True
13784,1332,Egg Roll,Main,195,False
13785,1332,Masala Chai,Beverage,185,True
13786,1333,Paneer Butter Masala,Main,140,True
13787,1333,Tandoori Roti,Main,105,False
13788,1333,Butter Naan,Main,135,False
13789,1333,Masala Chai,Beverage,145,True
13790,1333,Rajma Chawal,Main,115,True
13791,1333,Chole Bhature,Main,105,True
13792,1333,Chicken Curry,Main,100,True
13793,1333,Gulab Jamun,Dessert,125,True
13794,1333,Cold Coffee,Beverage,140,True
13795,1333,Mango Lassi,Beverage,115,False
13796,1333,Dal Makhani,Main,140,True
13797,1333,Shahi Paneer,Main,75,True
13798,1333,Chocolate Brownie,Dessert,125,True
13799,1334,Boneless Biryani,Main,145,True
13800,1334,Mango Lassi,Beverage,105,False
13801,1334,Chicken 65,Main,125,False
13802,1334,Cold Coffee,Beverage,135,False
13803,1334,Mutton Biryani,Main,115,True
13804,1334,Gulab Jamun,Dessert,135,False
13805,1334,Hyderabadi Dum Biryani,Main,80,True
13806,1334,Chicken Biryani,Main,115,False
13807,1334,Masala Chai,Beverage,105,True
13808,1334,Chocolate Brownie,Dessert,75,False
13809,1334,Veg Biryani,Main,110,True
13810,1335,Peri Peri Fries,Main,170,True
13811,1335,Cold Coffee,Beverage,230,True
13812,1335,Chocolate Brownie,Dessert,185,True
13813,1335,Mango Lassi,Beverage,155,False
13814,1335,Veg Burger,Main,205,False
13815,1335,Veg Wrap,Main,165,True
13816,1335,Nuggets,Main,130,False
13817,1335,Cheese Sandwich,Main,205,False
13818,1336,Veg Wrap,Main,185,True
13819,1336,Nuggets,Main,140,False
13820,1336,Cheese Sandwich,Main,260,False
13821,1336,Chocolate Brownie,Dessert,185,False
13822,1336,French Fries,Main,190,True
13823,1336,Chicken Burger,Main,140,True
13824,1336,Peri Peri Fries,Main,175,True
13825,1337,Masala Chai,Beverage,65,False
13826,1337,Chocolate Brownie,Dessert,90,False
13827,1337,Uttapam,Main,135,False
13828,1337,Cold Coffee,Beverage,115,False
13829,1337,Filter Coffee,Main,85,True
13830,1337,Medu Vada,Main,115,True
13831,1337,Masala Dosa,Main,110,False
13832,1337,Idli Sambar,Main,75,False
13833,1337,Pongal,Main,100,False
13834,1337,Curd Rice,Main,140,False
13835,1337,Gulab Jamun,Dessert,115,False
13836,1337,Mango Lassi,Beverage,110,True
13837,1337,Rava Dosa,Main,110,True
13838,1338,Veg Burger,Main,240,False
13839,1338,Cold Coffee,Beverage,295,False
13840,1338,Peri Peri Fries,Main,320,False
13841,1338,Veg Wrap,Main,380,False
13842,1338,Masala Chai,Beverage,340,True
13843,1338,Chicken Burger,Main,390,True
13844,1338,Gulab Jamun,Dessert,390,True
13845,1338,Chocolate Brownie,Dessert,290,False
13846,1338,French Fries,Main,385,True
13847,1338,Mango Lassi,Beverage,415,True
13848,1338,Nuggets,Main,495,True
13849,1338,Cheese Sandwich,Main,310,False
13850,1339,Veg Manchurian,Main,140,False
13851,1339,Fried Rice,Main,85,True
13852,1339,Chilli Chicken,Main,140,True
13853,1339,Cold Coffee,Beverage,90,True
13854,1339,Spring Roll,Main,80,True
13855,1339,Veg Hakka Noodles,Main,75,True
13856,1339,Masala Chai,Beverage,130,False
13857,1339,Chilli Paneer,Main,80,False
13858,1339,Chocolate Brownie,Dessert,100,True
13859,1339,Mango Lassi,Beverage,115,True
13860,1339,Schezwan Noodles,Main,90,True
13861,1339,Gulab Jamun,Dessert,105,True
13862,1339,Chicken Momos,Main,95,True
13863,1340,Masala Chai,Beverage,205,False
13864,1340,Chilli Paneer,Main,250,False
13865,1340,Mango Lassi,Beverage,250,True
13866,1340,Chocolate Brownie,Dessert,140,True
13867,1340,Veg Manchurian,Main,140,False
13868,1340,Schezwan Noodles,Main,180,True
13869,1340,Fried Rice,Main,250,True
13870,1340,Gulab Jamun,Dessert,185,True
13871,1340,Veg Hakka Noodles,Main,235,True
13872,1340,Chicken Momos,Main,165,True
13873,1340,Cold Coffee,Beverage,190,False
13874,1340,Spring Roll,Main,150,False
13875,1340,Chilli Chicken,Main,180,True
13876,1341,Fresh Lime Soda,Beverage,120,True
13877,1341,Chocolate Brownie,Dessert,95,True
13878,1341,Cold Coffee,Beverage,135,False
13879,1341,Cold Coffee,Beverage,90,True
13880,1341,Masala Chai,Beverage,105,False
13881,1341,Masala Chai,Beverage,80,True
13882,1341,Mango Lassi,Beverage,75,True
13883,1341,Mango Lassi,Beverage,75,True
13884,1341,Cold Drink,Beverage,80,True
13885,1341,Gulab Jamun,Dessert,65,False
13886,1341,Buttermilk,Beverage,70,False
13887,1342,Veg Biryani,Main,210,True
13888,1342,Hyderabadi Dum Biryani,Main,200,False
13889,1342,Egg Biryani,Main,250,False
13890,1342,Boneless Biryani,Main,210,True
13891,1342,Mango Lassi,Beverage,145,True
13892,1342,Masala Chai,Beverage,210,False
13893,1342,Cold Coffee,Beverage,210,False
13894,1342,Chicken Biryani,Main,210,False
13895,1342,Chocolate Brownie,Dessert,110,False
13896,1342,Mutton Biryani,Main,120,True
13897,1342,Gulab Jamun,Dessert,200,False
13898,1342,Chicken 65,Main,240,True
13899,1343,French Fries,Main,190,False
13900,1343,Cheese Sandwich,Main,155,True
13901,1343,Nuggets,Main,205,False
13902,1343,Mango Lassi,Beverage,170,True
13903,1343,Chicken Burger,Main,120,True
13904,1343,Chocolate Brownie,Dessert,165,True
13905,1343,Gulab Jamun,Dessert,115,False
13906,1343,Cold Coffee,Beverage,165,True
13907,1343,Veg Wrap,Main,240,True
13908,1343,Veg Burger,Main,140,True
13909,1343,Peri Peri Fries,Main,115,True
13910,1343,Masala Chai,Beverage,245,True
13911,1344,Nuggets,Main,165,True
13912,1344,Masala Chai,Beverage,185,True
13913,1344,Chocolate Brownie,Dessert,215,True
13914,1344,Veg Burger,Main,115,True
13915,1344,Veg Wrap,Main,215,True
13916,1344,Cheese Sandwich,Main,225,False
13917,1344,Cold Coffee,Beverage,155,True
13918,1344,Gulab Jamun,Dessert,245,True
13919,1344,Peri Peri Fries,Main,205,False
13920,1344,Chicken Burger,Main,190,True
13921,1344,French Fries,Main,155,True
13922,1345,Veg Wrap,Main,215,True
13923,1345,Mango Lassi,Beverage,260,False
13924,1345,Chicken Burger,Main,195,False
13925,1345,Gulab Jamun,Dessert,230,True
13926,1345,Cheese Sandwich,Main,185,False
13927,1345,Veg Burger,Main,215,True
13928,1345,Cold Coffee,Beverage,120,False
13929,1345,Nuggets,Main,225,False
13930,1345,Peri Peri Fries,Main,155,False
13931,1345,Chocolate Brownie,Dessert,260,True
13932,1345,French Fries,Main,200,True
13933,1345,Masala Chai,Beverage,140,True
13934,1346,Medu Vada,Main,420,False
13935,1346,Filter Coffee,Main,455,False
13936,1346,Rava Dosa,Main,420,False
13937,1346,Gulab Jamun,Dessert,460,False
13938,1346,Mango Lassi,Beverage,275,False
13939,1346,Curd Rice,Main,485,True
13940,1346,Chocolate Brownie,Dessert,490,True
13941,1347,French Fries,Main,415,False
13942,1347,Cold Coffee,Beverage,285,False
13943,1347,Cheese Sandwich,Main,265,False
13944,1347,Veg Wrap,Main,280,False
13945,1347,Veg Burger,Main,310,True
13946,1347,Nuggets,Main,400,True
13947,1347,Peri Peri Fries,Main,440,False
13948,1347,Mango Lassi,Beverage,345,False
13949,1347,Chocolate Brownie,Dessert,375,False
13950,1348,Chilli Paneer,Main,115,True
13951,1348,Fried Rice,Main,165,True
13952,1348,Chilli Chicken,Main,180,True
13953,1348,Masala Chai,Beverage,140,False
13954,1348,Gulab Jamun,Dessert,120,False
13955,1348,Chicken Momos,Main,225,True
13956,1348,Mango Lassi,Beverage,160,False
13957,1348,Spring Roll,Main,135,False
13958,1348,Veg Hakka Noodles,Main,165,True
13959,1348,Chocolate Brownie,Dessert,215,True
13960,1348,Veg Manchurian,Main,165,True
13961,1348,Cold Coffee,Beverage,175,False
13962,1348,Schezwan Noodles,Main,205,False
13963,1349,Gulab Jamun,Dessert,230,True
13964,1349,Cold Coffee,Beverage,235,False
13965,1349,Masala Chai,Beverage,135,False
13966,1349,Margherita Pizza,Main,115,True
13967,1349,Chicken Supreme Pizza,Main,170,False
13968,1349,Chocolate Brownie,Dessert,185,True
13969,1349,Cheese Burst Pizza,Main,205,False
13970,1349,Peppy Paneer Pizza,Main,230,True
13971,1349,Mango Lassi,Beverage,245,True
13972,1349,Garlic Bread,Main,245,True
13973,1349,Farmhouse Pizza,Main,250,True
13974,1350,Chole Bhature,Main,310,True
13975,1350,Paneer Butter Masala,Main,340,False
13976,1350,Tandoori Roti,Main,465,True
13977,1350,Chicken Curry,Main,275,True
13978,1350,Rajma Chawal,Main,460,True
13979,1350,Masala Chai,Beverage,295,False
13980,1350,Gulab Jamun,Dessert,420,True
13981,1350,Chocolate Brownie,Dessert,280,True
13982,1350,Cold Coffee,Beverage,400,True
13983,1350,Butter Naan,Main,510,True
13984,1350,Mango Lassi,Beverage,380,False
13985,1350,Shahi Paneer,Main,435,False
13986,1350,Dal Makhani,Main,300,False
13987,1351,Chocolate Brownie,Dessert,75,True
13988,1351,Mango Lassi,Beverage,100,True
13989,1351,Sprout Salad,Main,135,True
13990,1351,Cold Coffee,Beverage,125,False
13991,1351,Masala Chai,Beverage,145,True
13992,1351,Grilled Chicken Bowl,Main,130,True
13993,1352,Gajar Halwa,Dessert,120,False
13994,1352,Chocolate Brownie,Dessert,115,False
13995,1352,Masala Chai,Beverage,75,True
13996,1352,Rasmalai,Dessert,115,True
13997,1352,Ice Cream Tub,Dessert,140,False
13998,1352,Gulab Jamun,Dessert,110,False
13999,1352,Cold Coffee,Beverage,120,False
14000,1352,Gulab Jamun,Dessert,125,True
14001,1352,Choco Lava Cake,Dessert,70,False
14002,1352,Chocolate Brownie,Dessert,60,True
14003,1352,Mango Lassi,Beverage,145,True
14004,1353,Cold Coffee,Beverage,125,False
14005,1353,Chocolate Brownie,Dessert,80,False
14006,1353,Chicken 65,Main,105,False
14007,1353,Chicken Biryani,Main,95,True
14008,1353,Gulab Jamun,Dessert,105,True
14009,1353,Egg Biryani,Main,110,True
14010,1353,Hyderabadi Dum Biryani,Main,65,True
14011,1353,Mutton Biryani,Main,105,True
14012,1353,Boneless Biryani,Main,95,False
14013,1354,Veg Hakka Noodles,Main,285,True
14014,1354,Chilli Paneer,Main,355,False
14015,1354,Schezwan Noodles,Main,260,True
14016,1354,Gulab Jamun,Dessert,250,True
14017,1354,Veg Manchurian,Main,470,True
14018,1354,Masala Chai,Beverage,480,True
14019,1354,Fried Rice,Main,435,True
14020,1354,Chocolate Brownie,Dessert,285,False
14021,1354,Chicken Momos,Main,245,True
14022,1354,Mango Lassi,Beverage,500,True
14023,1354,Cold Coffee,Beverage,505,True
14024,1354,Spring Roll,Main,315,False
14025,1354,Chilli Chicken,Main,240,False
14026,1355,Mango Lassi,Beverage,70,True
14027,1355,Veg Hakka Noodles,Main,125,True
14028,1355,Veg Manchurian,Main,95,False
14029,1355,Gulab Jamun,Dessert,125,True
14030,1355,Masala Chai,Beverage,140,True
14031,1355,Cold Coffee,Beverage,105,False
14032,1355,Chocolate Brownie,Dessert,100,False
14033,1355,Chicken Momos,Main,125,True
14034,1355,Chilli Paneer,Main,65,False
14035,1355,Schezwan Noodles,Main,140,False
14036,1356,Chicken Roll,Main,135,False
14037,1356,Egg Roll,Main,90,False
14038,1356,Mango Lassi,Beverage,90,True
14039,1356,Chocolate Brownie,Dessert,120,True
14040,1356,Masala Chai,Beverage,90,True
14041,1356,Cold Coffee,Beverage,115,False
14042,1356,Double Egg Roll,Main,145,False
14043,1357,Farmhouse Pizza,Main,240,False
14044,1357,Chocolate Brownie,Dessert,155,False
14045,1357,Gulab Jamun,Dessert,255,True
14046,1357,Peppy Paneer Pizza,Main,120,False
14047,1357,Margherita Pizza,Main,210,False
14048,1357,Cheese Burst Pizza,Main,210,True
14049,1357,Garlic Bread,Main,255,False
14050,1357,Mango Lassi,Beverage,190,True
14051,1357,Masala Chai,Beverage,225,False
14052,1357,Chicken Supreme Pizza,Main,120,True
14053,1357,Cold Coffee,Beverage,185,True
14054,1358,Mango Lassi,Beverage,100,False
14055,1358,Paneer Roll,Main,100,True
14056,1358,Veg Frankie,Main,120,True
14057,1358,Gulab Jamun,Dessert,70,False
14058,1358,Double Egg Roll,Main,75,False
14059,1358,Cold Coffee,Beverage,60,True
14060,1358,Egg Roll,Main,90,False
14061,1358,Chocolate Brownie,Dessert,125,True
14062,1358,Chicken Roll,Main,90,False
14063,1358,Masala Chai,Beverage,145,True
14064,1359,Club Sandwich,Main,125,True
14065,1359,Croissant,Main,115,True
14066,1359,Masala Chai,Beverage,100,False
14067,1359,Gulab Jamun,Dessert,90,True
14068,1359,Chocolate Shake,Main,85,True
14069,1359,Mango Lassi,Beverage,60,False
14070,1359,Cold Coffee,Beverage,80,False
14071,1359,Chocolate Brownie,Dessert,65,True
14072,1359,Pasta Alfredo,Main,110,True
14073,1359,Veg Sandwich,Main,150,True
14074,1359,Cappuccino,Main,135,True
14075,1360,Egg Biryani,Main,65,True
14076,1360,Chicken Biryani,Main,65,True
14077,1360,Chicken 65,Main,70,True
14078,1360,Veg Biryani,Main,110,True
14079,1360,Cold Coffee,Beverage,150,False
14080,1360,Hyderabadi Dum Biryani,Main,145,True
14081,1360,Mutton Biryani,Main,85,False
14082,1360,Mango Lassi,Beverage,115,True
14083,1360,Chocolate Brownie,Dessert,135,True
14084,1360,Boneless Biryani,Main,140,True
14085,1360,Masala Chai,Beverage,115,True
14086,1360,Gulab Jamun,Dessert,65,True
14087,1361,Farmhouse Pizza,Main,110,False
14088,1361,Mango Lassi,Beverage,75,True
14089,1361,Garlic Bread,Main,110,True
14090,1361,Peppy Paneer Pizza,Main,65,True
14091,1361,Chocolate Brownie,Dessert,85,True
14092,1361,Cold Coffee,Beverage,100,False
14093,1361,Margherita Pizza,Main,95,True
14094,1361,Cheese Burst Pizza,Main,90,True
14095,1361,Masala Chai,Beverage,110,False
14096,1361,Chicken Supreme Pizza,Main,60,True
14097,1361,Gulab Jamun,Dessert,80,False
14098,1362,Boneless Biryani,Main,500,False
14099,1362,Chicken Biryani,Main,265,False
14100,1362,Hyderabadi Dum Biryani,Main,380,True
14101,1362,Cold Coffee,Beverage,305,False
14102,1362,Veg Biryani,Main,330,False
14103,1362,Mango Lassi,Beverage,470,True
14104,1362,Mutton Biryani,Main,415,False
14105,1362,Egg Biryani,Main,330,False
14106,1362,Chocolate Brownie,Dessert,365,False
14107,1362,Masala Chai,Beverage,260,False
14108,1362,Gulab Jamun,Dessert,465,False
14109,1362,Chicken 65,Main,320,True
14110,1363,Margherita Pizza,Main,105,True
14111,1363,Chicken Supreme Pizza,Main,65,True
14112,1363,Peppy Paneer Pizza,Main,110,True
14113,1363,Mango Lassi,Beverage,125,True
14114,1363,Chocolate Brownie,Dessert,110,False
14115,1363,Gulab Jamun,Dessert,90,False
14116,1363,Cold Coffee,Beverage,120,True
14117,1364,Gulab Jamun,Dessert,195,True
14118,1364,Chicken 65,Main,215,False
14119,1364,Masala Chai,Beverage,250,True
14120,1364,Egg Biryani,Main,115,True
14121,1364,Chicken Biryani,Main,165,True
14122,1364,Mango Lassi,Beverage,235,True
14123,1364,Chocolate Brownie,Dessert,190,True
14124,1364,Hyderabadi Dum Biryani,Main,230,True
14125,1364,Boneless Biryani,Main,160,True
14126,1364,Mutton Biryani,Main,145,True
14127,1364,Cold Coffee,Beverage,145,True
14128,1364,Veg Biryani,Main,125,True
14129,1365,Gulab Jamun,Dessert,185,True
14130,1365,Masala Chai,Beverage,235,True
14131,1365,Chocolate Brownie,Dessert,210,False
14132,1365,Choco Lava Cake,Dessert,140,False
14133,1365,Chocolate Brownie,Dessert,180,False
14134,1365,Rasmalai,Dessert,165,True
14135,1365,Gulab Jamun,Dessert,245,False
14136,1365,Cold Coffee,Beverage,225,True
14137,1365,Mango Lassi,Beverage,185,False
14138,1365,Gajar Halwa,Dessert,190,False
14139,1365,Ice Cream Tub,Dessert,255,False
14140,1366,Butter Naan,Main,95,True
14141,1366,Mango Lassi,Beverage,120,True
14142,1366,Gulab Jamun,Dessert,140,True
14143,1366,Cold Coffee,Beverage,85,True
14144,1366,Rajma Chawal,Main,70,True
14145,1366,Chicken Curry,Main,150,True
14146,1366,Chole Bhature,Main,105,True
14147,1366,Dal Makhani,Main,130,False
14148,1366,Tandoori Roti,Main,65,True
14149,1366,Chocolate Brownie,Dessert,120,False
14150,1366,Masala Chai,Beverage,115,False
14151,1366,Paneer Butter Masala,Main,135,True
14152,1367,Cold Coffee,Beverage,120,False
14153,1367,Mango Lassi,Beverage,70,True
14154,1367,Gulab Jamun,Dessert,105,False
14155,1367,Masala Dosa,Main,80,False
14156,1367,Idli Sambar,Main,150,False
14157,1367,Chocolate Brownie,Dessert,145,True
14158,1367,Rava Dosa,Main,105,False
14159,1367,Uttapam,Main,65,False
14160,1367,Curd Rice,Main,145,True
14161,1367,Masala Chai,Beverage,80,True
14162,1367,Medu Vada,Main,80,True
14163,1367,Filter Coffee,Main,135,True
14164,1367,Pongal,Main,145,False
14165,1368,Chicken Momos,Main,225,True
14166,1368,Veg Manchurian,Main,140,True
14167,1368,Chilli Paneer,Main,170,True
14168,1368,Chilli Chicken,Main,205,True
14169,1368,Chocolate Brownie,Dessert,155,False
14170,1368,Cold Coffee,Beverage,135,False
14171,1368,Schezwan Noodles,Main,260,False
14172,1368,Masala Chai,Beverage,150,True
14173,1368,Fried Rice,Main,155,True
14174,1368,Spring Roll,Main,200,True
14175,1368,Gulab Jamun,Dessert,200,False
14176,1368,Veg Hakka Noodles,Main,145,True
14177,1368,Mango Lassi,Beverage,180,False
14178,1369,Samosa,Main,140,True
14179,1369,Pav Bhaji,Main,140,False
14180,1369,Vada Pav,Main,130,False
14181,1369,Kachori,Main,145,False
14182,1369,Cold Coffee,Beverage,100,True
14183,1369,Chocolate Brownie,Dessert,95,True
14184,1369,Mango Lassi,Beverage,80,True
14185,1369,Dahi Puri,Main,65,True
14186,1370,Veg Biryani,Main,65,True
14187,1370,Chocolate Brownie,Dessert,100,False
14188,1370,Cold Coffee,Beverage,140,False
14189,1370,Hyderabadi Dum Biryani,Main,130,True
14190,1370,Masala Chai,Beverage,110,False
14191,1370,Mutton Biryani,Main,80,True
14192,1370,Egg Biryani,Main,115,False
14193,1370,Gulab Jamun,Dessert,150,True
14194,1370,Mango Lassi,Beverage,100,False
14195,1370,Chicken Biryani,Main,65,True
14196,1370,Chicken 65,Main,115,True
14197,1370,Boneless Biryani,Main,135,True
14198,1371,Chicken Momos,Main,350,True
14199,1371,Chilli Paneer,Main,435,False
14200,1371,Veg Hakka Noodles,Main,245,False
14201,1371,Chocolate Brownie,Dessert,495,False
14202,1371,Mango Lassi,Beverage,360,True
14203,1371,Gulab Jamun,Dessert,375,False
14204,1371,Spring Roll,Main,315,True
14205,1371,Fried Rice,Main,510,True
14206,1371,Cold Coffee,Beverage,295,True
14207,1371,Veg Manchurian,Main,405,True
14208,1371,Chilli Chicken,Main,260,True
14209,1371,Masala Chai,Beverage,295,False
14210,1371,Schezwan Noodles,Main,465,True
14211,1372,Veg Biryani,Main,85,True
14212,1372,Chicken 65,Main,105,True
14213,1372,Masala Chai,Beverage,115,False
14214,1372,Hyderabadi Dum Biryani,Main,125,True
14215,1372,Boneless Biryani,Main,90,False
14216,1372,Mango Lassi,Beverage,140,False
14217,1372,Egg Biryani,Main,115,True
14218,1372,Cold Coffee,Beverage,110,False
14219,1372,Mutton Biryani,Main,65,True
14220,1372,Chicken Biryani,Main,85,False
14221,1372,Gulab Jamun,Dessert,85,True
14222,1372,Chocolate Brownie,Dessert,70,False
14223,1373,Cold Coffee,Beverage,415,True
14224,1373,Gulab Jamun,Dessert,275,True
14225,1373,Chicken 65,Main,320,True
14226,1373,Egg Biryani,Main,285,False
14227,1373,Mutton Biryani,Main,465,True
14228,1373,Veg Biryani,Main,410,True
14229,1373,Chicken Biryani,Main,370,True
14230,1373,Hyderabadi Dum Biryani,Main,500,True
14231,1373,Masala Chai,Beverage,445,False
14232,1373,Mango Lassi,Beverage,510,True
14233,1373,Boneless Biryani,Main,350,True
14234,1374,Masala Chai,Beverage,65,False
14235,1374,Croissant,Main,110,False
14236,1374,Pasta Alfredo,Main,115,True
14237,1374,Chocolate Brownie,Dessert,100,True
14238,1374,Mango Lassi,Beverage,65,True
14239,1374,Chocolate Shake,Main,110,True
14240,1374,Club Sandwich,Main,65,True
14241,1374,Cappuccino,Main,145,True
14242,1374,Gulab Jamun,Dessert,130,True
14243,1374,Cold Coffee,Beverage,130,True
14244,1374,Veg Sandwich,Main,150,True
14245,1375,Masala Chai,Beverage,95,True
14246,1375,Chocolate Brownie,Dessert,95,False
14247,1375,Cold Coffee,Beverage,115,True
14248,1375,Samosa,Main,130,False
14249,1375,Pani Puri,Main,115,True
14250,1375,Dahi Puri,Main,115,False
14251,1375,Vada Pav,Main,75,True
14252,1375,Mango Lassi,Beverage,80,True
14253,1375,Gulab Jamun,Dessert,120,False
14254,1375,Pav Bhaji,Main,105,False
14255,1375,Kachori,Main,140,False
14256,1376,Buttermilk,Beverage,155,True
14257,1376,Cold Coffee,Beverage,135,True
14258,1376,Chocolate Brownie,Dessert,220,True
14259,1376,Masala Chai,Beverage,200,False
14260,1376,Masala Chai,Beverage,210,False
14261,1376,Cold Coffee,Beverage,220,False
14262,1376,Gulab Jamun,Dessert,130,True
14263,1376,Mango Lassi,Beverage,220,False
14264,1377,Fresh Lime Soda,Beverage,120,True
14265,1377,Buttermilk,Beverage,65,True
14266,1377,Gulab Jamun,Dessert,65,True
14267,1377,Masala Chai,Beverage,90,True
14268,1377,Mango Lassi,Beverage,135,True
14269,1377,Masala Chai,Beverage,105,False
14270,1377,Chocolate Brownie,Dessert,90,True
14271,1377,Cold Coffee,Beverage,85,False
14272,1377,Cold Coffee,Beverage,80,False
14273,1377,Mango Lassi,Beverage,120,True
14274,1377,Cold Drink,Beverage,130,True
14275,1378,Pongal,Main,95,True
14276,1378,Gulab Jamun,Dessert,85,True
14277,1378,Uttapam,Main,80,False
14278,1378,Medu Vada,Main,140,False
14279,1378,Idli Sambar,Main,100,False
14280,1378,Curd Rice,Main,70,True
14281,1378,Filter Coffee,Main,75,False
14282,1378,Masala Dosa,Main,100,True
14283,1378,Mango Lassi,Beverage,110,False
14284,1378,Masala Chai,Beverage,110,True
14285,1378,Rava Dosa,Main,90,True
14286,1378,Chocolate Brownie,Dessert,80,True
14287,1378,Cold Coffee,Beverage,100,False
14288,1379,Pongal,Main,150,False
14289,1379,Chocolate Brownie,Dessert,90,False
14290,1379,Masala Chai,Beverage,115,False
14291,1379,Filter Coffee,Main,75,True
14292,1379,Curd Rice,Main,120,True
14293,1379,Masala Dosa,Main,135,True
14294,1380,Nuggets,Main,75,False
14295,1380,French Fries,Main,100,False
14296,1380,Cheese Sandwich,Main,80,True
14297,1380,Mango Lassi,Beverage,135,False
14298,1380,Veg Wrap,Main,80,True
14299,1380,Peri Peri Fries,Main,110,True
14300,1380,Chocolate Brownie,Dessert,80,False
14301,1381,Masala Chai,Beverage,180,False
14302,1381,Farmhouse Pizza,Main,195,False
14303,1381,Margherita Pizza,Main,250,True
14304,1381,Cheese Burst Pizza,Main,255,True
14305,1381,Cold Coffee,Beverage,250,False
14306,1381,Peppy Paneer Pizza,Main,230,False
14307,1381,Garlic Bread,Main,125,False
14308,1381,Mango Lassi,Beverage,160,True
14309,1381,Chicken Supreme Pizza,Main,190,True
14310,1381,Chocolate Brownie,Dessert,215,False
14311,1381,Gulab Jamun,Dessert,145,True
14312,1382,Curd Rice,Main,115,True
14313,1382,Uttapam,Main,110,True
14314,1382,Masala Dosa,Main,135,True
14315,1382,Idli Sambar,Main,115,False
14316,1382,Cold Coffee,Beverage,150,True
14317,1382,Medu Vada,Main,115,True
14318,1382,Chocolate Brownie,Dessert,95,True
14319,1382,Pongal,Main,90,True
14320,1382,Mango Lassi,Beverage,80,False
14321,1382,Gulab Jamun,Dessert,135,True
14322,1382,Rava Dosa,Main,65,True
14323,1382,Masala Chai,Beverage,120,False
14324,1382,Filter Coffee,Main,80,True
14325,1383,Egg Roll,Main,325,True
14326,1383,Gulab Jamun,Dessert,265,True
14327,1383,Chicken Roll,Main,265,False
14328,1383,Paneer Roll,Main,465,False
14329,1383,Cold Coffee,Beverage,430,False
14330,1383,Veg Frankie,Main,335,False
14331,1383,Double Egg Roll,Main,305,True
14332,1383,Mango Lassi,Beverage,345,False
14333,1383,Chocolate Brownie,Dessert,405,False
14334,1383,Masala Chai,Beverage,305,False
14335,1384,Rava Dosa,Main,95,True
14336,1384,Gulab Jamun,Dessert,115,True
14337,1384,Mango Lassi,Beverage,140,False
14338,1384,Curd Rice,Main,125,False
14339,1384,Chocolate Brownie,Dessert,105,False
14340,1384,Cold Coffee,Beverage,95,True
14341,1384,Pongal,Main,130,False
14342,1385,Masala Chai,Beverage,240,False
14343,1385,Cold Coffee,Beverage,250,True
14344,1385,Idli Sambar,Main,160,True
14345,1385,Gulab Jamun,Dessert,150,False
14346,1385,Filter Coffee,Main,260,True
14347,1385,Mango Lassi,Beverage,150,True
14348,1385,Pongal,Main,185,True
14349,1385,Curd Rice,Main,255,True
14350,1385,Medu Vada,Main,200,False
14351,1385,Chocolate Brownie,Dessert,110,False
14352,1385,Rava Dosa,Main,215,False
14353,1385,Uttapam,Main,255,True
14354,1385,Masala Dosa,Main,220,False
14355,1386,Cold Coffee,Beverage,205,False
14356,1386,Fried Rice,Main,185,False
14357,1386,Chicken Momos,Main,210,True
14358,1386,Veg Hakka Noodles,Main,180,False
14359,1386,Chilli Chicken,Main,120,False
14360,1386,Veg Manchurian,Main,195,False
14361,1386,Mango Lassi,Beverage,245,False
14362,1386,Masala Chai,Beverage,235,True
14363,1386,Schezwan Noodles,Main,135,False
14364,1386,Spring Roll,Main,225,True
14365,1386,Gulab Jamun,Dessert,220,False
14366,1386,Chocolate Brownie,Dessert,190,False
14367,1386,Chilli Paneer,Main,245,True
14368,1387,Mango Lassi,Beverage,90,False
14369,1387,Buttermilk,Beverage,135,True
14370,1387,Masala Chai,Beverage,90,True
14371,1387,Mango Lassi,Beverage,125,True
14372,1387,Cold Drink,Beverage,85,False
14373,1387,Fresh Lime Soda,Beverage,130,False
14374,1387,Masala Chai,Beverage,105,False
14375,1388,Egg Roll,Main,275,False
14376,1388,Cold Coffee,Beverage,375,True
14377,1388,Double Egg Roll,Main,470,False
14378,1388,Chocolate Brownie,Dessert,240,False
14379,1388,Gulab Jamun,Dessert,515,False
14380,1388,Chicken Roll,Main,295,True
14381,1388,Masala Chai,Beverage,270,False
14382,1388,Paneer Roll,Main,355,False
14383,1388,Veg Frankie,Main,455,True
14384,1388,Mango Lassi,Beverage,315,True
14385,1389,Gulab Jamun,Dessert,125,True
14386,1389,Cold Coffee,Beverage,135,False
14387,1389,Peri Peri Fries,Main,170,True
14388,1389,Masala Chai,Beverage,130,False
14389,1389,Cheese Sandwich,Main,240,False
14390,1389,Veg Burger,Main,235,False
14391,1389,Chocolate Brownie,Dessert,190,False
14392,1389,Nuggets,Main,240,True
14393,1389,Mango Lassi,Beverage,135,True
14394,1390,Mango Lassi,Beverage,135,True
14395,1390,Buttermilk,Beverage,135,False
14396,1390,Masala Chai,Beverage,105,True
14397,1390,Cold Coffee,Beverage,120,False
14398,1390,Cold Coffee,Beverage,130,True
14399,1390,Masala Chai,Beverage,135,True
14400,1390,Cold Drink,Beverage,100,True
14401,1390,Gulab Jamun,Dessert,110,False
14402,1390,Fresh Lime Soda,Beverage,95,False
14403,1390,Mango Lassi,Beverage,75,True
14404,1390,Chocolate Brownie,Dessert,105,True
14405,1391,Mango Lassi,Beverage,150,True
14406,1391,Gulab Jamun,Dessert,230,False
14407,1391,Cold Drink,Beverage,240,True
14408,1391,Buttermilk,Beverage,240,False
14409,1391,Cold Coffee,Beverage,235,True
14410,1391,Mango Lassi,Beverage,160,False
14411,1391,Cold Coffee,Beverage,190,False
14412,1391,Masala Chai,Beverage,155,True
14413,1391,Masala Chai,Beverage,165,False
14414,1391,Chocolate Brownie,Dessert,130,True
14415,1391,Fresh Lime Soda,Beverage,245,False
14416,1392,Mango Lassi,Beverage,135,True
14417,1392,Gulab Jamun,Dessert,190,False
14418,1392,Veg Manchurian,Main,250,False
14419,1392,Chilli Paneer,Main,205,True
14420,1392,Chocolate Brownie,Dessert,180,True
14421,1392,Fried Rice,Main,230,True
14422,1392,Chilli Chicken,Main,155,False
14423,1393,Cold Coffee,Beverage,100,False
14424,1393,Gulab Jamun,Dessert,115,False
14425,1393,Choco Lava Cake,Dessert,80,True
14426,1393,Masala Chai,Beverage,145,False
14427,1393,Ice Cream Tub,Dessert,70,False
14428,1393,Rasmalai,Dessert,125,True
14429,1393,Gulab Jamun,Dessert,80,False
14430,1393,Mango Lassi,Beverage,70,False
14431,1393,Chocolate Brownie,Dessert,135,True
14432,1393,Chocolate Brownie,Dessert,135,False
14433,1393,Gajar Halwa,Dessert,110,True
14434,1394,Mango Lassi,Beverage,155,True
14435,1394,Uttapam,Main,245,True
14436,1394,Filter Coffee,Main,185,True
14437,1394,Masala Chai,Beverage,135,True
14438,1394,Rava Dosa,Main,145,False
14439,1394,Cold Coffee,Beverage,130,False
14440,1394,Medu Vada,Main,240,False
14441,1394,Idli Sambar,Main,245,False
14442,1394,Masala Dosa,Main,130,True
14443,1394,Pongal,Main,120,False
14444,1394,Chocolate Brownie,Dessert,225,True
14445,1394,Gulab Jamun,Dessert,145,True
14446,1394,Curd Rice,Main,255,True
14447,1395,Veg Biryani,Main,80,True
14448,1395,Gulab Jamun,Dessert,65,False
14449,1395,Mutton Biryani,Main,120,False
14450,1395,Masala Chai,Beverage,65,True
14451,1395,Chocolate Brownie,Dessert,65,False
14452,1395,Boneless Biryani,Main,90,False
14453,1395,Cold Coffee,Beverage,125,True
14454,1395,Hyderabadi Dum Biryani,Main,75,True
14455,1396,Cold Coffee,Beverage,200,False
14456,1396,Chicken Curry,Main,155,True
14457,1396,Tandoori Roti,Main,185,True
14458,1396,Chocolate Brownie,Dessert,130,True
14459,1396,Gulab Jamun,Dessert,200,True
14460,1396,Paneer Butter Masala,Main,160,True
14461,1396,Rajma Chawal,Main,225,True
14462,1396,Mango Lassi,Beverage,185,False
14463,1396,Butter Naan,Main,115,False
14464,1397,Chocolate Brownie,Dessert,255,False
14465,1397,Mango Lassi,Beverage,140,True
14466,1397,Veg Biryani,Main,160,True
14467,1397,Chicken Biryani,Main,160,False
14468,1397,Chicken 65,Main,145,False
14469,1397,Hyderabadi Dum Biryani,Main,250,True
14470,1397,Mutton Biryani,Main,190,True
14471,1398,French Fries,Main,210,False
14472,1398,Veg Burger,Main,135,False
14473,1398,Masala Chai,Beverage,260,True
14474,1398,Gulab Jamun,Dessert,145,True
14475,1398,Mango Lassi,Beverage,250,True
14476,1398,Veg Wrap,Main,165,True
14477,1399,Butter Naan,Main,480,True
14478,1399,Dal Makhani,Main,385,True
14479,1399,Masala Chai,Beverage,375,False
14480,1399,Gulab Jamun,Dessert,240,True
14481,1399,Chole Bhature,Main,435,True
14482,1399,Tandoori Roti,Main,500,True
14483,1399,Mango Lassi,Beverage,405,True
14484,1399,Cold Coffee,Beverage,390,True
14485,1399,Rajma Chawal,Main,335,False
14486,1400,Mutton Biryani,Main,175,True
14487,1400,Chocolate Brownie,Dessert,195,False
14488,1400,Egg Biryani,Main,130,False
14489,1400,Gulab Jamun,Dessert,165,True
14490,1400,Cold Coffee,Beverage,130,False
14491,1400,Masala Chai,Beverage,120,False
14492,1400,Mango Lassi,Beverage,115,False
14493,1400,Boneless Biryani,Main,245,True
14494,1400,Hyderabadi Dum Biryani,Main,120,True
14495,1400,Veg Biryani,Main,255,False
14496,1400,Chicken Biryani,Main,255,True
14497,1400,Chicken 65,Main,230,False
14498,1401,Mango Lassi,Beverage,385,False
14499,1401,Peppy Paneer Pizza,Main,265,False
14500,1401,Margherita Pizza,Main,385,True
14501,1401,Chicken Supreme Pizza,Main,415,True
14502,1401,Cheese Burst Pizza,Main,275,True
14503,1401,Garlic Bread,Main,280,True
14504,1401,Gulab Jamun,Dessert,410,True
14505,1402,French Fries,Main,225,True
14506,1402,Mango Lassi,Beverage,235,True
14507,1402,Masala Chai,Beverage,110,False
14508,1402,Cheese Sandwich,Main,160,False
14509,1402,Peri Peri Fries,Main,175,False
14510,1402,Cold Coffee,Beverage,220,False
14511,1402,Gulab Jamun,Dessert,135,True
14512,1402,Chicken Burger,Main,245,True
14513,1402,Chocolate Brownie,Dessert,205,True
14514,1402,Veg Burger,Main,210,True
14515,1402,Nuggets,Main,230,False
14516,1402,Veg Wrap,Main,200,True
14517,1403,Chole Bhature,Main,195,False
14518,1403,Tandoori Roti,Main,175,False
14519,1403,Butter Naan,Main,250,True
14520,1403,Chocolate Brownie,Dessert,180,True
14521,1403,Shahi Paneer,Main,240,True
14522,1403,Rajma Chawal,Main,180,False
14523,1403,Masala Chai,Beverage,185,False
14524,1403,Gulab Jamun,Dessert,235,False
14525,1403,Dal Makhani,Main,120,True
14526,1403,Mango Lassi,Beverage,245,True
14527,1403,Cold Coffee,Beverage,215,True
14528,1403,Chicken Curry,Main,250,True
14529,1403,Paneer Butter Masala,Main,230,True
14530,1404,Butter Naan,Main,255,True
14531,1404,Rajma Chawal,Main,185,False
14532,1404,Tandoori Roti,Main,210,True
14533,1404,Shahi Paneer,Main,175,True
14534,1404,Gulab Jamun,Dessert,180,False
14535,1404,Chole Bhature,Main,195,False
14536,1404,Chocolate Brownie,Dessert,165,False
14537,1405,Chocolate Brownie,Dessert,145,False
14538,1405,Masala Chai,Beverage,120,True
14539,1405,Chilli Chicken,Main,70,False
14540,1405,Schezwan Noodles,Main,65,False
14541,1405,Mango Lassi,Beverage,95,True
14542,1405,Chilli Paneer,Main,105,True
14543,1405,Chicken Momos,Main,120,True
14544,1405,Veg Hakka Noodles,Main,75,True
14545,1405,Gulab Jamun,Dessert,135,True
14546,1405,Spring Roll,Main,145,True
14547,1405,Cold Coffee,Beverage,60,False
14548,1405,Veg Manchurian,Main,75,True
14549,1405,Fried Rice,Main,130,True
14550,1406,Gulab Jamun,Dessert,150,True
14551,1406,Mango Lassi,Beverage,150,True
14552,1406,Chocolate Brownie,Dessert,245,True
14553,1406,Cold Drink,Beverage,115,False
14554,1406,Masala Chai,Beverage,180,True
14555,1406,Masala Chai,Beverage,190,True
14556,1407,Veg Sandwich,Main,115,False
14557,1407,Gulab Jamun,Dessert,65,True
14558,1407,Pasta Alfredo,Main,100,True
14559,1407,Chocolate Shake,Main,80,True
14560,1407,Masala Chai,Beverage,75,True
14561,1407,Cappuccino,Main,105,False
14562,1407,Club Sandwich,Main,115,True
14563,1407,Croissant,Main,130,True
14564,1408,Chicken Momos,Main,275,False
14565,1408,Spring Roll,Main,310,True
14566,1408,Cold Coffee,Beverage,255,True
14567,1408,Masala Chai,Beverage,250,True
14568,1408,Fried Rice,Main,365,True
14569,1408,Chilli Chicken,Main,260,False
14570,1408,Veg Manchurian,Main,275,False
14571,1408,Schezwan Noodles,Main,330,True
14572,1408,Gulab Jamun,Dessert,425,False
14573,1408,Mango Lassi,Beverage,400,True
14574,1408,Veg Hakka Noodles,Main,375,True
14575,1408,Chilli Paneer,Main,285,False
14576,1408,Chocolate Brownie,Dessert,430,True
14577,1409,Double Egg Roll,Main,155,False
14578,1409,Veg Frankie,Main,110,True
14579,1409,Egg Roll,Main,155,False
14580,1409,Chocolate Brownie,Dessert,135,True
14581,1409,Masala Chai,Beverage,135,True
14582,1409,Chicken Roll,Main,150,True
14583,1409,Mango Lassi,Beverage,175,True
14584,1409,Gulab Jamun,Dessert,155,False
14585,1409,Cold Coffee,Beverage,130,False
14586,1409,Paneer Roll,Main,190,True
14587,1410,Cheese Sandwich,Main,190,True
14588,1410,Chocolate Brownie,Dessert,205,False
14589,1410,Nuggets,Main,255,False
14590,1410,Mango Lassi,Beverage,250,False
14591,1410,French Fries,Main,210,True
14592,1410,Cold Coffee,Beverage,190,False
14593,1410,Masala Chai,Beverage,130,False
14594,1411,Fruit Bowl,Main,175,True
14595,1411,Grilled Chicken Bowl,Main,165,True
14596,1411,Quinoa Salad,Main,260,False
14597,1411,Chocolate Brownie,Dessert,115,True
14598,1411,Mango Lassi,Beverage,170,False
14599,1411,Sprout Salad,Main,165,False
14600,1411,Cold Coffee,Beverage,110,True
14601,1411,Gulab Jamun,Dessert,255,True
14602,1411,Masala Chai,Beverage,185,True
14603,1412,Chole Bhature,Main,185,False
14604,1412,Butter Naan,Main,170,False
14605,1412,Tandoori Roti,Main,215,False
14606,1412,Paneer Butter Masala,Main,255,True
14607,1412,Cold Coffee,Beverage,255,True
14608,1412,Dal Makhani,Main,245,True
14609,1412,Gulab Jamun,Dessert,195,False
14610,1412,Chocolate Brownie,Dessert,255,True
14611,1412,Chicken Curry,Main,130,False
14612,1412,Shahi Paneer,Main,165,True
14613,1412,Rajma Chawal,Main,145,True
14614,1412,Masala Chai,Beverage,225,True
14615,1412,Mango Lassi,Beverage,185,True
14616,1413,Mango Lassi,Beverage,215,True
14617,1413,Chicken Burger,Main,215,False
14618,1413,Chocolate Brownie,Dessert,225,True
14619,1413,Masala Chai,Beverage,205,False
14620,1413,Peri Peri Fries,Main,220,False
14621,1413,Veg Wrap,Main,235,True
14622,1413,Nuggets,Main,215,True
14623,1413,Cold Coffee,Beverage,235,True
14624,1413,Cheese Sandwich,Main,155,True
14625,1413,Gulab Jamun,Dessert,250,False
14626,1413,French Fries,Main,190,True
14627,1413,Veg Burger,Main,190,False
14628,1414,Veg Burger,Main,170,True
14629,1414,Cheese Sandwich,Main,255,False
14630,1414,Cold Coffee,Beverage,155,True
14631,1414,Masala Chai,Beverage,110,True
14632,1414,Veg Wrap,Main,150,True
14633,1414,Chicken Burger,Main,245,True
14634,1414,Chocolate Brownie,Dessert,195,True
14635,1414,Gulab Jamun,Dessert,170,True
14636,1414,Mango Lassi,Beverage,230,True
14637,1414,Peri Peri Fries,Main,215,True
14638,1414,French Fries,Main,245,True
14639,1414,Nuggets,Main,235,False
14640,1415,Schezwan Noodles,Main,115,True
14641,1415,Gulab Jamun,Dessert,120,True
14642,1415,Spring Roll,Main,80,False
14643,1415,Chilli Paneer,Main,65,False
14644,1415,Veg Manchurian,Main,65,True
14645,1415,Masala Chai,Beverage,80,True
14646,1415,Veg Hakka Noodles,Main,150,True
14647,1415,Chicken Momos,Main,100,False
14648,1415,Chocolate Brownie,Dessert,85,True
14649,1416,Rajma Chawal,Main,215,False
14650,1416,Chole Bhature,Main,230,True
14651,1416,Paneer Butter Masala,Main,250,False
14652,1416,Shahi Paneer,Main,230,False
14653,1416,Tandoori Roti,Main,230,True
14654,1416,Masala Chai,Beverage,180,True
14655,1416,Mango Lassi,Beverage,240,True
14656,1416,Cold Coffee,Beverage,170,True
14657,1416,Gulab Jamun,Dessert,175,False
14658,1416,Dal Makhani,Main,225,True
14659,1416,Butter Naan,Main,175,True
14660,1416,Chicken Curry,Main,220,True
14661,1416,Chocolate Brownie,Dessert,145,True
14662,1417,Paneer Butter Masala,Main,80,True
14663,1417,Gulab Jamun,Dessert,95,True
14664,1417,Tandoori Roti,Main,100,False
14665,1417,Masala Chai,Beverage,95,True
14666,1417,Shahi Paneer,Main,100,False
14667,1417,Mango Lassi,Beverage,135,True
14668,1418,Chicken 65,Main,210,True
14669,1418,Egg Biryani,Main,145,True
14670,1418,Cold Coffee,Beverage,205,False
14671,1418,Boneless Biryani,Main,165,True
14672,1418,Hyderabadi Dum Biryani,Main,250,False
14673,1418,Veg Biryani,Main,205,True
14674,1418,Chocolate Brownie,Dessert,220,False
14675,1418,Gulab Jamun,Dessert,145,True
14676,1418,Chicken Biryani,Main,115,False
14677,1418,Mango Lassi,Beverage,235,True
14678,1418,Masala Chai,Beverage,240,False
14679,1418,Mutton Biryani,Main,240,False
14680,1419,Peppy Paneer Pizza,Main,200,False
14681,1419,Chicken Supreme Pizza,Main,145,True
14682,1419,Garlic Bread,Main,200,False
14683,1419,Margherita Pizza,Main,160,False
14684,1419,Masala Chai,Beverage,115,True
14685,1419,Cheese Burst Pizza,Main,195,True
14686,1419,Mango Lassi,Beverage,185,True
14687,1419,Farmhouse Pizza,Main,240,True
14688,1419,Gulab Jamun,Dessert,165,True
14689,1419,Chocolate Brownie,Dessert,235,True
14690,1419,Cold Coffee,Beverage,125,True
14691,1420,Chocolate Brownie,Dessert,70,True
14692,1420,Double Egg Roll,Main,140,False
14693,1420,Mango Lassi,Beverage,60,False
14694,1420,Masala Chai,Beverage,90,False
14695,1420,Chicken Roll,Main,130,False
14696,1420,Cold Coffee,Beverage,95,False
14697,1420,Egg Roll,Main,120,True
14698,1420,Veg Frankie,Main,135,False
14699,1420,Paneer Roll,Main,110,False
14700,1420,Gulab Jamun,Dessert,115,False
14701,1421,Filter Coffee,Main,135,True
14702,1421,Gulab Jamun,Dessert,150,True
14703,1421,Cold Coffee,Beverage,260,True
14704,1421,Medu Vada,Main,130,True
14705,1421,Uttapam,Main,115,True
14706,1421,Mango Lassi,Beverage,120,True
14707,1421,Idli Sambar,Main,175,False
14708,1421,Pongal,Main,235,True
14709,1421,Rava Dosa,Main,145,True
14710,1421,Masala Dosa,Main,160,True
14711,1421,Curd Rice,Main,145,False
14712,1422,Cappuccino,Main,235,False
14713,1422,Mango Lassi,Beverage,220,True
14714,1422,Gulab Jamun,Dessert,130,True
14715,1422,Croissant,Main,135,False
14716,1422,Pasta Alfredo,Main,135,True
14717,1422,Masala Chai,Beverage,125,False
14718,1422,Chocolate Brownie,Dessert,200,True
14719,1422,Chocolate Shake,Main,170,True
14720,1422,Cold Coffee,Beverage,235,True
14721,1422,Club Sandwich,Main,120,True
14722,1422,Veg Sandwich,Main,145,True
14723,1423,Veg Manchurian,Main,140,False
14724,1423,Chilli Paneer,Main,150,True
14725,1423,Fried Rice,Main,200,True
14726,1423,Gulab Jamun,Dessert,235,True
14727,1423,Schezwan Noodles,Main,260,True
14728,1423,Masala Chai,Beverage,255,True
14729,1423,Mango Lassi,Beverage,255,False
14730,1423,Chocolate Brownie,Dessert,155,True
14731,1423,Spring Roll,Main,200,True
14732,1423,Veg Hakka Noodles,Main,155,False
14733,1423,Chilli Chicken,Main,225,False
14734,1423,Cold Coffee,Beverage,240,False
14735,1423,Chicken Momos,Main,215,False
14736,1424,Masala Chai,Beverage,115,True
14737,1424,Mango Lassi,Beverage,180,True
14738,1424,Kachori,Main,115,False
14739,1424,Cold Coffee,Beverage,240,False
14740,1424,Samosa,Main,190,False
14741,1424,Vada Pav,Main,230,False
14742,1424,Gulab Jamun,Dessert,230,True
14743,1425,Cold Coffee,Beverage,175,True
14744,1425,Gulab Jamun,Dessert,255,False
14745,1425,Paneer Butter Masala,Main,175,False
14746,1425,Chocolate Brownie,Dessert,130,True
14747,1425,Chicken Curry,Main,150,True
14748,1425,Mango Lassi,Beverage,205,False
14749,1425,Tandoori Roti,Main,200,True
14750,1425,Dal Makhani,Main,230,True
14751,1425,Rajma Chawal,Main,215,True
14752,1425,Masala Chai,Beverage,185,False
14753,1425,Butter Naan,Main,115,True
14754,1425,Chole Bhature,Main,250,True
14755,1425,Shahi Paneer,Main,240,False
14756,1426,Cold Coffee,Beverage,190,True
14757,1426,Chocolate Brownie,Dessert,240,False
14758,1426,Mango Lassi,Beverage,180,True
14759,1426,Cold Coffee,Beverage,170,False
14760,1426,Cold Drink,Beverage,115,False
14761,1426,Masala Chai,Beverage,210,False
14762,1426,Fresh Lime Soda,Beverage,210,True
14763,1427,Galouti Kebab,Main,100,True
14764,1427,Mutton Rogan Josh,Main,65,True
14765,1427,Gulab Jamun,Dessert,80,False
14766,1427,Chicken Korma,Main,70,False
14767,1427,Mango Lassi,Beverage,100,False
14768,1427,Chocolate Brownie,Dessert,75,False
14769,1428,Cold Coffee,Beverage,75,False
14770,1428,Cold Drink,Beverage,85,False
14771,1428,Cold Coffee,Beverage,145,False
14772,1428,Buttermilk,Beverage,90,False
14773,1428,Chocolate Brownie,Dessert,80,False
14774,1428,Gulab Jamun,Dessert,125,True
14775,1428,Mango Lassi,Beverage,135,True
14776,1428,Mango Lassi,Beverage,140,True
14777,1428,Masala Chai,Beverage,140,True
14778,1428,Fresh Lime Soda,Beverage,100,True
14779,1428,Masala Chai,Beverage,70,True
14780,1429,Chocolate Brownie,Dessert,245,True
14781,1429,Choco Lava Cake,Dessert,210,True
14782,1429,Gulab Jamun,Dessert,185,False
14783,1429,Rasmalai,Dessert,135,False
14784,1429,Chocolate Brownie,Dessert,180,True
14785,1429,Mango Lassi,Beverage,245,False
14786,1429,Cold Coffee,Beverage,250,False
14787,1429,Masala Chai,Beverage,210,True
14788,1429,Ice Cream Tub,Dessert,220,False
14789,1429,Gajar Halwa,Dessert,160,False
14790,1429,Gulab Jamun,Dessert,185,False
14791,1430,Schezwan Noodles,Main,65,True
14792,1430,Chocolate Brownie,Dessert,95,True
14793,1430,Veg Hakka Noodles,Main,150,False
14794,1430,Chilli Chicken,Main,145,False
14795,1430,Gulab Jamun,Dessert,105,False
14796,1430,Spring Roll,Main,75,True
14797,1431,Cold Coffee,Beverage,130,True
14798,1431,Gulab Jamun,Dessert,145,False
14799,1431,Chicken Roll,Main,85,False
14800,1431,Egg Roll,Main,110,True
14801,1431,Chocolate Brownie,Dessert,135,False
14802,1431,Mango Lassi,Beverage,85,True
14803,1431,Masala Chai,Beverage,95,True
14804,1431,Paneer Roll,Main,105,True
14805,1432,Chocolate Brownie,Dessert,75,False
14806,1432,Peri Peri Fries,Main,125,True
14807,1432,Veg Burger,Main,125,True
14808,1432,French Fries,Main,150,False
14809,1432,Masala Chai,Beverage,65,False
14810,1432,Nuggets,Main,75,True
14811,1432,Chicken Burger,Main,105,True
14812,1432,Cold Coffee,Beverage,125,True
14813,1432,Gulab Jamun,Dessert,115,False
14814,1432,Veg Wrap,Main,95,True
14815,1432,Mango Lassi,Beverage,85,True
14816,1432,Cheese Sandwich,Main,130,True
14817,1433,Gulab Jamun,Dessert,125,True
14818,1433,Chicken Biryani,Main,70,False
14819,1433,Veg Biryani,Main,135,False
14820,1433,Hyderabadi Dum Biryani,Main,70,False
14821,1433,Chicken 65,Main,100,True
14822,1433,Mango Lassi,Beverage,125,False
14823,1433,Cold Coffee,Beverage,60,True
14824,1433,Boneless Biryani,Main,100,False
14825,1433,Egg Biryani,Main,60,False
14826,1433,Mutton Biryani,Main,145,False
14827,1433,Masala Chai,Beverage,80,False
14828,1433,Chocolate Brownie,Dessert,105,False
14829,1434,Grilled Chicken Bowl,Main,325,False
14830,1434,Mango Lassi,Beverage,500,True
14831,1434,Chocolate Brownie,Dessert,415,True
14832,1434,Quinoa Salad,Main,305,True
14833,1434,Sprout Salad,Main,345,False
14834,1434,Fruit Bowl,Main,425,True
14835,1434,Masala Chai,Beverage,520,True
14836,1434,Cold Coffee,Beverage,445,True
14837,1434,Gulab Jamun,Dessert,365,False
14838,1435,Chocolate Brownie,Dessert,60,True
14839,1435,Chilli Chicken,Main,130,True
14840,1435,Fried Rice,Main,115,True
14841,1435,Chilli Paneer,Main,110,True
14842,1435,Cold Coffee,Beverage,60,False
14843,1435,Masala Chai,Beverage,85,False
14844,1435,Mango Lassi,Beverage,105,True
14845,1435,Veg Hakka Noodles,Main,65,True
14846,1435,Schezwan Noodles,Main,105,True
14847,1435,Gulab Jamun,Dessert,150,True
14848,1435,Veg Manchurian,Main,95,True
14849,1435,Chicken Momos,Main,115,True
14850,1435,Spring Roll,Main,120,False
14851,1436,Gulab Jamun,Dessert,105,True
14852,1436,Mutton Biryani,Main,60,False
14853,1436,Cold Coffee,Beverage,100,True
14854,1436,Hyderabadi Dum Biryani,Main,70,True
14855,1436,Chocolate Brownie,Dessert,90,True
14856,1436,Boneless Biryani,Main,65,True
14857,1436,Mango Lassi,Beverage,120,True
14858,1436,Veg Biryani,Main,145,False
14859,1437,Mutton Rogan Josh,Main,295,False
14860,1437,Chicken Korma,Main,410,True
14861,1437,Galouti Kebab,Main,310,True
14862,1437,Chocolate Brownie,Dessert,515,True
14863,1437,Gulab Jamun,Dessert,380,True
14864,1437,Cold Coffee,Beverage,370,False
14865,1437,Masala Chai,Beverage,480,True
14866,1437,Seekh Kebab,Main,485,True
14867,1437,Mango Lassi,Beverage,410,True
14868,1438,Mango Lassi,Beverage,510,False
14869,1438,Gulab Jamun,Dessert,380,False
14870,1438,Veg Hakka Noodles,Main,320,False
14871,1438,Chilli Chicken,Main,415,True
14872,1438,Fried Rice,Main,265,True
14873,1438,Spring Roll,Main,455,True
14874,1438,Chocolate Brownie,Dessert,510,True
14875,1438,Masala Chai,Beverage,480,True
14876,1438,Chilli Paneer,Main,395,False
14877,1438,Chicken Momos,Main,360,False
14878,1438,Cold Coffee,Beverage,435,True
14879,1438,Schezwan Noodles,Main,470,True
14880,1438,Veg Manchurian,Main,350,False
14881,1439,Masala Chai,Beverage,115,False
14882,1439,Mango Lassi,Beverage,100,True
14883,1439,Chole Bhature,Main,115,True
14884,1439,Butter Naan,Main,120,True
14885,1439,Tandoori Roti,Main,130,False
14886,1439,Chicken Curry,Main,85,True
14887,1439,Shahi Paneer,Main,135,True
14888,1439,Dal Makhani,Main,100,False
14889,1439,Paneer Butter Masala,Main,95,True
14890,1439,Gulab Jamun,Dessert,150,True
14891,1439,Cold Coffee,Beverage,140,False
14892,1439,Rajma Chawal,Main,100,False
14893,1439,Chocolate Brownie,Dessert,75,False
14894,1440,Chicken Momos,Main,450,False
14895,1440,Gulab Jamun,Dessert,495,False
14896,1440,Schezwan Noodles,Main,455,True
14897,1440,Veg Hakka Noodles,Main,455,True
14898,1440,Spring Roll,Main,365,False
14899,1440,Fried Rice,Main,450,True
14900,1440,Mango Lassi,Beverage,375,True
14901,1440,Chilli Paneer,Main,380,True
14902,1440,Masala Chai,Beverage,255,True
14903,1440,Veg Manchurian,Main,320,False
14904,1440,Chilli Chicken,Main,365,True
14905,1440,Chocolate Brownie,Dessert,350,False
14906,1440,Cold Coffee,Beverage,495,False
14907,1441,Mango Lassi,Beverage,80,True
14908,1441,Ice Cream Tub,Dessert,60,False
14909,1441,Gulab Jamun,Dessert,85,True
14910,1441,Choco Lava Cake,Dessert,90,True
14911,1441,Masala Chai,Beverage,125,True
14912,1441,Gajar Halwa,Dessert,85,True
14913,1441,Gulab Jamun,Dessert,130,True
14914,1441,Cold Coffee,Beverage,90,True
14915,1441,Chocolate Brownie,Dessert,145,False
14916,1441,Rasmalai,Dessert,65,False
14917,1441,Chocolate Brownie,Dessert,140,False
14918,1442,Pasta Alfredo,Main,225,False
14919,1442,Cappuccino,Main,130,True
14920,1442,Club Sandwich,Main,245,True
14921,1442,Mango Lassi,Beverage,170,True
14922,1442,Chocolate Brownie,Dessert,195,True
14923,1442,Gulab Jamun,Dessert,175,True
14924,1442,Croissant,Main,230,True
14925,1442,Masala Chai,Beverage,170,True
14926,1442,Cold Coffee,Beverage,230,False
14927,1442,Chocolate Shake,Main,115,True
14928,1443,Tandoori Roti,Main,135,True
14929,1443,Chocolate Brownie,Dessert,90,True
14930,1443,Butter Naan,Main,120,True
14931,1443,Mango Lassi,Beverage,85,False
14932,1443,Chicken Curry,Main,125,False
14933,1443,Masala Chai,Beverage,85,False
14934,1444,Garlic Bread,Main,140,False
14935,1444,Cold Coffee,Beverage,80,False
14936,1444,Peppy Paneer Pizza,Main,95,False
14937,1444,Chicken Supreme Pizza,Main,95,True
14938,1444,Gulab Jamun,Dessert,105,True
14939,1444,Mango Lassi,Beverage,115,True
14940,1444,Masala Chai,Beverage,140,True
14941,1444,Farmhouse Pizza,Main,65,False
14942,1444,Margherita Pizza,Main,135,True
14943,1445,Masala Chai,Beverage,65,False
14944,1445,Nuggets,Main,125,True
14945,1445,Gulab Jamun,Dessert,75,True
14946,1445,Cold Coffee,Beverage,75,True
14947,1445,Veg Wrap,Main,110,True
14948,1445,Mango Lassi,Beverage,110,False
14949,1445,Chocolate Brownie,Dessert,70,False
14950,1445,French Fries,Main,75,True
14951,1445,Peri Peri Fries,Main,125,False
14952,1445,Veg Burger,Main,130,False
14953,1445,Chicken Burger,Main,60,True
14954,1446,Masala Chai,Beverage,165,True
14955,1446,Peppy Paneer Pizza,Main,155,True
14956,1446,Farmhouse Pizza,Main,115,False
14957,1446,Chicken Supreme Pizza,Main,230,True
14958,1446,Mango Lassi,Beverage,130,False
14959,1446,Margherita Pizza,Main,205,False
14960,1446,Cold Coffee,Beverage,205,True
14961,1446,Cheese Burst Pizza,Main,230,True
14962,1446,Gulab Jamun,Dessert,150,True
14963,1446,Chocolate Brownie,Dessert,245,False
14964,1446,Garlic Bread,Main,215,True
14965,1447,Mango Lassi,Beverage,110,True
14966,1447,Cold Coffee,Beverage,75,True
14967,1447,Cheese Burst Pizza,Main,60,True
14968,1447,Chicken Supreme Pizza,Main,70,True
14969,1447,Margherita Pizza,Main,80,False
14970,1447,Farmhouse Pizza,Main,70,True
14971,1447,Masala Chai,Beverage,70,True
14972,1447,Garlic Bread,Main,90,True
14973,1447,Peppy Paneer Pizza,Main,115,True
14974,1447,Chocolate Brownie,Dessert,80,False
14975,1447,Gulab Jamun,Dessert,130,False
14976,1448,Cold Coffee,Beverage,100,False
14977,1448,Pani Puri,Main,135,True
14978,1448,Kachori,Main,65,False
14979,1448,Gulab Jamun,Dessert,80,True
14980,1448,Masala Chai,Beverage,140,False
14981,1448,Mango Lassi,Beverage,75,True
14982,1448,Pav Bhaji,Main,125,True
14983,1448,Samosa,Main,125,True
14984,1448,Vada Pav,Main,135,False
14985,1448,Chocolate Brownie,Dessert,150,False
14986,1448,Dahi Puri,Main,90,True
14987,1449,Veg Manchurian,Main,135,True
14988,1449,Cold Coffee,Beverage,115,False
14989,1449,Gulab Jamun,Dessert,245,True
14990,1449,Spring Roll,Main,150,True
14991,1449,Chilli Chicken,Main,150,True
14992,1449,Chicken Momos,Main,200,False
14993,1449,Masala Chai,Beverage,145,True
14994,1450,Spring Roll,Main,80,True
14995,1450,Gulab Jamun,Dessert,80,False
14996,1450,Masala Chai,Beverage,115,False
14997,1450,Chilli Paneer,Main,70,False
14998,1450,Schezwan Noodles,Main,105,False
14999,1450,Chicken Momos,Main,150,True
15000,1450,Veg Manchurian,Main,140,True
15001,1450,Chocolate Brownie,Dessert,135,False
15002,1450,Mango Lassi,Beverage,75,True
15003,1450,Cold Coffee,Beverage,140,True
15004,1450,Chilli Chicken,Main,125,True
15005,1450,Fried Rice,Main,85,False
15006,1451,Veg Wrap,Main,130,False
15007,1451,Chocolate Brownie,Dessert,195,False
15008,1451,Chicken Burger,Main,150,True
15009,1451,Masala Chai,Beverage,240,False
15010,1451,Gulab Jamun,Dessert,140,True
15011,1451,French Fries,Main,160,False
15012,1451,Peri Peri Fries,Main,140,True
15013,1451,Mango Lassi,Beverage,235,True
15014,1451,Veg Burger,Main,200,True
15015,1451,Cheese Sandwich,Main,175,True
15016,1451,Cold Coffee,Beverage,135,True
15017,1451,Nuggets,Main,170,True
15018,1452,Veg Biryani,Main,80,False
15019,1452,Hyderabadi Dum Biryani,Main,65,True
15020,1452,Masala Chai,Beverage,140,True
15021,1452,Chicken 65,Main,130,True
15022,1452,Mutton Biryani,Main,120,True
15023,1452,Chicken Biryani,Main,105,True
15024,1452,Chocolate Brownie,Dessert,65,True
15025,1452,Gulab Jamun,Dessert,130,False
15026,1452,Cold Coffee,Beverage,85,True
15027,1452,Boneless Biryani,Main,95,True
15028,1452,Egg Biryani,Main,115,True
15029,1452,Mango Lassi,Beverage,115,True
15030,1453,Veg Biryani,Main,115,False
15031,1453,Chocolate Brownie,Dessert,90,False
15032,1453,Hyderabadi Dum Biryani,Main,75,True
15033,1453,Chicken Biryani,Main,95,True
15034,1453,Chicken 65,Main,100,False
15035,1453,Egg Biryani,Main,80,True
15036,1453,Masala Chai,Beverage,105,False
15037,1453,Boneless Biryani,Main,130,False
15038,1453,Cold Coffee,Beverage,140,True
15039,1453,Mutton Biryani,Main,105,False
15040,1453,Gulab Jamun,Dessert,135,False
15041,1453,Mango Lassi,Beverage,65,True
15042,1454,Chocolate Brownie,Dessert,70,False
15043,1454,Dal Makhani,Main,85,True
15044,1454,Masala Chai,Beverage,140,True
15045,1454,Gulab Jamun,Dessert,120,False
15046,1454,Tandoori Roti,Main,80,True
15047,1454,Paneer Butter Masala,Main,115,True
15048,1454,Rajma Chawal,Main,100,False
15049,1455,Shahi Paneer,Main,165,True
15050,1455,Tandoori Roti,Main,185,True
15051,1455,Chocolate Brownie,Dessert,215,False
15052,1455,Rajma Chawal,Main,230,True
15053,1455,Dal Makhani,Main,195,True
15054,1455,Cold Coffee,Beverage,170,False
15055,1455,Butter Naan,Main,130,False
15056,1455,Gulab Jamun,Dessert,160,False
15057,1455,Paneer Butter Masala,Main,185,True
15058,1455,Masala Chai,Beverage,205,True
15059,1455,Chicken Curry,Main,140,False
15060,1455,Chole Bhature,Main,225,True
15061,1455,Mango Lassi,Beverage,250,True
15062,1456,Gulab Jamun,Dessert,100,True
15063,1456,Masala Chai,Beverage,95,False
15064,1456,Mango Lassi,Beverage,145,True
15065,1456,Pav Bhaji,Main,85,False
15066,1456,Samosa,Main,100,True
15067,1456,Dahi Puri,Main,65,False
15068,1456,Chocolate Brownie,Dessert,95,False
15069,1456,Kachori,Main,130,True
15070,1456,Cold Coffee,Beverage,110,True
15071,1456,Vada Pav,Main,145,False
15072,1456,Pani Puri,Main,120,True
15073,1457,Shahi Paneer,Main,210,True
15074,1457,Butter Naan,Main,205,False
15075,1457,Tandoori Roti,Main,210,False
15076,1457,Dal Makhani,Main,125,True
15077,1457,Gulab Jamun,Dessert,235,True
15078,1457,Masala Chai,Beverage,255,True
15079,1457,Chocolate Brownie,Dessert,165,True
15080,1457,Paneer Butter Masala,Main,155,False
15081,1457,Chole Bhature,Main,200,True
15082,1458,Veg Burger,Main,140,True
15083,1458,Chocolate Brownie,Dessert,180,True
15084,1458,Chicken Burger,Main,230,True
15085,1458,Cold Coffee,Beverage,210,True
15086,1458,Cheese Sandwich,Main,250,False
15087,1458,Gulab Jamun,Dessert,230,True
15088,1458,Veg Wrap,Main,175,True
15089,1458,Mango Lassi,Beverage,250,False
15090,1458,French Fries,Main,140,True
15091,1458,Nuggets,Main,195,True
15092,1458,Masala Chai,Beverage,180,False
15093,1458,Peri Peri Fries,Main,230,True
15094,1459,Chocolate Brownie,Dessert,150,True
15095,1459,Gulab Jamun,Dessert,220,True
15096,1459,Choco Lava Cake,Dessert,180,True
15097,1459,Cold Coffee,Beverage,245,False
15098,1459,Ice Cream Tub,Dessert,135,False
15099,1459,Chocolate Brownie,Dessert,180,True
15100,1459,Mango Lassi,Beverage,180,True
15101,1459,Gajar Halwa,Dessert,145,False
15102,1459,Gulab Jamun,Dessert,145,False
15103,1460,Gulab Jamun,Dessert,170,True
15104,1460,Shahi Paneer,Main,135,True
15105,1460,Chicken Curry,Main,200,True
15106,1460,Chole Bhature,Main,135,True
15107,1460,Mango Lassi,Beverage,180,False
15108,1460,Tandoori Roti,Main,250,True
15109,1460,Butter Naan,Main,250,False
15110,1460,Rajma Chawal,Main,170,True
15111,1461,Uttapam,Main,250,False
15112,1461,Filter Coffee,Main,505,False
15113,1461,Rava Dosa,Main,345,True
15114,1461,Idli Sambar,Main,485,True
15115,1461,Medu Vada,Main,255,False
15116,1461,Gulab Jamun,Dessert,285,False
15117,1461,Curd Rice,Main,495,True
15118,1461,Mango Lassi,Beverage,500,False
15119,1461,Masala Dosa,Main,430,True
15120,1461,Chocolate Brownie,Dessert,300,True
15121,1461,Pongal,Main,255,True
15122,1461,Masala Chai,Beverage,420,False
15123,1462,Veg Manchurian,Main,100,True
15124,1462,Chilli Chicken,Main,145,False
15125,1462,Mango Lassi,Beverage,110,True
15126,1462,Veg Hakka Noodles,Main,120,True
15127,1462,Chicken Momos,Main,125,False
15128,1462,Gulab Jamun,Dessert,135,True
15129,1462,Schezwan Noodles,Main,140,True
15130,1462,Spring Roll,Main,120,True
15131,1462,Chilli Paneer,Main,140,True
15132,1462,Chocolate Brownie,Dessert,80,False
15133,1463,Hyderabadi Dum Biryani,Main,200,True
15134,1463,Egg Biryani,Main,150,False
15135,1463,Gulab Jamun,Dessert,115,False
15136,1463,Chicken Biryani,Main,230,True
15137,1463,Veg Biryani,Main,160,True
15138,1463,Mango Lassi,Beverage,110,False
15139,1463,Chocolate Brownie,Dessert,230,True
15140,1463,Masala Chai,Beverage,170,True
15141,1463,Cold Coffee,Beverage,125,True
15142,1463,Chicken 65,Main,155,False
15143,1463,Mutton Biryani,Main,125,True
15144,1463,Boneless Biryani,Main,180,True
15145,1464,Cold Coffee,Beverage,520,True
15146,1464,Schezwan Noodles,Main,515,False
15147,1464,Veg Hakka Noodles,Main,330,True
15148,1464,Chilli Chicken,Main,250,True
15149,1464,Mango Lassi,Beverage,285,True
15150,1464,Chocolate Brownie,Dessert,490,True
15151,1464,Chilli Paneer,Main,440,False
15152,1464,Masala Chai,Beverage,385,False
15153,1464,Veg Manchurian,Main,355,True
15154,1464,Chicken Momos,Main,455,False
15155,1464,Spring Roll,Main,425,True
15156,1464,Gulab Jamun,Dessert,380,True
15157,1464,Fried Rice,Main,495,False
15158,1465,Chicken Supreme Pizza,Main,100,False
15159,1465,Margherita Pizza,Main,135,True
15160,1465,Cheese Burst Pizza,Main,125,True
15161,1465,Garlic Bread,Main,90,False
15162,1465,Chocolate Brownie,Dessert,150,False
15163,1465,Mango Lassi,Beverage,120,False
15164,1465,Gulab Jamun,Dessert,75,True
15165,1465,Farmhouse Pizza,Main,115,True
15166,1465,Masala Chai,Beverage,85,False
15167,1465,Peppy Paneer Pizza,Main,85,False
15168,1465,Cold Coffee,Beverage,105,True
15169,1466,Uttapam,Main,130,True
15170,1466,Curd Rice,Main,185,False
15171,1466,Medu Vada,Main,185,False
15172,1466,Filter Coffee,Main,130,True
15173,1466,Mango Lassi,Beverage,220,True
15174,1466,Chocolate Brownie,Dessert,170,False
15175,1466,Masala Dosa,Main,130,True
15176,1466,Masala Chai,Beverage,245,False
15177,1466,Rava Dosa,Main,165,True
15178,1466,Cold Coffee,Beverage,120,True
15179,1466,Pongal,Main,115,True
15180,1466,Idli Sambar,Main,260,True
15181,1466,Gulab Jamun,Dessert,255,True
15182,1467,Tandoori Roti,Main,485,False
15183,1467,Chole Bhature,Main,305,False
15184,1467,Rajma Chawal,Main,420,False
15185,1467,Mango Lassi,Beverage,415,True
15186,1467,Chocolate Brownie,Dessert,320,True
15187,1467,Butter Naan,Main,395,True
15188,1467,Shahi Paneer,Main,480,False
15189,1467,Dal Makhani,Main,450,True
15190,1468,Shahi Paneer,Main,140,True
15191,1468,Paneer Butter Masala,Main,235,True
15192,1468,Chocolate Brownie,Dessert,185,True
15193,1468,Masala Chai,Beverage,200,True
15194,1468,Butter Naan,Main,165,True
15195,1468,Mango Lassi,Beverage,185,False
15196,1468,Tandoori Roti,Main,125,False
15197,1468,Chicken Curry,Main,150,False
15198,1468,Gulab Jamun,Dessert,125,False
15199,1468,Chole Bhature,Main,215,True
15200,1468,Rajma Chawal,Main,245,True
15201,1468,Dal Makhani,Main,130,True
15202,1469,Fried Rice,Main,335,True
15203,1469,Masala Chai,Beverage,465,True
15204,1469,Gulab Jamun,Dessert,415,False
15205,1469,Chocolate Brownie,Dessert,315,True
15206,1469,Mango Lassi,Beverage,285,False
15207,1469,Veg Manchurian,Main,330,True
15208,1469,Chicken Momos,Main,445,False
15209,1469,Veg Hakka Noodles,Main,335,True
15210,1469,Cold Coffee,Beverage,385,True
15211,1469,Chilli Paneer,Main,350,True
15212,1469,Schezwan Noodles,Main,370,True
15213,1469,Chilli Chicken,Main,445,True
15214,1469,Spring Roll,Main,385,True
15215,1470,Fried Rice,Main,125,True
15216,1470,Spring Roll,Main,70,True
15217,1470,Veg Manchurian,Main,100,False
15218,1470,Cold Coffee,Beverage,70,False
15219,1470,Chilli Paneer,Main,125,False
15220,1470,Masala Chai,Beverage,135,True
15221,1470,Chicken Momos,Main,125,True
15222,1470,Veg Hakka Noodles,Main,140,False
15223,1470,Chilli Chicken,Main,65,True
15224,1470,Gulab Jamun,Dessert,140,True
15225,1470,Schezwan Noodles,Main,130,False
15226,1471,Samosa,Main,120,True
15227,1471,Pani Puri,Main,220,True
15228,1471,Masala Chai,Beverage,200,False
15229,1471,Dahi Puri,Main,175,True
15230,1471,Cold Coffee,Beverage,250,False
15231,1471,Pav Bhaji,Main,140,False
15232,1471,Gulab Jamun,Dessert,175,False
15233,1471,Vada Pav,Main,220,True
15234,1471,Mango Lassi,Beverage,220,True
15235,1471,Kachori,Main,210,True
15236,1471,Chocolate Brownie,Dessert,125,True
15237,1472,Chole Bhature,Main,125,True
15238,1472,Cold Coffee,Beverage,115,True
15239,1472,Chocolate Brownie,Dessert,130,True
15240,1472,Gulab Jamun,Dessert,145,True
15241,1472,Tandoori Roti,Main,75,False
15242,1472,Paneer Butter Masala,Main,150,True
15243,1472,Shahi Paneer,Main,65,False
15244,1472,Dal Makhani,Main,125,True
15245,1472,Masala Chai,Beverage,80,True
15246,1472,Butter Naan,Main,90,True
15247,1472,Rajma Chawal,Main,105,True
15248,1472,Mango Lassi,Beverage,125,False
15249,1472,Chicken Curry,Main,150,False
15250,1473,Masala Chai,Beverage,115,True
15251,1473,Veg Wrap,Main,75,True
15252,1473,Chicken Burger,Main,70,True
15253,1473,Cold Coffee,Beverage,75,True
15254,1473,Chocolate Brownie,Dessert,70,False
15255,1473,Cheese Sandwich,Main,140,False
15256,1473,Mango Lassi,Beverage,105,False
15257,1473,Veg Burger,Main,90,False
15258,1473,Nuggets,Main,130,False
15259,1473,French Fries,Main,135,True
15260,1473,Peri Peri Fries,Main,130,True
15261,1473,Gulab Jamun,Dessert,110,True
15262,1474,Cold Coffee,Beverage,425,False
15263,1474,Veg Wrap,Main,350,True
15264,1474,French Fries,Main,330,False
15265,1474,Gulab Jamun,Dessert,275,True
15266,1474,Nuggets,Main,455,True
15267,1474,Masala Chai,Beverage,435,False
15268,1474,Chocolate Brownie,Dessert,395,True
15269,1474,Chicken Burger,Main,435,True
15270,1474,Peri Peri Fries,Main,440,True
15271,1474,Mango Lassi,Beverage,475,False
15272,1474,Veg Burger,Main,395,False
15273,1475,Garlic Bread,Main,145,True
15274,1475,Margherita Pizza,Main,120,True
15275,1475,Cold Coffee,Beverage,140,True
15276,1475,Mango Lassi,Beverage,65,True
15277,1475,Masala Chai,Beverage,90,True
15278,1475,Gulab Jamun,Dessert,125,False
15279,1475,Farmhouse Pizza,Main,70,True
15280,1475,Peppy Paneer Pizza,Main,75,True
15281,1475,Chicken Supreme Pizza,Main,110,True
15282,1475,Chocolate Brownie,Dessert,135,True
15283,1475,Cheese Burst Pizza,Main,125,False
15284,1476,Margherita Pizza,Main,345,False
15285,1476,Farmhouse Pizza,Main,430,True
15286,1476,Masala Chai,Beverage,370,False
15287,1476,Chicken Supreme Pizza,Main,420,False
15288,1476,Chocolate Brownie,Dessert,445,False
15289,1476,Cold Coffee,Beverage,335,False
15290,1476,Peppy Paneer Pizza,Main,405,False
15291,1476,Mango Lassi,Beverage,395,True
15292,1476,Garlic Bread,Main,260,False
15293,1476,Gulab Jamun,Dessert,400,False
15294,1476,Cheese Burst Pizza,Main,480,True
15295,1477,Butter Naan,Main,140,True
15296,1477,Tandoori Roti,Main,165,True
15297,1477,Gulab Jamun,Dessert,260,True
15298,1477,Chicken Curry,Main,225,True
15299,1477,Masala Chai,Beverage,150,True
15300,1477,Cold Coffee,Beverage,225,False
15301,1477,Shahi Paneer,Main,180,True
15302,1477,Rajma Chawal,Main,185,False
15303,1477,Chocolate Brownie,Dessert,120,False
15304,1477,Mango Lassi,Beverage,255,True
15305,1477,Chole Bhature,Main,145,True
15306,1477,Dal Makhani,Main,220,True
15307,1477,Paneer Butter Masala,Main,130,False
15308,1478,Cold Coffee,Beverage,175,True
15309,1478,Chocolate Brownie,Dessert,140,True
15310,1478,Chicken Supreme Pizza,Main,195,True
15311,1478,Garlic Bread,Main,120,False
15312,1478,Gulab Jamun,Dessert,135,True
15313,1478,Farmhouse Pizza,Main,195,False
15314,1478,Peppy Paneer Pizza,Main,235,False
15315,1478,Mango Lassi,Beverage,210,True
15316,1478,Masala Chai,Beverage,200,False
15317,1478,Cheese Burst Pizza,Main,135,False
15318,1478,Margherita Pizza,Main,230,True
15319,1479,Mango Lassi,Beverage,400,False
15320,1479,Cold Coffee,Beverage,330,False
15321,1479,Gulab Jamun,Dessert,350,False
15322,1479,Chicken Momos,Main,375,False
15323,1479,Chilli Paneer,Main,420,True
15324,1479,Chilli Chicken,Main,340,False
15325,1479,Masala Chai,Beverage,520,True
15326,1479,Veg Hakka Noodles,Main,275,False
15327,1479,Spring Roll,Main,440,True
15328,1479,Veg Manchurian,Main,295,False
15329,1479,Fried Rice,Main,495,True
15330,1479,Schezwan Noodles,Main,275,True
15331,1479,Chocolate Brownie,Dessert,500,False
15332,1480,Masala Chai,Beverage,205,False
15333,1480,Choco Lava Cake,Dessert,175,True
15334,1480,Cold Coffee,Beverage,115,True
15335,1480,Ice Cream Tub,Dessert,255,False
15336,1480,Chocolate Brownie,Dessert,140,True
15337,1480,Mango Lassi,Beverage,190,False
15338,1480,Gulab Jamun,Dessert,120,True
15339,1480,Rasmalai,Dessert,205,False
15340,1480,Gulab Jamun,Dessert,190,True
15341,1480,Chocolate Brownie,Dessert,185,False
15342,1480,Gajar Halwa,Dessert,145,True
15343,1481,Curd Rice,Main,375,True
15344,1481,Filter Coffee,Main,340,False
15345,1481,Pongal,Main,320,True
15346,1481,Masala Chai,Beverage,505,True
15347,1481,Rava Dosa,Main,275,False
15348,1481,Cold Coffee,Beverage,415,False
15349,1481,Mango Lassi,Beverage,410,False
15350,1481,Idli Sambar,Main,445,False
15351,1481,Gulab Jamun,Dessert,480,True
15352,1481,Uttapam,Main,260,True
15353,1481,Medu Vada,Main,295,True
15354,1481,Masala Dosa,Main,240,False
15355,1481,Chocolate Brownie,Dessert,505,True
15356,1482,Cold Coffee,Beverage,285,True
15357,1482,Mango Lassi,Beverage,415,False
15358,1482,Gulab Jamun,Dessert,510,True
15359,1482,Double Egg Roll,Main,515,True
15360,1482,Paneer Roll,Main,500,False
15361,1482,Egg Roll,Main,355,False
15362,1482,Masala Chai,Beverage,250,False
15363,1482,Chicken Roll,Main,430,True
15364,1482,Veg Frankie,Main,320,True
15365,1482,Chocolate Brownie,Dessert,310,False
15366,1483,Peppy Paneer Pizza,Main,190,False
15367,1483,Chicken Supreme Pizza,Main,230,True
15368,1483,Garlic Bread,Main,115,True
15369,1483,Margherita Pizza,Main,235,True
15370,1483,Masala Chai,Beverage,120,False
15371,1483,Cold Coffee,Beverage,205,True
15372,1483,Gulab Jamun,Dessert,240,True
15373,1483,Chocolate Brownie,Dessert,225,True
15374,1483,Farmhouse Pizza,Main,195,False
15375,1483,Cheese Burst Pizza,Main,200,True
15376,1483,Mango Lassi,Beverage,195,False
15377,1484,Chocolate Brownie,Dessert,195,True
15378,1484,Mango Lassi,Beverage,210,False
15379,1484,Farmhouse Pizza,Main,220,True
15380,1484,Cold Coffee,Beverage,175,True
15381,1484,Cheese Burst Pizza,Main,115,False
15382,1484,Chicken Supreme Pizza,Main,165,True
15383,1484,Peppy Paneer Pizza,Main,185,True
15384,1484,Garlic Bread,Main,115,False
15385,1484,Masala Chai,Beverage,145,True
15386,1484,Margherita Pizza,Main,220,False
15387,1484,Gulab Jamun,Dessert,125,True
15388,1485,Idli Sambar,Main,145,False
15389,1485,Cold Coffee,Beverage,65,True
15390,1485,Mango Lassi,Beverage,80,True
15391,1485,Uttapam,Main,100,True
15392,1485,Medu Vada,Main,145,False
15393,1485,Curd Rice,Main,65,True
15394,1486,Chocolate Brownie,Dessert,70,False
15395,1486,Farmhouse Pizza,Main,100,True
15396,1486,Cheese Burst Pizza,Main,105,True
15397,1486,Cold Coffee,Beverage,140,True
15398,1486,Gulab Jamun,Dessert,120,False
15399,1486,Mango Lassi,Beverage,70,False
15400,1486,Margherita Pizza,Main,60,False
15401,1486,Garlic Bread,Main,90,True
15402,1486,Chicken Supreme Pizza,Main,90,False
15403,1486,Masala Chai,Beverage,85,False
15404,1486,Peppy Paneer Pizza,Main,140,False
15405,1487,Chocolate Brownie,Dessert,115,False
15406,1487,Double Egg Roll,Main,125,False
15407,1487,Chicken Roll,Main,125,True
15408,1487,Gulab Jamun,Dessert,150,False
15409,1487,Egg Roll,Main,100,False
15410,1487,Veg Frankie,Main,150,False
15411,1487,Paneer Roll,Main,135,True
15412,1487,Cold Coffee,Beverage,85,True
15413,1487,Masala Chai,Beverage,75,False
15414,1487,Mango Lassi,Beverage,80,True
15415,1488,Chicken Biryani,Main,140,False
15416,1488,Egg Biryani,Main,150,True
15417,1488,Chicken 65,Main,235,False
15418,1488,Boneless Biryani,Main,225,True
15419,1488,Masala Chai,Beverage,225,True
15420,1488,Gulab Jamun,Dessert,155,True
15421,1488,Mango Lassi,Beverage,220,True
15422,1488,Veg Biryani,Main,120,True
15423,1488,Hyderabadi Dum Biryani,Main,180,True
15424,1488,Mutton Biryani,Main,220,True
15425,1488,Chocolate Brownie,Dessert,210,True
15426,1488,Cold Coffee,Beverage,140,True
15427,1489,Veg Manchurian,Main,95,True
15428,1489,Masala Chai,Beverage,130,True
15429,1489,Gulab Jamun,Dessert,85,False
15430,1489,Spring Roll,Main,150,True
15431,1489,Mango Lassi,Beverage,95,True
15432,1489,Chilli Chicken,Main,105,True
15433,1489,Chicken Momos,Main,135,False
15434,1489,Cold Coffee,Beverage,70,False
15435,1489,Chocolate Brownie,Dessert,80,True
15436,1489,Veg Hakka Noodles,Main,140,True
15437,1489,Fried Rice,Main,60,True
15438,1489,Chilli Paneer,Main,90,False
15439,1489,Schezwan Noodles,Main,70,True
15440,1490,Chocolate Brownie,Dessert,175,False
15441,1490,Mango Lassi,Beverage,185,True
15442,1490,Masala Dosa,Main,205,True
15443,1490,Curd Rice,Main,185,False
15444,1490,Rava Dosa,Main,230,True
15445,1490,Cold Coffee,Beverage,245,False
15446,1490,Masala Chai,Beverage,150,False
15447,1490,Idli Sambar,Main,185,False
15448,1490,Uttapam,Main,190,True
15449,1490,Medu Vada,Main,130,True
15450,1490,Filter Coffee,Main,115,False
15451,1491,Spring Roll,Main,170,False
15452,1491,Chicken Momos,Main,175,False
15453,1491,Fried Rice,Main,255,True
15454,1491,Chilli Chicken,Main,115,True
15455,1491,Cold Coffee,Beverage,225,True
15456,1491,Veg Hakka Noodles,Main,235,True
15457,1492,Chocolate Brownie,Dessert,150,False
15458,1492,Gulab Jamun,Dessert,225,True
15459,1492,Rasmalai,Dessert,205,True
15460,1492,Cold Coffee,Beverage,250,False
15461,1492,Masala Chai,Beverage,240,False
15462,1492,Choco Lava Cake,Dessert,255,True
15463,1492,Chocolate Brownie,Dessert,190,True
15464,1492,Gulab Jamun,Dessert,180,True
15465,1492,Gajar Halwa,Dessert,215,True
15466,1492,Mango Lassi,Beverage,240,False
15467,1492,Ice Cream Tub,Dessert,255,True
15468,1493,Veg Biryani,Main,355,True
15469,1493,Chicken 65,Main,480,False
15470,1493,Masala Chai,Beverage,390,True
15471,1493,Cold Coffee,Beverage,410,True
15472,1493,Hyderabadi Dum Biryani,Main,360,False
15473,1493,Gulab Jamun,Dessert,520,True
15474,1493,Chocolate Brownie,Dessert,500,True
15475,1494,Mango Lassi,Beverage,260,True
15476,1494,Chicken Roll,Main,390,False
15477,1494,Masala Chai,Beverage,460,True
15478,1494,Paneer Roll,Main,420,False
15479,1494,Chocolate Brownie,Dessert,510,False
15480,1494,Veg Frankie,Main,245,False
15481,1494,Gulab Jamun,Dessert,450,True
15482,1494,Double Egg Roll,Main,340,True
15483,1494,Egg Roll,Main,350,True
15484,1494,Cold Coffee,Beverage,290,True
15485,1495,Egg Roll,Main,395,True
15486,1495,Cold Coffee,Beverage,260,False
15487,1495,Masala Chai,Beverage,305,False
15488,1495,Mango Lassi,Beverage,495,True
15489,1495,Veg Frankie,Main,325,True
15490,1495,Chocolate Brownie,Dessert,375,False
15491,1495,Paneer Roll,Main,270,True
15492,1495,Double Egg Roll,Main,450,False
15493,1495,Chicken Roll,Main,295,True
15494,1495,Gulab Jamun,Dessert,260,True
15495,1496,Peppy Paneer Pizza,Main,225,True
15496,1496,Masala Chai,Beverage,150,False
15497,1496,Chocolate Brownie,Dessert,175,True
15498,1496,Cold Coffee,Beverage,205,True
15499,1496,Garlic Bread,Main,225,True
15500,1496,Gulab Jamun,Dessert,250,True
15501,1496,Chicken Supreme Pizza,Main,185,False
15502,1497,Chocolate Brownie,Dessert,135,True
15503,1497,Chicken Supreme Pizza,Main,75,False
15504,1497,Garlic Bread,Main,115,True
15505,1497,Peppy Paneer Pizza,Main,105,False
15506,1497,Masala Chai,Beverage,115,False
15507,1497,Cheese Burst Pizza,Main,120,True
15508,1497,Cold Coffee,Beverage,120,True
15509,1497,Gulab Jamun,Dessert,90,False
15510,1497,Mango Lassi,Beverage,85,True
15511,1498,Nuggets,Main,430,True
15512,1498,Masala Chai,Beverage,495,False
15513,1498,Chocolate Brownie,Dessert,275,True
15514,1498,Cheese Sandwich,Main,510,True
15515,1498,French Fries,Main,260,True
15516,1498,Gulab Jamun,Dessert,280,False
15517,1498,Mango Lassi,Beverage,495,True
15518,1498,Chicken Burger,Main,520,True
15519,1498,Peri Peri Fries,Main,495,True
15520,1498,Veg Burger,Main,495,False
15521,1498,Veg Wrap,Main,340,True
15522,1498,Cold Coffee,Beverage,325,True
15523,1499,Egg Biryani,Main,140,True
15524,1499,Mango Lassi,Beverage,105,True
15525,1499,Chicken 65,Main,95,True
15526,1499,Chocolate Brownie,Dessert,85,True
15527,1499,Cold Coffee,Beverage,75,True
15528,1499,Hyderabadi Dum Biryani,Main,135,True
15529,1499,Masala Chai,Beverage,90,True
15530,1499,Mutton Biryani,Main,65,True
15531,1499,Chicken Biryani,Main,100,False
15532,1499,Veg Biryani,Main,70,True
15533,1499,Gulab Jamun,Dessert,75,True
15534,1499,Boneless Biryani,Main,70,False
15535,1500,Mango Lassi,Beverage,110,True
15536,1500,Uttapam,Main,120,False
15537,1500,Masala Chai,Beverage,140,True
15538,1500,Idli Sambar,Main,125,True
15539,1500,Rava Dosa,Main,125,True
15540,1500,Gulab Jamun,Dessert,90,True
15541,1500,Curd Rice,Main,90,False
15542,1500,Filter Coffee,Main,60,False
15543,1500,Medu Vada,Main,95,True
15544,1500,Cold Coffee,Beverage,140,True
15545,1500,Masala Dosa,Main,65,True
15546,1500,Pongal,Main,110,True
15547,1500,Chocolate Brownie,Dessert,135,True
