delivery_partner_key,delivery_partner_id,partner_name,city_key,vehicle_type,joined_date,rating
1,DP-3dceef9c-fe46-5a7e-bca6-7eebf341db5d,Aryan Maharaj,22,Motorcycle,2023-09-10,4.44
2,DP-f0180883-fa92-5ffb-bff2-ec40bbaf15c3,Udant Dewan,7,Motorcycle,2023-02-13,4.5
3,DP-06b9e6b9-ce5f-5407-9980-aeee4ea7232b,Gagan Sami,30,Motorcycle,2025-03-11,3.89
4,DP-44d4f3c4-f6e7-5d7d-8cc4-66e35344f322,Ayushman Chander,17,Motorcycle,2025-05-21,4.67
5,DP-a3343ac0-de6e-52c1-a846-5daa20b2c30c,Viraj Tiwari,2,Electric Scooter,2025-09-12,4.7
6,DP-a313f741-5203-5e0a-8b4d-b15fffc8c5cf,Rushil Saini,46,Electric Scooter,2026-04-27,4.02
7,DP-224a8a51-51a9-58eb-8aec-897fc8a4e363,Saumya Mall,21,Motorcycle,2024-09-26,4.13
8,DP-07170fbf-568b-5ca0-a3ee-209096299c29,Nathaniel Sami,23,Motorcycle,2025-11-23,4.26
9,DP-de9731ea-a126-50f3-9aad-5cc8085a589a,Arunima Dugal,2,Motorcycle,2025-07-02,4.28
10,DP-8436dcc0-8853-5502-b7e1-f5edbcb06fb7,Gayathri Chaudry,8,Motorcycle,2023-12-20,4.55
11,DP-91a37879-bd91-52b7-9677-7c9e10a6128d,Lajita Chatterjee,6,Electric Scooter,2025-12-14,4.13
12,DP-edc77c18-3f03-51c5-85a2-f94cf4559d1d,Hemangini Lalla,39,Motorcycle,2023-03-10,4.08
13,DP-6b923a18-bcd6-5789-aa95-bf96758ef567,Tripti Yadav,14,Bicycle,2025-02-03,5.0
14,DP-45c805e1-34f1-5db7-a32b-d30b8f592d10,Kritika Brar,26,Motorcycle,2026-04-14,4.75
15,DP-3e7f6356-8ef1-56a4-ad42-c1308f8246b5,Janaki Handa,7,Motorcycle,2025-04-20,3.82
16,DP-215a0996-555e-56e0-ae5d-3867d88ab73a,Chakradev Kari,3,Motorcycle,2026-04-10,4.95
17,DP-9fb5960e-06c5-56ee-85d9-bf5efe5e14aa,Fariq Kaul,10,Electric Scooter,2023-03-13,4.26
18,DP-a49ecf8e-39bc-5ecc-a585-9cc2369d275f,Lajita Mall,1,Motorcycle,2024-11-10,4.13
19,DP-19297a97-de33-591e-bc93-b6fc40bf3405,Janya Gaba,27,Electric Scooter,2025-09-23,4.48
20,DP-0a9befe6-b56f-565e-973b-d13d1769350f,Isha Kadakia,14,Motorcycle,2025-03-30,4.24
21,DP-ece51541-0ec9-53dc-a531-dd8fc5511fc6,Ekbal Garg,21,Motorcycle,2026-01-28,4.68
22,DP-7c6c82ba-1594-5cd3-b6ce-32888d28fad8,Nihal Shere,6,Motorcycle,2024-08-13,4.44
23,DP-db28f56a-6873-5ccf-9eca-fd54e4826518,Anamika Kanda,46,Motorcycle,2025-05-21,4.45
24,DP-446c4037-ce55-505c-b730-3fccc4678a2e,Daksh Karnik,35,Motorcycle,2024-06-19,4.66
25,DP-43152065-fe14-581c-aae2-cd8e1d6bb886,Diya Rattan,23,Motorcycle,2026-01-17,4.45
26,DP-ac6c9f50-bb2b-55b0-8dd9-316c130b8147,Dominic Kakar,3,Motorcycle,2023-06-02,4.23
27,DP-08926a68-ba3b-5e31-a7fd-d3da72adb45e,Simon Tata,8,Motorcycle,2023-11-21,4.77
28,DP-3a006a90-561f-50d7-b4be-4c61e283e975,Tara Dhar,1,Motorcycle,2023-05-04,4.66
29,DP-8ea19e64-0aea-5b7f-b9cf-07fff0e0a6c2,Liam Koshy,2,Motorcycle,2025-06-14,4.52
30,DP-48e96c2c-602a-50ba-b38e-3219ad0ccb72,Priya Rastogi,16,Electric Scooter,2023-10-24,4.83
31,DP-178b7db6-44e6-52d3-b7be-b1432c277992,Theodore Devi,20,Motorcycle,2024-02-09,4.46
32,DP-762d6a67-6e9c-5fbd-a8cd-8b83ab999e2a,Gavin Batta,45,Motorcycle,2025-12-03,4.58
33,DP-e413d35b-5718-5b99-9ac6-de44a719bda6,Michael Dutta,5,Motorcycle,2024-04-04,4.6
34,DP-db31adbb-f0a7-5c82-a194-cdb226624b53,Devansh Rajan,6,Motorcycle,2023-07-06,4.24
35,DP-911ed123-5d5a-5191-aa3d-5a27be86f60e,Upadhriti Wadhwa,8,Motorcycle,2023-01-27,5.0
36,DP-55e66c46-991a-56ad-bb5d-ab690e597ce1,Advay Contractor,3,Motorcycle,2023-10-17,4.52
37,DP-e56fa3b4-6f1f-5317-98e1-3d28f1525235,Harini Choudhury,2,Motorcycle,2026-03-13,4.33
38,DP-932ebb06-e06d-5f12-bac0-bf3fb23607c2,Radhika Dugar,8,Motorcycle,2024-12-01,4.26
39,DP-2dc9d90a-c29d-5feb-a4ff-61db158b651a,Aarush Lall,3,Motorcycle,2026-06-23,3.94
40,DP-293c68bd-138c-51f7-98cb-f5176e890c9e,Yashica Cherian,15,Electric Scooter,2023-10-02,3.9
41,DP-42a2a721-f79e-585b-93b6-964c96934b7f,Yashica Issac,7,Motorcycle,2024-03-24,5.0
42,DP-dfbc39a9-e90d-58c2-a4e8-a44d4bd6b99b,Kashvi Edwin,27,Motorcycle,2023-07-28,3.92
43,DP-4c0aeaa9-2457-5377-a4c7-516c89cf6b7a,Ekiya Suresh,17,Motorcycle,2024-05-23,4.25
44,DP-df482394-0e9b-52eb-bd43-c40340602f2b,Isaac Patil,5,Motorcycle,2024-12-19,4.4
45,DP-35ddf20f-69bf-58fc-bd97-d874a8f4d47b,Wriddhish Bhardwaj,27,Bicycle,2025-10-28,4.44
46,DP-6dc99b00-6281-54c9-a343-0cb1942ab7bd,Farhan Chada,25,Motorcycle,2024-04-14,4.42
47,DP-f99d9ce8-81fb-5316-9e13-89bb77aa94c7,Ekapad Walia,6,Motorcycle,2025-09-11,4.43
48,DP-93eccb72-c47a-59f7-a7c0-6db44a9af5ee,Kabir Soman,4,Motorcycle,2025-03-09,4.64
49,DP-b3b65422-ab8e-5adc-9d5a-5b42a379e178,Alka Wable,16,Motorcycle,2024-01-08,4.34
50,DP-2928edbc-2c7e-5fbc-8f8e-f2972c598a21,Siddharth Zacharia,2,Motorcycle,2026-03-09,4.61
51,DP-25982fe3-6c55-5c12-85c5-ea35400ea414,Devika Rastogi,3,Motorcycle,2024-07-08,4.48
52,DP-210a3f86-e8a1-507b-a940-4d38e86713b7,Raksha Varughese,1,Motorcycle,2023-07-12,4.82
53,DP-ecc134d6-efed-59e1-b4b7-4d24d599ae33,Jai Kota,23,Bicycle,2026-05-13,4.82
54,DP-0785ca1d-503d-5745-b76b-eae07ad154ed,Devansh Nigam,15,Motorcycle,2026-03-11,4.35
55,DP-df7f721a-3e55-5371-af76-1ef9a6fdafc9,Victor Kannan,18,Motorcycle,2023-03-05,4.65
56,DP-10ce8885-b23b-54fa-9036-35bc2e6dea60,Ekavir Bhargava,23,Motorcycle,2026-02-25,4.88
57,DP-f4a57fc9-5b29-592f-9231-d095dc4c3dfd,Ekansh Balay,8,Electric Scooter,2026-04-23,4.18
58,DP-494acc5c-7289-5ca7-ba34-496ccdfb0e9e,Ekavir Varkey,11,Motorcycle,2025-11-23,4.48
59,DP-855d4238-9723-5e1d-8003-621e1ae31a8b,Arya Sunder,2,Motorcycle,2023-11-22,4.63
60,DP-98aa92d3-ea69-5860-af6e-ac2da61facea,Kevin Solanki,2,Motorcycle,2025-03-16,4.17
61,DP-a71f245e-8906-528b-a1a2-b0c4debc6d04,Urvashi Ray,15,Motorcycle,2024-11-17,5.0
62,DP-8da827aa-b496-5dc2-930c-1f23746cce71,Girindra Chatterjee,8,Electric Scooter,2025-03-02,4.38
63,DP-e07b288d-31bc-5909-b604-9df41f0f0461,Irya Sampath,11,Motorcycle,2025-02-25,5.0
64,DP-52d3c2ee-1af8-52d2-9637-f77acb2089c4,Unni Bhagat,22,Motorcycle,2025-03-26,4.33
65,DP-67d00715-c067-56b6-9e87-22be9aefc802,Darsh Rau,14,Motorcycle,2024-10-17,4.37
66,DP-1b19cf9a-c76a-5bf0-9310-04e60c8714ef,Ikbal Kothari,10,Motorcycle,2025-05-31,3.98
67,DP-8ec6db5d-2c1d-5a2c-8390-b8fb4d16c96c,Ranveer Yadav,10,Electric Scooter,2024-11-02,4.72
68,DP-6d4132aa-8832-5aaf-8efe-d72b8086d55d,Logan Sami,5,Electric Scooter,2023-01-22,4.13
69,DP-bc4f751c-540f-57f9-b4cb-077755e208a0,Arya Shere,1,Electric Scooter,2023-02-15,4.48
70,DP-494ebec4-63bd-518e-afa5-588ef7858851,Faqid Savant,7,Motorcycle,2026-05-07,4.24
71,DP-2f755138-d981-5a28-be56-0c0b16c99353,Chandresh Zachariah,3,Motorcycle,2026-03-06,4.61
72,DP-e75a3e34-5aa7-5431-99bc-73c62fd914f9,Girik Khalsa,7,Electric Scooter,2025-01-17,3.58
73,DP-e512eef1-219e-5324-ae0c-61549a7624ff,Niharika Sunder,30,Motorcycle,2023-08-11,4.56
74,DP-eaea4dd5-176b-54e4-99e6-7ed5b94a1607,Tanay Rattan,3,Motorcycle,2025-09-24,4.64
75,DP-49682b04-dcfc-5024-a221-23b827eddd43,Nitesh Raghavan,1,Motorcycle,2023-07-02,4.39
76,DP-77248953-df10-5357-8641-0ebc752f35c4,Madhavi Lanka,4,Motorcycle,2024-04-26,4.41
77,DP-cdf36a26-839f-505c-9c35-63b08cf61290,Bhavika Sampath,4,Motorcycle,2024-02-25,4.35
78,DP-e3328e09-4aed-5c25-adb6-5380d07bec4a,Mohammed Gupta,15,Bicycle,2023-01-16,4.48
79,DP-7a33bc5c-f738-5b51-8b04-d37e821e040b,Teerth Bhardwaj,10,Motorcycle,2025-10-26,5.0
80,DP-f3303527-b37a-5589-82a0-33cf332d2554,Dipta Bhandari,23,Motorcycle,2024-10-12,4.84
81,DP-68b99f5a-6303-5276-86fb-0e0f6f0825bf,Vansha Thakkar,15,Bicycle,2024-02-08,4.48
82,DP-2e118e4b-6027-5e12-96fe-7799c2a4fa3a,Dakshesh Trivedi,7,Motorcycle,2024-10-09,4.38
83,DP-a2b659ba-57fe-549b-80d8-fa373bc636ac,Quincy Biswas,25,Motorcycle,2023-01-01,4.8
84,DP-049ce0d0-19a1-538e-9914-fd279f48e85b,Wahab Raval,3,Motorcycle,2024-07-11,4.58
85,DP-6ad251b6-f5ad-54a0-8eb5-2455d5697c29,Yatin Baral,1,Motorcycle,2024-10-24,4.16
86,DP-3d7799da-cde0-5153-8119-11aa03cc99bf,Oni Virk,2,Motorcycle,2024-03-09,4.44
87,DP-771af28c-26cd-5994-8310-dd3d0403b549,Advika Jayaraman,19,Motorcycle,2025-11-25,5.0
88,DP-b6311eb3-5762-5736-8b88-b9a924d707d6,William Lanka,8,Motorcycle,2023-11-15,4.7
89,DP-64c3273e-faf6-55b4-b87c-ea8d80db8e71,Karan Mital,2,Motorcycle,2023-06-25,4.39
90,DP-d4174d90-fd5c-5b1c-ae84-7e41c641964a,Diya Bora,9,Motorcycle,2024-11-04,4.02
91,DP-3ed0112b-36c0-5069-9928-1540e0797d37,Tara Chaudhry,2,Motorcycle,2026-02-06,4.6
92,DP-ea2a906a-8f89-54ae-83ee-d9b850460550,Tanay Toor,17,Motorcycle,2024-04-23,4.53
93,DP-0be180e3-e7ca-553d-8a71-4b0b1f986aaf,Kevin Palla,7,Motorcycle,2023-03-01,4.47
94,DP-33f5e1ba-ee48-5ca7-8b61-ed869f3efa9d,Yash Pingle,6,Motorcycle,2026-05-22,4.8
95,DP-1e1cc220-0aac-588b-8a9f-5ed6d141fcbf,Nakul Sarma,5,Motorcycle,2024-07-20,4.71
96,DP-2cbd94b5-d68d-5826-9486-5e388f955da3,Abhiram Mistry,13,Motorcycle,2023-08-09,4.03
97,DP-30c888d8-68d0-5caf-a371-0ee8183ec3c6,Krish Lalla,6,Motorcycle,2025-02-24,4.53
98,DP-4364090d-87dc-5aa1-9ae4-0d9db2248941,Hredhaan Dugal,2,Motorcycle,2024-02-12,4.1
99,DP-9bf125d4-d7bf-5587-b766-4c64b0de9174,Baghyawati Kade,2,Bicycle,2026-04-11,4.36
100,DP-f2f58c17-322a-58db-8634-cf3b6ab01843,Samar Lalla,44,Motorcycle,2024-01-11,4.07
101,DP-2739d6c3-424b-58e7-966f-a043b14703ca,Zayan Behl,37,Electric Scooter,2024-12-02,4.09
102,DP-982299a1-e488-5f39-be34-6c3497371080,Pallavi Malhotra,17,Motorcycle,2024-11-24,3.9
103,DP-fe8a6378-6646-52f5-8944-2c7378585a7a,Aarush Nath,4,Electric Scooter,2023-11-06,4.65
104,DP-8a165c1c-d725-5892-a3ae-d2fe73ce861b,Adweta Edwin,45,Motorcycle,2024-09-29,4.61
105,DP-50d4065b-041a-52ab-9cbc-9b08a6491662,Prisha Andra,23,Motorcycle,2023-05-20,4.51
106,DP-3d72ef6f-26ab-5375-83b3-399173745d9d,Faqid Dixit,18,Motorcycle,2025-04-01,4.33
107,DP-168d91cb-9035-5018-a068-f4a417f40bb4,Kala Divan,8,Motorcycle,2025-08-25,4.05
108,DP-72aa94a5-af9d-5bb8-acee-407b6c2c4a1b,Joshua Barman,4,Motorcycle,2026-04-27,4.36
109,DP-b6706770-0617-5323-834c-f003bb799cee,Janya Baral,2,Motorcycle,2024-02-20,4.61
110,DP-fcd29616-ac2e-5568-aa91-0f43c3d3e222,Shivansh Krish,36,Electric Scooter,2023-12-30,4.6
111,DP-d0a54f12-2e2e-5a2a-a8ff-a44d6f5b0491,Irya Ray,8,Motorcycle,2024-12-01,4.99
112,DP-975c7fdd-5dea-53a3-8f8f-1ca1742394a2,Warjas Gaba,3,Motorcycle,2025-06-02,4.93
113,DP-d60734ef-5269-58c5-8bf2-43d39e218727,Nitara Bakshi,5,Motorcycle,2026-06-20,4.52
114,DP-42c1b4f2-4bab-552f-ae73-9160d00fea8f,Gaurangi Sabharwal,11,Motorcycle,2023-02-01,4.36
115,DP-299eb142-f5f6-53bc-98cd-5dcb0c8881a2,Amara Dutta,3,Motorcycle,2023-11-01,4.25
116,DP-a06374e6-aa93-5554-9532-00cc6ff5ac25,Lavanya Barad,30,Motorcycle,2023-12-01,4.01
117,DP-cc656904-96e9-535d-8677-f9c2263bd2f7,Tristan Iyengar,21,Motorcycle,2023-11-22,4.13
118,DP-2842e435-1d42-5897-a037-bebed40d78e0,Inaya Mody,18,Motorcycle,2024-08-14,3.94
119,DP-2769c8d1-1fc3-5fb8-86ef-b01fa963e582,Udant Bajwa,7,Electric Scooter,2026-01-18,5.0
120,DP-49ab5198-431c-51c2-81a6-c8bb93f9f2fe,Mohini Narasimhan,13,Electric Scooter,2023-02-09,4.61
121,DP-87877930-7157-52a5-8abd-72177b736749,Ekaraj Mallick,11,Motorcycle,2025-11-07,4.73
122,DP-e1813fed-b2c7-5622-9c4b-83354baac360,Yashodhara Ratta,14,Motorcycle,2025-02-27,4.42
123,DP-2b6c1bd7-01c5-5de0-9edb-1316365c7822,Ayaan D’Alia,2,Motorcycle,2025-02-23,5.0
124,DP-c00ce46e-be3d-5b13-86a6-c009d50c6f5b,Pranav Lanka,7,Motorcycle,2025-05-15,4.13
125,DP-770e1c12-e7dd-5492-bed7-573a81a1b932,Ikbal Saraf,1,Motorcycle,2023-05-28,3.98
126,DP-7722eb59-de2d-52c4-b363-243b0c76d377,Dipta Sarin,9,Bicycle,2025-08-10,5.0
127,DP-a3b70737-c9bf-537c-b1a1-ecba7a057325,Lekha Gupta,5,Motorcycle,2023-11-13,4.04
128,DP-967e3512-0404-5aee-983f-fcd907aaa073,Chaitanya Sarin,2,Motorcycle,2024-10-21,4.41
129,DP-c457d9a4-1c49-5fb0-9096-328cae9dc2a6,Zinal Yohannan,2,Motorcycle,2025-05-13,4.27
130,DP-1fc1c1ec-cde5-5665-93f1-a4ffb1402d43,Januja Sankar,12,Motorcycle,2025-02-09,4.64
131,DP-ed39edb3-f7a9-5bd6-98a8-2d050f16f9df,Ganga Murthy,3,Electric Scooter,2024-02-17,4.39
132,DP-debf6704-6410-5e1a-b21b-4f983c8c51bd,Charita Tripathi,39,Motorcycle,2024-05-20,4.73
133,DP-f3e45a2a-37f5-5f0c-8cf0-13764c241801,Nilima Narain,11,Motorcycle,2024-08-31,4.81
134,DP-f5416c4d-738e-5930-8915-a41e738439cf,Chakrika Datta,5,Motorcycle,2023-02-22,4.0
135,DP-d48c38e9-4644-5fb6-83db-ca8ea645ccfe,Osha Raghavan,12,Motorcycle,2025-07-15,4.24
136,DP-e6c58eac-c191-58b3-ba16-9ac7ffce2334,Charvi Ravi,1,Motorcycle,2023-05-08,4.76
137,DP-49f7cad1-0ef1-5e0e-b431-3f19335a05d2,Daksha Mangat,44,Bicycle,2024-08-08,4.88
138,DP-8d142743-397f-57be-9338-fa43f7039e25,Qushi Nagy,8,Motorcycle,2025-04-15,4.57
139,DP-9895b891-0765-5cf4-9bcd-845c5f5dfca4,Riya Sathe,23,Motorcycle,2023-04-13,4.66
140,DP-3696517d-8a41-5339-9ca4-6dfedabc7a7d,Yasti Solanki,1,Motorcycle,2026-06-24,5.0
141,DP-cc64b3b2-c908-5032-a3a4-30e1d5ad5862,Frado Mander,8,Motorcycle,2024-04-26,4.39
142,DP-95d78b82-d25d-5b8f-9967-ff1ff39c0936,Girik Keer,9,Motorcycle,2023-01-21,4.57
143,DP-abde7dd9-04ea-5a42-b7c9-a99611af0a47,Umang Issac,41,Motorcycle,2025-04-20,4.93
144,DP-6e620eb6-fd1f-51de-a2eb-745d0b4ef9cb,Aryan Batra,11,Motorcycle,2024-12-12,4.96
145,DP-6ac54ece-0f06-514c-9570-465f04516f11,Vaishnavi Bora,8,Motorcycle,2025-03-28,4.48
146,DP-114143af-8b07-5880-b418-7601f1c704a2,Oeshi Hayer,4,Motorcycle,2025-08-16,4.25
147,DP-7230f057-0a39-5367-bcc2-4c0987476ff2,Warda Ratta,5,Motorcycle,2024-08-29,4.48
148,DP-5e2b1ec5-52de-51c9-93c4-b4d0763f2bd7,Manbir Ahluwalia,9,Motorcycle,2025-11-20,4.51
149,DP-74eeee8b-5aad-56fb-9481-29635219e5c5,Pavani Kanda,7,Motorcycle,2024-04-17,4.23
150,DP-0b2d71fa-68cc-5fc2-8356-2d24b608a6b8,Zarna Shetty,1,Motorcycle,2024-11-26,4.28
151,DP-6ce07bf5-b675-50f7-8493-91b60fe32ad1,Zaid Dara,27,Motorcycle,2023-07-22,4.96
152,DP-0a1b5a19-0376-50e7-b2e0-32bd52d66f51,Kiaan Shetty,35,Bicycle,2025-03-02,4.68
153,DP-49ca84d7-8298-50ec-81d4-d0e71bdb440f,Saanvi Thaman,2,Electric Scooter,2023-11-30,4.42
154,DP-76ba1019-95fe-54b8-83f5-0eca65b90d5f,Sanaya Dutt,10,Bicycle,2025-06-08,4.15
155,DP-fa76cf78-68da-5c70-afe2-a75e9eb2b498,Shivani Lad,2,Motorcycle,2025-10-19,4.28
156,DP-293f03bb-b4d3-5708-96f6-3f1c06035cbf,Aradhana Verma,16,Motorcycle,2026-01-01,3.95
157,DP-1afb9e03-be82-5bff-8b5a-f8fd2ce1b2ce,William Maharaj,4,Bicycle,2026-03-31,4.58
158,DP-522bf47d-e848-51ae-945d-2864d47197eb,Faras Mangal,15,Motorcycle,2023-06-06,4.27
159,DP-fe5d77cf-1c22-5c3e-a817-42fac35fe738,Anita Nayak,19,Motorcycle,2023-06-26,4.61
160,DP-670756fb-f142-5e91-be78-036a61cc5c8a,Faris Devi,22,Motorcycle,2026-03-27,4.76
161,DP-6b7d2ef3-f9d0-53ee-88bd-44f2c9ef60ce,Vihaan Rajagopal,2,Motorcycle,2024-04-30,4.61
162,DP-8a008a61-8247-5441-8a54-eaa9396a61ab,Tanish Bhatt,38,Motorcycle,2023-02-03,4.37
163,DP-4e37e926-d149-5398-b060-102c3eccfd40,Nikita Narayanan,3,Motorcycle,2024-01-02,4.22
164,DP-dea1c94d-9ab6-56d1-a2df-e19b5573f96c,Ojasvi Bhatia,1,Motorcycle,2025-12-02,4.11
165,DP-25b1c88d-b0af-5d51-8a4f-9dd9481ed184,Osha Ramachandran,10,Motorcycle,2024-03-28,4.92
166,DP-3139c3e7-959b-5ac3-b893-2db1ed0c7848,Lajita Sood,6,Motorcycle,2023-04-08,4.6
167,DP-9b6c70be-3775-53ee-96b9-2dd307dc4ea8,Indira Misra,27,Electric Scooter,2025-07-10,4.39
168,DP-8f2e2410-4701-50c5-be2f-174c72478f7e,Oni Yohannan,25,Motorcycle,2023-09-06,4.71
169,DP-a7e01179-fbb7-56ab-bb6e-ab9a5d97de64,Vinaya Kanda,5,Motorcycle,2024-03-26,4.85
170,DP-1c5c0d6b-f9d2-5891-bd85-bf94cec8fc33,Rajata Sunder,43,Motorcycle,2023-01-05,4.27
171,DP-6d2e5b94-4fdd-5424-9128-e70b37d15a8a,Lopa Nayar,4,Motorcycle,2025-02-07,4.59
172,DP-7f3e6359-cf7a-586d-9322-6d4df8979365,Noah Sibal,9,Motorcycle,2024-07-22,4.6
173,DP-dde746f7-8d63-5135-8eaf-60630d5b8f88,Avi Ramesh,4,Motorcycle,2026-01-11,5.0
174,DP-40627f0e-06a5-51eb-809a-556971a7fc12,Fiyaz Sangha,40,Electric Scooter,2024-03-02,4.39
175,DP-cb8fcf67-80f8-5b2a-a1d8-8f25ddead59e,Triya Gopal,3,Motorcycle,2023-09-19,4.21
176,DP-22a178ba-1b02-5227-a044-bb8d880705a9,Abha Raghavan,1,Motorcycle,2023-07-31,4.63
177,DP-0f339f46-9a19-5cb8-92b3-f5d4d2a10e06,Siddharth Sha,7,Motorcycle,2023-09-13,4.74
178,DP-6edaa035-0020-5dd3-938d-b31d960bb2b2,Geetika Raghavan,49,Motorcycle,2024-07-29,4.56
179,DP-325243e4-ae98-5f73-974a-3e80a9c9c71f,Oviya Krishnan,34,Motorcycle,2023-04-22,5.0
180,DP-e3c7ccda-bc9d-5c73-a3d8-170250ef482a,Upma Bahl,20,Bicycle,2024-05-28,4.39
181,DP-dbc360d2-698d-5cae-8518-018dad7b244e,Inaya Kapur,34,Motorcycle,2025-12-26,4.57
182,DP-0bcff566-d466-5663-bec0-274fb63e91b8,Banjeet Balasubramanian,35,Motorcycle,2025-09-06,4.03
183,DP-4e7af66e-d81a-5ff3-ae63-c52473d99ced,Ryan Bahri,9,Bicycle,2025-03-24,4.19
184,DP-0bb454ee-64b0-5126-b161-e06b64dcf775,William Date,5,Motorcycle,2026-02-13,4.27
185,DP-ca3b484e-6cce-51f3-ac48-56677c639673,Ishwar Kamdar,22,Bicycle,2025-09-22,4.44
186,DP-7fb1034b-2c5b-5751-978d-67742eff011b,Aahana Pillay,15,Motorcycle,2025-04-12,4.07
187,DP-de2d8d2e-5845-508c-bf86-3dd22d22f86b,Ishwar Gade,6,Motorcycle,2026-01-06,4.71
188,DP-359e9a6e-7586-5963-8c5c-06fd5c12d7b2,Hritik Bal,2,Motorcycle,2023-06-08,4.25
189,DP-13b089eb-631d-5f91-994a-95a69f4ecfc4,Keya Ranganathan,20,Electric Scooter,2025-11-10,5.0
190,DP-410535a4-ee25-586f-bdf2-807f71029b73,Faqid Kibe,4,Motorcycle,2024-01-12,4.26
191,DP-b1c48eb0-e451-5593-aacd-bda088ff1017,Charvi Dara,41,Motorcycle,2025-07-24,4.53
192,DP-aa72e00f-4eb1-59d3-8f9f-b3410f817847,Idika Walia,4,Motorcycle,2026-03-11,4.49
193,DP-f4807f66-bf53-5c25-bbf9-7531cb58c941,Kamala Biswas,2,Bicycle,2024-09-24,4.16
194,DP-f28b9ddc-9cad-5c18-a1c5-2102b447d18e,Advik Salvi,27,Bicycle,2023-04-24,4.44
195,DP-b22b8a62-93c2-5d56-bc60-a9479cbc39f7,Hitesh Sant,2,Motorcycle,2024-04-17,4.44
196,DP-e9c740ca-5ae0-50d3-bb2d-994e8e1fe4b7,Tripti Dua,3,Motorcycle,2024-06-03,4.81
197,DP-08bc8e0c-d63d-5dcf-a38a-b5f29367f931,Patrick Vig,12,Motorcycle,2026-04-10,4.64
198,DP-8a998d94-6c45-549b-8542-9520fda57859,Veda Shroff,32,Motorcycle,2026-04-17,4.7
199,DP-cd0d7860-e1ff-5480-8f30-712059e31ba0,Amrita Naidu,3,Motorcycle,2024-12-26,4.8
200,DP-ba9060f9-5c07-509a-8e9e-b0a427d9daa3,Gabriel Mallick,5,Motorcycle,2026-04-28,4.71
201,DP-5484bed4-79d8-5539-8ff7-12f4f9fbc02a,Yagnesh Shetty,22,Motorcycle,2024-07-10,4.59
202,DP-9da9c5ef-7abb-5d06-aca7-73cba0571107,Gayathri Balakrishnan,46,Motorcycle,2024-06-08,4.27
203,DP-3effbc65-2312-51b5-ba2f-125a92234999,Ekta Gopal,9,Motorcycle,2025-12-03,4.56
204,DP-0edcf9cd-d601-5170-a7b9-89349b0a95da,Simon Pant,2,Motorcycle,2025-05-01,4.21
205,DP-a940ea79-b5e7-5e6c-8ba7-090d869a1764,Harini Mammen,1,Motorcycle,2024-10-28,4.47
206,DP-f2c67b2d-0209-58da-b061-12956752aadd,Advaith Varughese,3,Motorcycle,2024-08-05,4.42
207,DP-5eaf924c-5111-52d2-ab65-9bf900264c46,Frederick Khurana,2,Motorcycle,2025-06-19,4.44
208,DP-2e075b8f-dd49-537c-bce5-9ac784ddc883,Vrinda Khosla,16,Motorcycle,2025-08-19,4.07
209,DP-cfe5cc4e-4bf7-5754-bf01-069841d16a12,Vritti Sem,2,Motorcycle,2024-09-17,3.59
210,DP-368c37c8-1d0e-56ba-adf9-d041100f2f1d,Girik Menon,9,Motorcycle,2023-02-10,4.36
211,DP-439c147f-246d-585e-bb3b-0ad356bbaab3,Nidhi Kohli,17,Motorcycle,2023-05-10,4.89
212,DP-55a5c2a1-5b0e-5338-871f-c8b24d48b035,Jyoti Solanki,11,Electric Scooter,2023-07-03,4.53
213,DP-d042bd7a-afb6-5a28-b89d-b6de4f0b7df9,Pavani Narayanan,3,Electric Scooter,2024-08-12,4.86
214,DP-258d0e4b-4fdd-5846-9dc1-e368ce26e45a,Sudiksha Madan,25,Motorcycle,2025-02-22,4.21
215,DP-78f54d93-7e3e-5f9e-abd0-ed4ae98aea90,Zayan Kashyap,18,Motorcycle,2025-10-22,4.35
216,DP-449fc96e-3cc4-54dd-904e-83ae5d4aa33c,Reyansh Mutti,20,Bicycle,2023-10-24,5.0
217,DP-a57c08a6-4995-5550-9b54-ae434e5c6860,Qasim Handa,2,Motorcycle,2025-09-30,4.23
218,DP-19d8f0ec-6c54-54d0-bcd5-94b709aea894,Veda Malhotra,2,Motorcycle,2025-04-29,4.69
219,DP-48393ad9-51c4-5b2a-be71-fd2d1b73de9f,Harish Hari,39,Motorcycle,2023-03-07,4.69
220,DP-5200d40b-c5ad-5079-ab8f-eccd6e779f0b,Utkarsh Patel,6,Bicycle,2024-03-24,4.65
221,DP-bfa3f86b-0c9c-5228-bb00-37ae58ddffdd,Chasmum Atwal,5,Motorcycle,2024-01-22,4.7
222,DP-66f5a645-eb8e-54b9-baa6-99dd66e259ba,Anusha Bath,8,Electric Scooter,2026-02-05,4.23
223,DP-6b49ce22-8f01-5643-9817-6e8520f12c88,Brinda Date,15,Motorcycle,2026-03-21,4.38
224,DP-00c76686-cf36-5bb9-a481-b1178f0cdd23,Harshil Arora,43,Bicycle,2025-11-11,3.65
225,DP-ca62e783-27f2-56b4-b71d-0b0a4a944cbe,Upasna Srinivas,4,Motorcycle,2024-11-04,5.0
226,DP-f8b1e413-11c6-5852-9e61-5d5c9eb85685,Harini Gour,39,Motorcycle,2024-09-20,4.7
227,DP-ea8737ff-3a03-5e74-a81a-b63ba1ebd57c,Zayyan Sridhar,1,Motorcycle,2024-02-02,4.28
228,DP-4ad54369-d61e-5055-8c35-0391398af594,Dhruv Rattan,10,Motorcycle,2025-09-13,4.22
229,DP-9cb68f3b-bfda-5e73-9f58-db486a249b5f,Ethan Bera,14,Motorcycle,2023-04-21,4.89
230,DP-ddc907ef-88eb-559b-85ae-0a761b017a67,Manthan Modi,2,Motorcycle,2023-12-12,4.25
231,DP-d16501e9-78e3-524b-949d-c503c0288fe1,Yuvraj Dani,2,Motorcycle,2023-06-22,4.27
232,DP-115cc243-1631-5a36-9747-e6cfe9eb93c9,Upkaar Virk,7,Motorcycle,2024-09-22,4.15
233,DP-f6e12ef3-fffd-54d0-96f9-5d7b2c35f8f6,Shravya Savant,45,Motorcycle,2024-01-18,4.76
234,DP-1140e787-e83f-56d6-9276-435ea89008df,Pushti Mody,12,Motorcycle,2023-09-09,4.85
235,DP-28aec440-9779-53a5-bf84-706a57ed52c7,Hardik Johal,40,Motorcycle,2024-04-25,4.43
236,DP-f894a4d3-55d6-5318-8a71-c01b863831f5,Aishani Bumb,25,Bicycle,2026-01-03,4.86
237,DP-b1396d22-9122-5dca-827a-acfc79d636f8,Wriddhish Ghose,8,Motorcycle,2024-12-13,4.62
238,DP-b14ba691-4c04-5c53-a138-a8c4d2773e65,Naksh Agate,23,Motorcycle,2025-11-16,4.13
239,DP-c48f0746-d471-5fcf-9390-152d5e6a24d3,Shravya Singhal,1,Motorcycle,2026-03-12,4.98
240,DP-af62c44f-efba-5ba4-8aa4-b10669a8a597,Bachittar Kata,2,Motorcycle,2026-02-25,4.15
241,DP-1aee7e29-2f4c-584a-bc98-8dae00821b9d,Barkha Setty,27,Motorcycle,2024-03-23,4.45
242,DP-51da6dbb-4049-5cd0-b600-5cebd9ecde96,Vivaan Lalla,24,Bicycle,2026-01-24,4.43
243,DP-0d4d58bd-3ca8-54c2-a77d-6d3214f9bca2,Pavani Contractor,3,Motorcycle,2026-03-06,4.37
244,DP-d4714bb6-a450-558d-91a3-f4b399248b86,Manthan Lata,10,Bicycle,2026-05-09,3.86
245,DP-9db2a3a0-ba91-529e-a925-4160512074a4,Ekbal Bhasin,12,Motorcycle,2024-03-23,5.0
246,DP-a5d50aea-a4f1-51fa-b6c3-2e09de6d08ac,Damyanti Mani,31,Motorcycle,2023-10-19,3.89
247,DP-45b6cc6c-b65d-5642-a9b2-788a61442e8c,Jeet Sidhu,12,Motorcycle,2025-01-15,5.0
248,DP-1c35d16b-1d7a-5cb9-bcd9-fc8b1eca7ec9,Neha Magar,7,Bicycle,2026-04-04,4.21
249,DP-df13acda-ef17-5227-954c-43af0e61138e,Raksha Buch,6,Motorcycle,2026-02-23,4.3
250,DP-04709b3e-e7e1-5103-b2dd-20b09f29b5a2,Rachana Naidu,7,Motorcycle,2024-12-29,4.97
251,DP-1206cf1c-dd27-5655-a3b7-51f7b3e65649,Atharv Chand,15,Motorcycle,2023-07-10,4.66
252,DP-c7caff4b-b030-5478-9929-6da520b15570,Ansh Luthra,31,Motorcycle,2024-06-23,4.04
253,DP-7b4f1d21-d2dc-5284-8da7-c65e6ef0a8a5,Parth Singhal,8,Motorcycle,2025-06-30,4.03
254,DP-5897b1d1-ec68-564f-8b12-3d83226ec152,Arunima Golla,4,Electric Scooter,2024-12-16,4.61
255,DP-19021db6-7f1f-5e00-b4a2-23ba8c4fa21e,Vyanjana Chand,4,Bicycle,2024-03-16,4.14
256,DP-9033752d-3d23-5bab-8892-ff93ba96eb67,Ijaya Rege,20,Motorcycle,2024-03-13,4.68
257,DP-e50dacfc-522b-5680-89e8-00d7d76a0979,Ekani Cheema,26,Bicycle,2023-03-18,4.71
258,DP-43e6b2ca-c43b-5eb3-b481-e44584da3d45,Forum Sabharwal,2,Motorcycle,2024-01-04,4.24
259,DP-2d847b49-27fd-55da-9b9b-40b74ef763f1,Bhavya Rattan,1,Bicycle,2025-05-04,4.32
260,DP-f68f6e2a-1d0f-51ac-a2a9-6c70612f7abf,Suhani Chakrabarti,12,Motorcycle,2023-11-04,4.62
261,DP-3d66d8fb-53cf-51f5-91f8-ae95cdc9768f,Zayyan Naik,2,Bicycle,2026-06-21,4.23
262,DP-2fa366ca-7d09-538a-b8c5-7593b3d45435,Netra Varkey,26,Motorcycle,2023-04-16,4.53
263,DP-3854907d-ec3a-5ba4-bc0f-b32df4879ebe,Turvi Sachdev,5,Motorcycle,2025-01-21,5.0
264,DP-a17563bf-c0b1-50fa-b884-2af65e3994d5,Raghav Vasa,2,Motorcycle,2024-09-25,4.63
265,DP-1216b08c-6a70-50bf-a1cb-d756a17e1555,Wishi Sathe,38,Motorcycle,2025-11-29,4.37
266,DP-7bf7ecb7-8cc7-5a11-8b93-34c810683329,Samar Loke,3,Motorcycle,2026-02-06,5.0
267,DP-49803f79-49ce-5e29-9830-7cb91461b023,Bhavna Sarma,4,Motorcycle,2024-11-24,4.79
268,DP-58609a68-eb0c-59b7-b11c-b3e21b93e62c,Jairaj Balakrishnan,2,Motorcycle,2025-03-15,4.15
269,DP-24f13cf4-0243-51be-ae7e-977656cf0a2d,Nathan Mukhopadhyay,2,Motorcycle,2025-06-10,4.2
270,DP-d4e4fe46-0369-50ca-b02f-385dfebe0ea6,Nikita Chander,1,Motorcycle,2024-10-26,3.93
271,DP-c94c66e2-ff73-5fd6-b66c-0dd4a6ae574d,Ishaan Shenoy,1,Motorcycle,2023-08-24,4.61
272,DP-fd43e86b-992e-5085-8dbb-4f46266e12ea,Mitesh Tara,3,Motorcycle,2024-06-30,3.8
273,DP-67abe12b-fc1b-5491-95cf-69b6d1fd9a6a,Yashodhara Mahajan,1,Motorcycle,2023-11-05,5.0
274,DP-5b0bc529-cc18-5415-bdfe-5589443c8ae7,Vasudha Sodhi,12,Motorcycle,2024-08-15,4.41
275,DP-63260815-e7c3-5a13-a43a-37aaa94c5c87,Tanmayi Dhillon,16,Motorcycle,2025-02-23,4.81
276,DP-16188920-a258-5af4-bd6e-fa8b32e3d59a,Rayaan Trivedi,6,Motorcycle,2023-09-25,4.38
277,DP-9341bc9a-f6aa-5dc9-8342-5dbf32a08acf,Ekaraj Majumdar,5,Motorcycle,2023-11-15,4.61
278,DP-0a3c3c4b-65cf-5dfa-8026-5864d225a0ed,Harini Tripathi,9,Bicycle,2025-11-16,4.45
279,DP-91a3c1c5-ff6a-51b5-87b0-56f68aa69881,Aarnav Mandal,32,Bicycle,2024-04-26,4.52
280,DP-3daf070f-b869-550d-a616-b09d4a6fdc32,Vrishti Dixit,29,Motorcycle,2023-09-11,4.92
281,DP-509fa84b-4bd8-5afb-81fb-04b0bace3d86,Veda Pai,1,Bicycle,2025-06-29,5.0
282,DP-fd4dc89d-aecd-592d-ada5-03cc707f3780,Krishna Shah,3,Motorcycle,2025-07-03,5.0
283,DP-eea62647-7d4b-5c3e-aa22-63473f3ddf0d,Ranbir Khare,4,Motorcycle,2025-11-20,5.0
284,DP-13ebf906-b92c-54a6-aa05-6d7070f3c1d9,Vivaan Roy,4,Motorcycle,2025-08-27,4.26
285,DP-5ef444c7-f503-5133-b3a3-88b4cd03e27c,Eesha Solanki,11,Motorcycle,2026-06-19,4.64
286,DP-65a0ab67-a50d-5b25-85cb-df5b7f75cd45,Libni Doshi,7,Motorcycle,2025-01-03,4.27
287,DP-5c1e8bcb-f222-5134-9534-07e1d18e7e2c,Balhaar Date,1,Electric Scooter,2024-01-01,4.91
288,DP-1cdfde2c-0592-5ed4-a615-26cb299f7b3a,Harish Sarraf,6,Electric Scooter,2026-01-06,4.16
289,DP-d7da5e0a-56ac-58d9-83f4-f5f793417b49,Tanmayi Aurora,9,Motorcycle,2023-12-04,4.93
290,DP-12960967-d1b2-5e34-b6c7-b754f8103de4,Nimrat Dubey,2,Motorcycle,2024-01-07,4.57
291,DP-d6537984-881b-51e7-a19a-260e1ce1389d,Upasna Lanka,27,Motorcycle,2025-11-23,4.47
292,DP-fc46bc11-e9f8-5698-a4a0-76d8fd2191dc,Mitali Buch,1,Bicycle,2026-01-29,4.51
293,DP-7be1944c-99cc-57ef-b696-e277544febbd,Lajita Nadig,39,Motorcycle,2024-03-08,4.11
294,DP-cb951199-be11-5c51-b21f-3f436e3ff308,Balendra Biswas,2,Motorcycle,2025-07-19,4.13
295,DP-fbbaf241-6009-5508-b4df-7a9e67447751,Bhavna Karan,29,Electric Scooter,2026-03-22,4.58
296,DP-40df8765-d982-5bbb-a0c4-6f15064444d9,Radha Chaudhari,36,Bicycle,2025-10-16,4.58
297,DP-9bbff53d-3ab7-525b-a0dd-cea849db9bbf,Sachi Ganesan,47,Bicycle,2023-01-07,4.28
298,DP-a22474c5-8f7e-577e-93d9-c005838b0e72,Ayush Batra,24,Motorcycle,2025-04-28,4.41
299,DP-34f2d18f-4fa6-5fe4-844a-af37ec6186df,Daksh Memon,23,Motorcycle,2023-08-05,4.67
300,DP-543b48b3-3407-50e0-9899-097958499cac,Kavya Sankar,14,Motorcycle,2025-12-15,4.22
301,DP-66d0876a-2f52-5e14-b1cb-3194ca3e8598,Yash Wali,23,Motorcycle,2023-03-27,3.89
302,DP-77df0ccd-0ef4-598e-9ca7-bb9acb5b6b82,Pranit Garde,2,Motorcycle,2026-06-21,5.0
303,DP-5329ce9c-decc-576d-a82e-44494f9c924c,Farhan Raja,10,Motorcycle,2023-08-15,4.6
304,DP-735df18f-dfdc-515a-abc4-9260ea50c2b0,Widisha Dhar,9,Electric Scooter,2024-06-20,4.34
305,DP-a44cdbe5-690b-548b-8aec-d4ba756a43a1,Triya Kumar,30,Motorcycle,2023-10-26,4.27
306,DP-17ee3984-6538-5102-b207-d088d1920038,Aadhya Andra,8,Motorcycle,2025-11-04,4.22
307,DP-3f401f2d-a2cf-54ea-ace8-f11daa249c61,Bhavna Dugar,6,Motorcycle,2024-05-17,4.91
308,DP-67a6c212-4692-5014-b1fa-5d8defc51c63,Riya Pai,14,Motorcycle,2025-08-08,4.06
309,DP-39a1ed12-adc9-553c-9e65-47a93562fa3d,Panini Krishna,4,Motorcycle,2023-03-27,4.64
310,DP-08840295-451e-54e5-9f98-b74b43c9e38b,Chasmum Issac,2,Motorcycle,2024-07-31,4.64
311,DP-beda86e7-cd0f-547f-9168-8268ab48c44d,Vasudha Chhabra,8,Electric Scooter,2026-03-08,4.77
312,DP-c8ebaf73-ee3e-5a8c-b6f2-367e38f89c3b,Lakshmi Parmer,7,Motorcycle,2026-03-28,4.37
313,DP-d3fd2fca-2462-5c08-bbfe-3a261b80b933,Chakrika Bains,3,Motorcycle,2023-09-24,4.99
314,DP-35ae1774-5ccd-5a90-a631-9f2582c118f3,Anvi Anand,6,Bicycle,2024-05-18,4.78
315,DP-2d75b0dc-a6ed-5628-9934-276621b08daf,Watika Mangat,6,Motorcycle,2024-06-06,4.36
316,DP-6fea89b9-f70c-5a12-9591-148e666d0e96,Indira Kanda,5,Motorcycle,2024-12-22,4.25
317,DP-b07de6d3-b55e-584c-ad8d-04079fac8e0f,Zashil Devan,6,Motorcycle,2024-11-16,4.45
318,DP-07a7fc51-bb20-5cc9-bccf-d9d177de1477,Balveer More,16,Motorcycle,2023-05-16,4.35
319,DP-08b88973-5b76-5e8d-96ef-ee16ea587389,Bahadurjit Patla,4,Motorcycle,2025-08-31,4.2
320,DP-57d898f9-affb-542e-84a2-bd83719ebee5,Gautam Merchant,42,Motorcycle,2023-10-16,4.53
321,DP-6f27852c-8cbf-5812-972a-fcb4fd6be5e3,Ojasvi Gill,38,Motorcycle,2024-02-06,4.41
322,DP-13331383-9517-5f0b-bff3-7cec2078e862,Kevin Zacharia,8,Bicycle,2025-12-08,5.0
323,DP-167628ce-6d1f-5a6d-b641-f5d340353d63,Yachana Mahajan,5,Motorcycle,2025-05-29,4.34
324,DP-dd43460e-8766-594b-a4f2-8dc0a384d23f,Aarini Subramaniam,10,Motorcycle,2024-05-21,4.25
325,DP-1c1f472e-7044-55a0-8f87-6b671e2bf1f6,Hamsini Contractor,29,Electric Scooter,2026-03-10,4.5
326,DP-8b0861fc-e441-5b30-82f6-5faa5c4a0b7c,Faqid Dhaliwal,15,Bicycle,2024-05-17,4.59
327,DP-d79e770e-759f-5346-9e92-4977e0ac514d,Mekhala Pau,25,Motorcycle,2024-12-22,4.62
328,DP-3c6f1883-2327-541c-b1dd-0fe783682403,Megha Atwal,10,Motorcycle,2023-11-10,4.61
329,DP-0764a2f6-9bb1-5ce5-8390-3d937a2bb568,Jatin Sha,14,Motorcycle,2023-08-22,4.52
330,DP-986c7281-5caf-5d3e-a47a-9b7abe88a19c,Adweta Raj,4,Motorcycle,2024-09-19,4.49
331,DP-412f2ccf-1f73-5c9a-9565-17db4c785ffd,Hritik Kaur,19,Motorcycle,2024-12-19,4.71
332,DP-1dedb124-e176-5a24-8bbc-1b625cb8d404,Aryan Narang,3,Motorcycle,2025-10-25,4.17
333,DP-28e3d814-5a0d-5277-ae4b-ee13891cf052,Dev Shetty,17,Motorcycle,2024-05-13,4.25
334,DP-680555aa-9d8c-5845-8175-4a1273249ac6,Nilima Dada,31,Motorcycle,2026-02-16,3.98
335,DP-baafc27f-a48a-5ab9-b92a-a4dd332b85d7,Chakradev Barad,2,Motorcycle,2025-02-14,4.17
336,DP-7f27001a-3466-5171-b20b-c4ef9294adda,Waida D’Alia,13,Motorcycle,2023-03-31,4.87
337,DP-ebb0dd5b-ef7d-541a-b8db-04cb1868c7f6,Wahab Yogi,2,Electric Scooter,2025-08-01,4.7
338,DP-2fb47674-c668-5c3e-aa53-a24511ebbf25,Lipika Setty,19,Motorcycle,2025-01-03,5.0
339,DP-a6da8181-14ec-514e-b11a-7b6f1a73117f,Oni Dubey,2,Motorcycle,2024-05-11,5.0
340,DP-e60c13c7-1136-5cd0-bcb2-94c03d55e316,Hardik Suri,40,Motorcycle,2024-08-19,4.7
341,DP-a51a1bf8-b945-5ab6-b21d-e984e33b2b74,Ati Bali,2,Motorcycle,2024-01-21,4.55
342,DP-86133ee7-28f0-5e32-b84d-fd4084ea02e6,Teerth Sawhney,44,Motorcycle,2025-02-22,4.51
343,DP-a99ea13c-1880-5c99-b1f1-3350dd5034c5,Warinder Patil,24,Electric Scooter,2024-12-24,3.79
344,DP-87d2b7b3-f093-50f1-b440-3b045733b9ee,Jhalak Parmer,12,Motorcycle,2024-07-24,4.47
345,DP-bddcd701-3da9-5d2a-b7ab-2541c6f6469b,Mitali Majumdar,23,Motorcycle,2023-12-30,4.3
346,DP-a84695b1-4c24-5411-9520-e6d3fa405951,Jason Sha,24,Motorcycle,2024-05-23,4.19
347,DP-8ce9de99-f8d4-5e60-95c6-ca78574ac4e2,Simon Bail,42,Electric Scooter,2024-09-27,4.64
348,DP-662b0d2f-c685-55ff-abf7-d4302cf4dd08,Gauri Kohli,4,Motorcycle,2024-08-25,4.43
349,DP-23084261-acda-5168-b9ef-4e128765b2e4,Samesh Biswas,12,Motorcycle,2024-01-30,4.53
350,DP-42a074cd-1cf5-5984-9a9a-da7c275d10e0,Tarak Kaul,2,Motorcycle,2025-01-12,4.14
351,DP-4e5cf597-5ebc-5ca7-ad8a-945c648682a7,Manbir Agate,13,Bicycle,2023-10-17,4.8
352,DP-694f7676-ce78-56d0-b9c6-058c43d43b1f,Maanav De,3,Motorcycle,2024-10-01,4.34
353,DP-18a7b92c-c2fe-5c71-867c-69b8afd86a91,Owen Choudhary,11,Electric Scooter,2023-06-05,4.62
354,DP-f37cdf1e-6902-58e2-a2e5-bf4822fc387c,Karan Aurora,11,Motorcycle,2024-08-25,4.37
355,DP-4f90e3d9-3df0-5a9f-b965-44d4b21458d5,Wazir Naik,8,Motorcycle,2025-09-27,3.73
356,DP-ba6ebc69-10a0-55a8-b5db-93079ec85519,Owen Lanka,9,Motorcycle,2025-11-09,4.66
357,DP-66827d1a-3410-5ea0-82df-64fa0c2fe64f,Jonathan Sama,21,Motorcycle,2025-06-05,4.45
358,DP-d75c05c0-8124-5328-a6f4-2635327f942f,Devansh Soni,24,Motorcycle,2025-08-09,3.96
359,DP-f69e3226-6580-57e0-9e10-0f3e76e08e39,Janaki Varghese,9,Motorcycle,2023-03-26,4.1
360,DP-e59c148e-89bc-5d71-ab65-20999c70d665,Siya Thakur,12,Motorcycle,2024-03-11,4.81
361,DP-cd509427-aa69-5d54-8bee-304a09c51f4f,Caleb Verma,40,Electric Scooter,2025-04-14,3.97
362,DP-8fb27a41-1862-571e-a4ff-c77f212b7f04,Tara Balasubramanian,2,Motorcycle,2025-10-18,4.33
363,DP-9d16c9ee-c06d-5cf4-b583-85b290f99df4,Varenya Ratti,2,Motorcycle,2025-01-13,5.0
364,DP-bb862647-4657-5fbb-9854-7cd8b03fb79d,Hritik Swaminathan,2,Motorcycle,2025-12-25,4.67
365,DP-b2d6b581-a89d-556d-9dd5-5f9695609a3b,Ethan Buch,15,Motorcycle,2023-12-15,4.75
366,DP-39f1a4b9-2ec4-5433-b4a5-65b71c5065b2,Manbir Bhatti,7,Motorcycle,2023-07-15,4.4
367,DP-6ee6b7f2-e4db-5cee-a079-c544b5abea55,Anvi Nair,22,Bicycle,2023-04-21,3.93
368,DP-d0ca1b19-639d-5471-9a19-9dd9af6f2c5a,Chaitaly Setty,16,Motorcycle,2025-01-13,4.56
369,DP-a6c19e45-04ef-50d8-9564-315a5264adc6,Hardik Contractor,5,Motorcycle,2025-04-28,4.12
370,DP-b82a5a3d-98ba-55f0-8511-0d3d17bf1efe,Qushi Seth,35,Motorcycle,2023-12-31,4.09
371,DP-92cd3037-a3d4-5966-a487-d50b94103648,Odika Nori,21,Motorcycle,2025-09-26,4.52
372,DP-c5bcddff-4a28-572e-b762-ee54430db3e8,Mohini Sagar,4,Motorcycle,2025-08-01,4.15
373,DP-31d84a6c-3f18-54a5-830c-e1e867d3cb61,Dhriti Sane,6,Motorcycle,2024-04-04,4.48
374,DP-c3d300b8-5239-596c-940e-2ba7c073dede,Aadhya Prasad,5,Motorcycle,2023-11-01,4.26
375,DP-1524687a-8f0a-5371-b246-41f3a78d037b,Urvi Bhavsar,2,Motorcycle,2025-08-05,4.47
376,DP-7fb927aa-c750-5762-ac64-16f475db0aa1,Frederick Chander,2,Motorcycle,2025-05-06,4.31
377,DP-d6a9b6ea-569a-55b1-9725-9e9949a81f40,Gopal Pradhan,40,Motorcycle,2023-08-06,4.48
378,DP-7e945437-7893-5bd0-83b0-1753faa3713e,Darpan Narayan,7,Motorcycle,2023-11-22,5.0
379,DP-5216cc56-0fca-5344-9ac0-abfc89562cf3,Nirja Pandya,6,Motorcycle,2024-09-12,4.76
380,DP-144e122b-259a-5c10-80eb-df3e21de9a8c,Charan Mani,19,Motorcycle,2024-10-14,4.44
381,DP-06fedf1b-d20b-51e0-85ff-fd7694a0ee12,Indira Chawla,10,Motorcycle,2023-07-31,4.93
382,DP-1d29a040-f856-55be-a1c3-02836be922b1,Mohammed Subramaniam,40,Motorcycle,2026-04-25,4.63
383,DP-2627dbbb-b551-5eb5-8f0f-c8b62419421b,Hritik Palla,23,Bicycle,2024-05-10,4.9
384,DP-240940c8-a7cf-505c-b0f8-d973895118fc,Ishwar Mallick,8,Motorcycle,2024-05-01,4.0
385,DP-f2f7546d-96cd-5f84-a443-bb2a9048d7c1,Pushti Bal,6,Motorcycle,2023-03-19,4.15
386,DP-c534be33-377e-5780-bcbe-8bc53a7b7264,Ayush Gole,48,Motorcycle,2026-01-22,4.56
387,DP-9f952da5-622e-5aea-af0c-ed49dee0654b,Dayamai Nori,18,Motorcycle,2023-10-28,4.43
388,DP-4c99b4b5-899b-5e74-a216-e942a0130d3c,Abeer Golla,43,Motorcycle,2026-06-13,4.48
389,DP-a0131ec5-4b11-55ca-aba0-ecdd184f0a65,Nandini Boase,2,Motorcycle,2024-09-24,4.69
390,DP-23c406dc-fbf9-5271-9b58-f4fe36a6c65b,Azaan Chand,29,Bicycle,2026-01-21,4.56
391,DP-66e8113e-f36e-5544-b52b-514914fe25f5,Krisha Saini,14,Motorcycle,2023-08-17,4.8
392,DP-4bd4ea83-4b5a-5126-acfe-46486f5c858c,Harita Dugar,2,Motorcycle,2023-07-31,4.79
393,DP-1dae18fd-6487-59b9-8fe4-fbe25c2afb2d,Devika Nair,12,Motorcycle,2025-10-19,4.16
394,DP-1082809e-3693-55e6-8415-8d5bd45e4e78,Charles Dugal,16,Motorcycle,2025-11-11,3.74
395,DP-5f685568-1159-511f-be5c-4ca8455e5f08,Chandran Bumb,1,Motorcycle,2024-11-23,4.14
396,DP-908100a3-8902-5283-b3ae-47906c2f7b37,Saanvi Samra,8,Motorcycle,2023-02-11,4.12
397,DP-3d88149e-8eab-575a-b0f9-377ad0a4924c,Riya Sachdeva,27,Motorcycle,2026-04-19,4.51
398,DP-bc27c310-12f5-5e8a-aa6e-f5093c5fb3b7,Tanveer Vala,4,Motorcycle,2024-05-16,4.5
399,DP-524e6110-a215-5ecf-83fb-211b73e698f3,Hemani Sani,8,Motorcycle,2026-04-09,4.41
400,DP-1ceb6034-8067-5465-b855-744a2fa2ac05,Bhanumati Sur,7,Motorcycle,2026-01-16,4.64
401,DP-1eef0cd2-c909-5416-9b0e-15f7257096e1,Chakradev Kannan,5,Motorcycle,2025-12-22,5.0
402,DP-aabb450a-2835-58c8-a18b-13475a020e8a,Christopher Amble,38,Motorcycle,2025-05-28,4.41
403,DP-07a855a2-9bf0-5f45-9846-39fa1c89732a,Charvi Kakar,23,Bicycle,2025-05-09,4.57
404,DP-60f2e77a-9108-51f5-9f84-80f78e08929e,Aadhya Mann,2,Motorcycle,2024-11-10,4.48
405,DP-b225d008-4c28-55bd-874b-10af3d9a8260,Jagdish Amble,50,Motorcycle,2023-02-01,4.28
406,DP-a181ee05-9f48-5197-a30a-2e1fb15ee1b4,Qushi Gill,33,Motorcycle,2024-05-09,4.69
407,DP-84875969-c2cc-563a-b0c9-14d203438464,Lajita Walia,4,Bicycle,2025-07-21,4.39
408,DP-bd3399a3-c2f5-513c-90bd-235ff4427271,Xiti Pandya,28,Motorcycle,2025-11-02,4.21
409,DP-cab54e19-36f5-5888-afa2-f76fad91e8dc,Mekhala Basak,2,Motorcycle,2024-12-15,4.24
410,DP-1e43dcb3-b47e-50db-89a2-f1050ae6a4a9,Anirudh Sharaf,50,Motorcycle,2025-06-24,4.81
411,DP-7fb0fb7f-3f69-5d1c-bede-0dcda750de56,Dhriti Sanghvi,15,Motorcycle,2023-01-28,4.68
412,DP-45493d6a-f19a-5623-8373-40619d2f0c97,Omisha Mann,14,Bicycle,2024-08-20,4.32
413,DP-f4e29ddf-7a2e-5e45-b661-9a98fccba14e,Nidhi Bail,2,Electric Scooter,2024-10-09,4.64
414,DP-8349ea7b-b34e-5d4d-a03d-bc5daddd1119,Onveer Sharma,35,Motorcycle,2026-02-12,4.49
415,DP-2c63cbae-163a-581b-98ef-277fb5000851,Gaurang Sarkar,1,Electric Scooter,2024-02-01,4.58
416,DP-c9c38a84-998f-5bd0-a748-c9f180710cc6,Yagnesh Sarin,4,Electric Scooter,2023-10-21,4.28
417,DP-ce06cfa0-6d5f-5e27-90e8-4f2881da0f36,Farhan Randhawa,2,Motorcycle,2024-03-25,4.13
418,DP-773d50b3-0406-50be-a1cd-f69f4183041c,Harinakshi Kant,22,Motorcycle,2023-08-06,4.39
419,DP-08d9e716-e283-55f7-978b-d7e136a440e5,Om Bose,3,Electric Scooter,2024-12-13,4.18
420,DP-ef44dbe3-822b-5e06-a7fc-578ae26843ea,Yashvi Hari,37,Motorcycle,2025-03-31,4.16
421,DP-d9334852-6412-5054-abc6-bba009b1bc73,Indali Divan,15,Motorcycle,2025-10-19,4.02
422,DP-53a92f32-99d5-5f03-bdfb-8ed9eec01188,Harshil Dhingra,1,Electric Scooter,2026-05-25,3.75
423,DP-eb237238-df80-5164-a3ef-013b083d9883,Rudra Ghose,1,Motorcycle,2023-04-04,4.32
424,DP-69454190-ba22-5a51-aad3-a7240a835e37,Faqid Goel,1,Motorcycle,2023-11-12,4.88
425,DP-bd7bc26c-945b-55b5-ac00-98d6d84a88d0,Ucchal Sen,12,Motorcycle,2024-01-19,4.78
426,DP-f74d8b3f-367f-53b0-a6e0-8a3ec445054d,Diya Dora,24,Electric Scooter,2023-11-15,5.0
427,DP-d9727d13-5a7a-5d3c-a946-75a0b1334fb6,Ekansh Singh,4,Motorcycle,2025-11-21,4.15
428,DP-503f9c23-4f7c-57ce-a9b9-fae8da29ab1e,Chavvi Maharaj,29,Motorcycle,2023-06-28,4.71
429,DP-3a5fd370-67dd-512a-b473-d9c8d4298d9d,Indira Tripathi,1,Motorcycle,2023-02-07,4.44
430,DP-4e1a83dd-1555-54ed-84b4-ee2b27fcf8d5,Dayita Shenoy,24,Motorcycle,2026-01-03,4.24
431,DP-eeb6266f-820a-5929-97dc-837713ce6389,Baljiwan Bhandari,39,Motorcycle,2026-05-11,4.83
432,DP-3fe4756e-f702-5694-93b1-bcf16846d761,Bhavini Bose,22,Electric Scooter,2023-10-16,4.44
433,DP-bdd9120e-b8b3-5eb0-a0e2-d0eaafbee7c6,Yashica Rajagopalan,17,Electric Scooter,2024-02-29,3.89
434,DP-1088f0ee-20fd-568c-a0da-1af637e74509,Benjamin Sengupta,28,Motorcycle,2024-10-04,4.77
435,DP-956aac95-ab5b-5ffb-9884-e1294fb797ec,Ekanta Soni,1,Motorcycle,2024-11-02,4.61
436,DP-bb9ee509-fd68-5608-b1c6-4fac21d9239e,David Seshadri,3,Motorcycle,2026-06-18,4.53
437,DP-8f507ebc-e833-534b-8168-e541196d6d9c,Hemal Chad,2,Motorcycle,2024-05-30,4.08
438,DP-9078e0e7-d4f7-5489-a894-97321eb999a0,Balveer Kota,9,Motorcycle,2023-01-16,4.57
439,DP-b0aeff24-a8de-5f3b-b1f6-3238a429500d,Reva Viswanathan,20,Motorcycle,2024-06-23,5.0
440,DP-6f57cc58-3bc6-5307-9c9c-a45a0a12b584,Januja Pradhan,13,Motorcycle,2024-12-11,4.6
441,DP-e6c7bce4-a4ee-5035-abf3-36a9273f6244,Lila Rege,29,Motorcycle,2024-10-21,3.98
442,DP-bd8261f0-b00b-517d-a0e9-88421fc31f65,Charles Natt,2,Motorcycle,2024-10-15,4.63
443,DP-83642d97-b044-5a48-a9de-a2a1643bdb76,Forum Chandra,19,Motorcycle,2026-03-23,4.61
444,DP-355873d9-8bbf-598e-9733-e7ae881f3372,Bhanumati Krishnan,3,Electric Scooter,2025-10-27,4.74
445,DP-88269daf-10ba-5a9a-9c60-5f6ac6fc8ed5,Gauri Bumb,4,Motorcycle,2023-11-18,4.6
446,DP-fff20388-1d16-5453-a46f-fd23f11db083,Inaya Mukherjee,18,Motorcycle,2024-03-29,4.16
447,DP-dc609094-0697-5e58-8ae2-18d56e8bec00,Kai Chad,47,Bicycle,2025-05-01,4.51
448,DP-9e5d196f-f1c5-53d0-b5d5-2da3d16c5a28,Krisha Narasimhan,13,Motorcycle,2024-06-07,4.39
449,DP-b54692f8-feae-562f-af71-c2d7900406fb,Girik Sampath,1,Bicycle,2024-06-30,4.55
450,DP-7c779797-5d0a-599e-9e05-4955bbef3243,Andrew Patil,13,Motorcycle,2023-08-03,4.85
451,DP-6172071f-965f-53b6-aaa0-ddc92c146cca,Pranit Kala,1,Motorcycle,2023-11-21,4.26
452,DP-903748d2-8e9f-52e4-bef9-04b18de58b68,Vedika Handa,33,Electric Scooter,2025-08-03,5.0
453,DP-8fcaa552-ca7b-5740-a4a4-d46bb1dbc2d6,Laksh Dubey,18,Motorcycle,2025-12-11,4.63
454,DP-a70f5d68-d024-5977-89ae-e3a3623d089c,Chakrika Chaudhuri,3,Motorcycle,2025-09-28,4.78
455,DP-ba7c8b01-855e-5fa2-9541-9154ca1eefce,Gayathri Deep,2,Motorcycle,2024-01-28,4.73
456,DP-d550f051-5ccf-5cdb-8e0a-9b65b89b34ad,Mitesh Gaba,3,Motorcycle,2023-06-24,4.61
457,DP-722e56e7-a66f-5d52-805b-526b005fea38,Noah Sarma,47,Motorcycle,2023-07-23,4.68
458,DP-44778fb7-0d64-5693-90f3-2b96d3513ac2,Nirja Patla,8,Motorcycle,2024-05-17,3.42
459,DP-65f699c8-c195-56f0-8765-3d125d9d316c,Sachi Mane,23,Motorcycle,2024-10-22,4.72
460,DP-3db1be8d-7e7d-5476-be96-74199115621c,Vivaan Walla,14,Bicycle,2026-02-13,4.19
461,DP-a5c4c60c-321b-5f11-91f7-77df30dd1a72,Dayamai Singh,11,Motorcycle,2026-02-20,4.46
462,DP-1f9b6413-0a60-5d70-8027-a3c9b841a395,Jhalak Sastry,2,Motorcycle,2023-01-04,4.61
463,DP-a7785e1c-2f9d-53d3-b02b-e6cf5778c643,Baghyawati Raja,42,Motorcycle,2025-06-21,4.87
464,DP-1bf9cc5e-b7fc-5a35-b272-694ae6f1a2e8,Neel Iyengar,5,Motorcycle,2024-01-17,4.19
465,DP-082d6065-78fa-59a3-bae5-485d00c58bef,Zashil Ben,11,Motorcycle,2023-09-10,4.33
466,DP-c327f6de-f479-5b20-9817-82d592eed524,Kamya Chauhan,17,Bicycle,2024-12-09,4.38
467,DP-b4f8d808-9357-5788-abb0-5af5199c05aa,Bhavani Chacko,14,Motorcycle,2023-02-13,4.55
468,DP-c89ee4d4-a48a-537d-bb97-6bd341c4346f,Anjali Sengupta,41,Motorcycle,2024-03-02,4.4
469,DP-fb5214ff-96d2-51fc-81d5-f09e6add20b5,Rajeshri Chand,2,Motorcycle,2024-12-05,4.68
470,DP-73ad7234-0152-5cc0-be38-75d2fa6e8c00,Shravya Palla,9,Motorcycle,2023-12-14,3.9
471,DP-04dbc6fc-cffc-5271-bd1c-4752b0882f85,Oeshi Bera,7,Motorcycle,2025-01-27,4.44
472,DP-01e12b45-daed-5ade-8628-8d3c5667f861,Yadavi Prakash,8,Motorcycle,2024-08-10,5.0
473,DP-17fc19d1-6048-580b-ad0a-0de1685e8bfa,Libni Bumb,2,Motorcycle,2025-10-17,4.4
474,DP-b664efd2-d7f0-5b66-96bc-27967bd4b1e0,Udarsh Bala,2,Motorcycle,2023-08-20,4.63
475,DP-c2d0a59d-3af1-5091-8fe5-0158f0e57dd3,Hardik Nayak,4,Motorcycle,2023-03-14,4.8
476,DP-1a2b00fb-1ef6-5348-b3e6-26012e8d6d56,Laksh Barad,5,Electric Scooter,2024-11-06,4.62
477,DP-1f386b3f-e672-5514-923f-20d7dce8b535,Urmi Dewan,7,Motorcycle,2023-11-24,5.0
478,DP-fbd554c2-ba09-5e8e-995e-47b119ec85c6,Saumya Ahluwalia,13,Motorcycle,2025-06-20,4.52
479,DP-6a49cebd-b309-5fc5-9141-753811942c0b,Anirudh Kunda,14,Motorcycle,2023-04-30,4.7
480,DP-614d3e81-0138-53a4-bcb9-400f30856d15,Mason Wable,7,Motorcycle,2025-01-04,4.57
481,DP-be5092db-85ca-5da8-966f-677dfef367fa,Indrajit Mani,7,Motorcycle,2026-06-17,4.95
482,DP-7c548bf4-670a-5710-9461-3a26a2eb87e2,Charvi Dara,3,Motorcycle,2023-04-29,4.35
483,DP-32770833-4526-5089-b09e-731ab5214ce2,William Saini,12,Motorcycle,2024-01-21,5.0
484,DP-39ad0ee6-41b3-58eb-937b-217241f7ff11,Dev Choudhry,5,Motorcycle,2025-12-13,4.27
485,DP-45299259-6c84-5ea7-9644-406e577d40b7,Amol Varma,1,Electric Scooter,2024-11-11,5.0
486,DP-581b39ec-eb72-5839-a2dd-8a7adb465c21,Maanas Manne,7,Motorcycle,2023-08-12,4.15
487,DP-5bbc72dd-65be-51c5-aa90-4596aff33ada,Aarav Pandit,8,Motorcycle,2023-09-29,4.71
488,DP-ac69462d-d433-54e1-94e5-c98167a68ee5,Omaja Grover,3,Motorcycle,2025-09-02,4.49
489,DP-9f9273e6-d4b9-50f4-8293-c932b35b5e05,Jalsa Bir,11,Motorcycle,2026-01-03,4.8
490,DP-a2c715f2-24d2-541a-bfe2-07a6e3226641,Madhavi Singhal,11,Motorcycle,2024-04-05,4.64
491,DP-a0c314a0-a2fc-5f97-a5b3-5418b0277576,Lila Prakash,17,Motorcycle,2024-08-27,4.78
492,DP-c418a315-ef30-5991-b2b8-bbf8d654c6b5,Amol Parikh,14,Motorcycle,2025-09-25,4.14
493,DP-4abdce7f-c22f-5528-8781-5f6ddb81c609,Hemani Khosla,15,Motorcycle,2023-08-14,3.95
494,DP-d233540b-9dc8-54c2-99a1-f9a317e20090,Gaurangi Deol,5,Motorcycle,2023-09-21,4.09
495,DP-fbade5e0-3c33-5304-8703-04521d024878,Indira Nigam,23,Motorcycle,2025-09-15,4.08
496,DP-e31c2bb8-e0f2-5414-8d04-868f90dfad8c,Ucchal Srinivas,10,Motorcycle,2023-08-27,4.13
497,DP-d5eaf4eb-00cc-51eb-b037-df4f399732ce,Krishna Bhatnagar,7,Motorcycle,2025-09-10,4.29
498,DP-236a4fec-61aa-5571-bbb9-2b8fb868d32b,Balhaar Memon,13,Electric Scooter,2024-09-26,4.29
499,DP-01e4c118-092f-5b44-b021-948f683d07c2,Caleb Iyengar,6,Electric Scooter,2026-06-17,4.49
500,DP-ea59f7c7-b09c-5c80-9a59-e4a7102d3619,Diya Mukherjee,9,Motorcycle,2023-02-12,4.21
501,DP-9e8b1408-2404-5583-b9df-dc5992524461,Urvashi Kulkarni,20,Motorcycle,2026-04-22,4.23
502,DP-5fde476d-5c86-557d-a70e-ddedd0073f8c,Rayaan Mangal,34,Motorcycle,2023-10-15,4.42
503,DP-4535b658-5758-5de5-8d35-4f8d15df51e8,Champak Narula,38,Motorcycle,2023-02-14,4.85
504,DP-762c0de5-b9d0-5058-9077-3d781151b142,Jeet Pillai,9,Motorcycle,2025-07-12,4.34
505,DP-416d0dd5-dc22-51d7-bb20-40b05be96674,Mugdha Sarraf,9,Motorcycle,2024-11-10,4.47
506,DP-fb313dfa-49e1-53ec-b9fe-785018400fa4,Harinakshi Grover,24,Motorcycle,2025-12-04,4.52
507,DP-dc705cb7-6a4f-5107-aed8-87b42fcf2a12,Widisha Pillai,5,Motorcycle,2023-05-19,4.17
508,DP-80943548-e343-5411-b924-5898f7fcfb38,Fitan Samra,28,Motorcycle,2023-04-14,4.37
509,DP-f7dfe63b-ff54-5c9d-ac6c-e728afcec5d6,Qushi Gole,9,Motorcycle,2024-12-24,4.26
510,DP-8c72dcdc-2337-5e78-a03d-ee5699d7f5c1,Ekani Chauhan,2,Electric Scooter,2026-01-30,4.81
511,DP-ae889380-3c85-5d3e-9b10-6bc0afabb3f4,Falak Merchant,1,Motorcycle,2024-06-01,4.78
512,DP-b92fc4ac-bbf7-568c-8945-101dd9403996,Sanaya Sandhu,28,Bicycle,2025-10-14,4.22
513,DP-4e3f5885-2015-553f-921d-a0a2cab9ea5c,Sachi Panchal,1,Motorcycle,2026-03-02,4.46
514,DP-d4355466-8cdd-5d1f-acc6-101bc4a6b329,Brijesh Pandit,4,Motorcycle,2026-01-14,4.7
515,DP-30f0e698-3bfd-5161-af58-5f415f9af12c,Anvi Bhandari,5,Motorcycle,2024-10-11,4.6
516,DP-504f0441-198f-5810-8819-b9b118e4ba06,Nidra Patla,3,Electric Scooter,2025-06-10,4.63
517,DP-58c4276f-b247-5175-9b2d-2bcae702189f,Azaan Dhar,5,Motorcycle,2024-11-01,4.17
518,DP-9e988872-60fd-593b-9089-c876e4575aef,Bakhshi Date,20,Motorcycle,2025-05-10,5.0
519,DP-4d7bc2d1-d6f9-5e00-8e62-99769beb410f,Warinder Peri,1,Motorcycle,2024-12-24,4.28
520,DP-ab73a3e8-9856-5f2d-864c-afa594e1723f,Leela Bali,27,Motorcycle,2024-11-01,4.27
521,DP-c55b977b-1f5e-5c71-b69c-0b59cd140eb8,Shivani Prabhakar,30,Motorcycle,2024-07-11,4.05
522,DP-fb5c54d6-6682-5cbe-92d8-c7a12fd7de72,Sachi Bose,6,Motorcycle,2025-04-12,4.43
523,DP-f28394b9-70b4-5765-af38-8ea88408bcbb,Jeevika Rao,2,Motorcycle,2025-08-16,4.89
524,DP-9dc5661e-bfe4-55b0-8699-bf926cc8936d,Arya Krish,12,Motorcycle,2026-03-18,4.59
525,DP-fb9e7fa4-3bfb-59bb-b058-4dad097c3464,Atharv Grewal,2,Motorcycle,2025-02-21,4.46
526,DP-7eba9fc9-6542-5cc5-96ba-9f73a36aec34,Zarna Ram,6,Electric Scooter,2023-05-09,4.75
527,DP-591a3faa-735c-59b7-a4c6-e66be2b13628,Adweta Lad,44,Motorcycle,2025-01-19,4.88
528,DP-e5351a9d-d5f6-5614-9de2-067e1204df1d,Tanish Mangal,50,Motorcycle,2024-02-07,4.78
529,DP-28fe5500-6f2a-5d3d-ad4e-2a46efb0c8ab,Ryan Das,22,Motorcycle,2023-02-04,3.87
530,DP-96a89893-0af3-502b-af75-48cb5ab71052,Ethan Seth,5,Motorcycle,2023-04-03,4.75
531,DP-198be10e-6a9c-5f13-89f0-5fce3b921476,Sai Chahal,16,Motorcycle,2025-01-24,4.65
532,DP-3da810da-c87a-5d99-b31d-b2ab04cd5b2f,Idika Bhattacharyya,18,Motorcycle,2026-04-20,4.22
533,DP-b7e906ef-9b1a-5d1f-88cd-636752ea6826,Charita Dugar,6,Motorcycle,2024-10-07,4.65
534,DP-54f3d879-47e7-5c5b-8705-f4227dbe1f58,Janaki Trivedi,14,Electric Scooter,2024-07-22,4.89
535,DP-fadecf1a-ef4a-53fd-86ec-b67f77420831,Jairaj Iyer,1,Motorcycle,2023-04-24,4.3
536,DP-0c479f8f-e992-52a0-80cb-020ffdd0a3f2,Warjas Tak,3,Motorcycle,2025-05-11,4.8
537,DP-5ea9e124-681a-5076-9108-94d3de1aba1b,Jalsa Pillay,9,Bicycle,2023-03-12,4.6
538,DP-6fa2c6ed-456c-5375-98e1-864252fdb0c3,Kai Chadha,3,Motorcycle,2025-12-09,3.54
539,DP-28dedf01-9466-5518-a27f-cbcbefc88ee8,Dayamai Rao,3,Motorcycle,2025-11-07,4.48
540,DP-0f4afff0-0d8b-5ab1-a1e7-0dd8cd2e8837,Nirja Rout,28,Motorcycle,2026-06-18,4.59
541,DP-40b8c8f7-c2cb-569c-b4e2-b2a5eadb19dc,Jeremiah Nadig,49,Motorcycle,2023-12-29,4.39
542,DP-f1f4595b-9d91-526d-83e8-5fa44a973a0f,Shivani Shukla,10,Motorcycle,2023-07-26,4.61
543,DP-53f87b61-ec2d-5c49-8cdc-e01602dad74f,Kabir Gopal,28,Motorcycle,2024-01-18,4.45
544,DP-b56f3ad4-1e1a-587e-b032-47e1935a62a4,Rachita Thakkar,49,Motorcycle,2025-10-17,5.0
545,DP-24faa2ce-2358-529c-a71c-7bb8242c722a,Jeet Vasa,2,Motorcycle,2023-10-07,4.36
546,DP-8b13dd7f-e40b-5029-946c-2cadfc648e42,Daksha Gala,8,Motorcycle,2026-02-06,4.23
547,DP-29c78e95-7629-51c4-9b29-82b3d0964fe1,Ekantika Kar,6,Electric Scooter,2023-07-16,4.78
548,DP-1a4c0ba5-d6ea-57c7-8fac-b10def253666,Zilmil Mander,1,Motorcycle,2023-03-04,4.41
549,DP-45815c05-ad34-5d05-aaae-3e37ddd8eb22,Zashil Hegde,21,Motorcycle,2023-10-07,4.46
550,DP-daad3fb4-09fa-54ad-a0d6-816b8ec66aba,Jeremiah Mitter,7,Electric Scooter,2025-08-20,4.43
551,DP-d3c42753-b52a-528f-a2fd-eb730f016832,Yadavi Ganguly,8,Motorcycle,2025-02-07,4.76
552,DP-60ea513c-b7ee-5bff-a932-494206c58956,Onveer Nazareth,2,Motorcycle,2024-03-28,4.13
553,DP-0cada073-ce68-531f-b8f3-9bddd2299b79,Ayush Bumb,3,Motorcycle,2025-04-17,4.8
554,DP-434ad7ba-dd8a-5c3d-80af-cff6cab234b0,Alka Kade,36,Motorcycle,2025-04-07,4.68
555,DP-2e48c094-48dd-5e39-a18c-9c940cad3234,Azaan Tank,1,Motorcycle,2024-12-08,5.0
556,DP-ed01cef8-ed14-5ad3-be37-43540e95b36d,Chasmum Subramanian,3,Motorcycle,2024-10-17,4.56
557,DP-c07382e4-32a7-56e2-89fa-cdeb22afe4de,Nidra Mishra,4,Motorcycle,2023-05-10,4.15
558,DP-fc6ae85f-ce41-5007-b576-140251cb0203,Elijah Bhasin,9,Motorcycle,2023-11-28,4.56
559,DP-875f4fb1-dced-54d7-bd9c-c726a69da23e,Ria Sagar,12,Motorcycle,2024-11-04,4.61
560,DP-3acfa01b-6065-5d90-b1d9-7835bfd720ac,Ucchal Jani,9,Motorcycle,2023-06-22,4.92
561,DP-6e28b023-5a9c-59a1-a01a-82ed00e00754,Maanas Munshi,2,Motorcycle,2024-08-30,4.15
562,DP-cad98736-8ffa-5c6e-9d81-c8736aadfb5d,Hemani Rastogi,4,Bicycle,2023-05-30,3.98
563,DP-ff4844ae-db07-590a-bcdb-3f6393d0f542,Kamala Varma,29,Motorcycle,2025-10-01,4.57
564,DP-c0fa1669-13e6-554c-8ed4-051defe8e3ac,Eiravati Khurana,14,Electric Scooter,2023-05-12,5.0
565,DP-653eed65-86c7-5442-a082-836bb28125f7,Jason Loke,14,Motorcycle,2023-04-29,4.73
566,DP-2be4fe1c-dde1-5d7d-831d-0c4ff6caac11,Yug Dhaliwal,15,Motorcycle,2025-03-24,4.75
567,DP-fdcb8c9d-ba1c-5636-b01d-9398be899937,Chandresh Mannan,21,Motorcycle,2023-10-09,4.04
568,DP-a504990d-309b-5948-80e1-f226f025af18,Omya Kothari,1,Motorcycle,2024-03-24,4.51
569,DP-2af26324-dda8-5f07-85d2-a1b8c08b4909,Falak Munshi,6,Bicycle,2024-02-05,4.93
570,DP-c264c6e0-de88-5f97-bb60-6a4fed9680f3,Nathaniel Tara,10,Motorcycle,2023-10-04,4.61
571,DP-8cb30244-47f9-5000-ba25-910eeb9dbd14,Wishi Morar,5,Bicycle,2025-08-30,3.96
572,DP-c47d9549-04d9-5e88-b0e8-60075cbc56ab,Arin Chana,29,Motorcycle,2025-06-01,4.5
573,DP-49be3f2d-03d3-561c-8edb-dd7099da38ea,Yashasvi Shankar,8,Motorcycle,2023-11-01,4.7
574,DP-bcf1fc32-3588-5b6e-8ea7-4f9d66afcf47,Tanveer Pandit,22,Motorcycle,2025-05-26,3.41
575,DP-85f54783-e60e-5e69-bdc8-28260d5b89eb,Chandresh Manda,30,Motorcycle,2025-06-29,4.47
576,DP-3fc90db1-a969-5546-ba35-174f6ccea8dd,Upma Mangal,9,Electric Scooter,2024-11-18,4.19
577,DP-b68864f6-2a96-5bc9-aab5-079224df897a,Hritik Sankar,37,Bicycle,2025-01-08,4.8
578,DP-058c69e5-0c49-5a9b-b32e-5955826c72db,Aishani Pau,12,Electric Scooter,2026-04-08,4.35
579,DP-74d2a8c1-43b8-5f50-b7be-b9275e0783ee,Jasmit Bath,29,Motorcycle,2024-08-02,4.64
580,DP-215ce7b5-250d-565d-b04e-57afe6933e95,Charan Hayer,5,Motorcycle,2024-05-06,4.49
581,DP-ceb2b9ba-b896-5c3e-a6dd-d354cbc6c1e4,Bhavya Borah,9,Motorcycle,2024-11-18,4.34
582,DP-f2adf196-e5d8-5c65-bdf0-d93e826585a1,Yamini Seshadri,10,Motorcycle,2025-12-02,5.0
583,DP-c29866b6-8a75-5267-885f-a278b8739e48,Jagat Dave,2,Motorcycle,2025-06-24,4.3
584,DP-3d96b248-683e-58c0-a30a-68de2f527424,Meera Prakash,6,Motorcycle,2023-04-06,4.52
585,DP-38654602-10cf-5170-89e1-df00309c5bd2,Jasmit Dhawan,38,Bicycle,2024-08-09,4.49
586,DP-bced8412-715c-5ae8-94e9-e71fa418adc0,Yashodhara Ratti,13,Motorcycle,2025-08-02,4.56
587,DP-601c2b2c-eae5-52b2-aab1-dcbb04b6d0cc,Chakradev Barad,3,Motorcycle,2023-10-13,5.0
588,DP-764f3dc0-594a-5726-b8b8-fab12cda6551,Gauri Som,5,Motorcycle,2026-06-15,4.7
589,DP-df34be52-a133-5723-ae48-3eff7f7e0f74,Manthan Varma,3,Bicycle,2025-10-28,4.34
590,DP-402fe749-2dd7-5c61-8da5-8594303dfec5,Falak Nagar,1,Motorcycle,2025-12-16,5.0
591,DP-4ea93ddb-7aac-5c97-addb-ccb435c647c9,Maya Mistry,39,Motorcycle,2023-04-15,4.77
592,DP-3864b06c-d4da-500f-b5f4-b61c6a749f55,Yashica Upadhyay,8,Motorcycle,2025-01-09,4.34
593,DP-aeb0e13a-7b98-59e3-8a60-bb13c00df7f2,Chandani Soman,5,Motorcycle,2024-11-04,4.95
594,DP-94e58b4f-9b53-5a58-ad33-c9dacc8819c6,Jyoti Narula,12,Motorcycle,2025-03-10,4.04
595,DP-3e847622-6069-5a80-a455-5dff814b1708,Omaja Morar,1,Motorcycle,2025-12-20,4.12
596,DP-73ae582b-2866-536f-9551-4c8a12e21fbf,Urvi Lanka,4,Motorcycle,2024-03-26,3.93
597,DP-01b75c27-d7e8-5f26-aef0-bb5be23c9644,Charan Srinivasan,17,Bicycle,2024-11-12,3.79
598,DP-4252a663-1e2a-5a98-9544-dc6dbecbdb49,Lajita Divan,14,Motorcycle,2025-05-17,4.92
599,DP-040358d2-3d9e-520a-bdc6-93afbc242407,Azad Choudhary,47,Motorcycle,2025-08-19,4.57
600,DP-ba5b5f09-5dfc-5bcc-9dfa-8c01d467a85e,Anirudh Sastry,13,Motorcycle,2025-09-10,3.96
601,DP-32599657-e240-565b-ad81-0d87109ce9c4,Omya Doshi,8,Motorcycle,2024-03-05,4.48
602,DP-284a6b58-82b2-58cc-869e-2189f4884fb2,Samar Roy,21,Motorcycle,2026-06-27,4.82
603,DP-8d0be75f-39e2-5ffa-a264-2d05a26bc05a,David Devi,36,Motorcycle,2023-01-13,4.24
604,DP-5872515e-9f7d-5b8b-99b3-24236131c35f,Ekta Sridhar,18,Motorcycle,2024-09-20,4.39
605,DP-db676e94-eb33-5974-a1cf-79ebeb4609e9,Dipta Ghose,45,Motorcycle,2025-02-15,5.0
606,DP-12b2a0c6-0202-5175-bbee-3dcbeb7a6dd7,Hema Pandya,23,Motorcycle,2023-03-20,4.42
607,DP-cfab9508-968e-5ced-b766-c5f6eb40e377,Veda Handa,31,Motorcycle,2024-07-29,3.99
608,DP-9250f06c-d1e7-5e52-b0d1-f66019222e0a,Arya Misra,2,Bicycle,2025-01-30,4.31
609,DP-e48157ea-5838-5603-aa9d-76906f0895dd,Chameli Mani,19,Electric Scooter,2025-02-14,3.94
610,DP-c08587dd-a8dc-5848-8958-abe6b492c00a,Vrinda Nadig,7,Motorcycle,2023-06-01,4.73
611,DP-ba807e57-c534-5c96-ab96-ddd349d8d397,Ikshita Mahal,10,Motorcycle,2023-12-21,4.2
612,DP-faffcfb7-518f-514c-866a-dfefc1dc93a3,Jairaj Raghavan,15,Motorcycle,2023-11-09,4.19
613,DP-f4919ecb-e267-54e8-b05f-30794b5a6fe2,Hemani Dhingra,46,Electric Scooter,2025-03-27,5.0
614,DP-44722ec7-705b-5beb-b07c-dba6f856a1fd,Brijesh Mani,48,Motorcycle,2024-02-24,4.08
615,DP-c138b44d-2732-5057-b260-3380468b761c,Hiral Sathe,4,Motorcycle,2024-12-30,4.03
616,DP-cf6f818c-2c8b-5b2a-aaf4-4d5304cad287,Varenya Kala,19,Motorcycle,2025-07-21,4.14
617,DP-1fd44c81-f5d3-5c1e-8d31-0704b5b0a229,Anika Magar,20,Motorcycle,2025-10-14,4.83
618,DP-21084693-60d6-5f28-a897-f4907f6d9bb6,Ikbal Khatri,5,Motorcycle,2023-08-23,4.68
619,DP-c45d369b-de32-5607-b606-4a87a1bc16a9,Chandresh Wali,2,Motorcycle,2026-02-26,4.31
620,DP-5feb2ea8-81f0-5bb2-9dec-a22e819b3c0b,Viraj Ben,1,Motorcycle,2023-07-31,4.28
621,DP-17db9828-fde2-5651-954e-a4e931b59ae5,Odika Narayanan,22,Motorcycle,2023-01-28,4.65
622,DP-b21f3a03-5626-5ffb-b946-cb20d7ee18db,Harish Devan,9,Motorcycle,2023-02-27,4.58
623,DP-78df6424-7125-5c7b-bfa0-a3a26ba5610b,Nakul Ray,48,Motorcycle,2023-09-14,4.44
624,DP-23b10f4c-8785-5635-92b9-71751c796595,Vansha Iyengar,8,Motorcycle,2026-01-19,4.7
625,DP-18c93813-2655-58b6-a4d1-9a1f652ed4c8,Ekani Mangal,47,Motorcycle,2023-09-23,4.11
626,DP-9b913e0f-63f2-542c-9783-d198ec77de45,Gaurav Kata,7,Motorcycle,2025-06-03,4.2
627,DP-b817a95f-e68b-5356-8c4e-6fa9bf608738,Parth Sahni,24,Motorcycle,2024-06-17,4.72
628,DP-20448777-eea3-598e-8757-4386714bfe12,Balhaar Ranganathan,2,Motorcycle,2023-02-20,4.61
629,DP-77a0ff6c-df0e-5f94-9fe7-6350edecf898,Quincy Mann,10,Electric Scooter,2024-07-20,3.77
630,DP-0e4ed450-7ec9-5502-9f86-b858175bca4c,Aditya Misra,24,Bicycle,2023-02-06,4.51
631,DP-7b45c2b3-c6bd-520d-8c3d-f3118da6c964,Gautami Mane,39,Motorcycle,2024-08-30,5.0
632,DP-06c38c86-0d35-5924-83a4-2e4c78b803a7,Wakeeta Desai,26,Motorcycle,2024-12-13,4.77
633,DP-4b451cd0-e76f-546a-aa3d-36905f66ce31,Anjali Hans,1,Motorcycle,2024-10-27,4.32
634,DP-d2776234-a3e6-5b93-9cff-060e0a75f3f0,Ganga Gaba,6,Motorcycle,2023-12-27,4.23
635,DP-9d13a2ac-f481-5d9d-a178-e2c4286a6315,Aarini Grewal,1,Motorcycle,2025-09-05,4.62
636,DP-b688c2bb-6ac7-5c04-bffc-b51d022105a0,Geetika Merchant,2,Motorcycle,2025-01-31,4.92
637,DP-04540158-87bf-52bb-a654-64f04473b396,Parth Ravi,16,Electric Scooter,2023-11-22,3.89
638,DP-8e7c34a1-92dc-53cb-b5b7-38945a7bda6f,Yutika Narang,18,Electric Scooter,2024-07-08,4.6
639,DP-a1325d21-9f3f-5ddb-90ca-30c7d05e79c4,Nandini Chandran,22,Motorcycle,2023-05-19,4.38
640,DP-9369619e-7c9b-5d7b-a479-fb6dd5e8eea3,Logan Sood,31,Motorcycle,2026-03-24,4.57
641,DP-485ac56d-5686-54ac-962b-151e497ba809,Yuvraj Ahuja,20,Motorcycle,2025-08-18,4.0
642,DP-247f4b59-514c-5677-abff-58e769ce5295,Leela Keer,24,Motorcycle,2024-01-03,4.92
643,DP-d132252b-8ea4-5a04-ae3a-bd8a43cf7c09,Amara Narayan,1,Motorcycle,2025-05-11,5.0
644,DP-2cd49fd3-870a-5e0a-8c03-b59b9b1a5b65,Advay Lal,3,Motorcycle,2025-05-16,4.74
645,DP-9b5e4e12-374b-59f3-bb1f-304243d2cbd0,Warinder Bhatia,13,Motorcycle,2025-02-16,5.0
646,DP-59f86e9c-dc02-5c73-a4e3-fbd7df938e8c,Udyati Mohanty,30,Bicycle,2023-03-10,4.36
647,DP-df9845dc-3354-579e-ad4e-fc036be7baca,Nidra Thakkar,1,Motorcycle,2026-01-25,4.59
648,DP-075ce16b-bab3-5bde-8cba-1876c2ad9812,Jacob Merchant,9,Motorcycle,2026-05-04,4.74
649,DP-6bfb90d0-320c-519f-980a-681da7e0ff69,Timothy Kanda,16,Motorcycle,2026-05-28,4.63
650,DP-40ce60f3-d378-5e81-91e0-fdd7be1e1ff8,Vanya Dua,1,Motorcycle,2026-06-05,4.41
651,DP-34a4c515-9afa-55a1-87e4-23fc918cea87,Kashvi Sagar,6,Electric Scooter,2026-03-31,4.44
652,DP-272a28fb-79e7-5527-8568-6b70c1fd7b76,Tejas Kota,35,Motorcycle,2025-08-01,4.98
653,DP-f4d4e310-593c-505d-9e85-5204e6a2a423,Sanya Wable,16,Motorcycle,2023-03-14,4.49
654,DP-a1f35489-5e19-52e7-b203-1e9b21856fee,Faras Choudhury,4,Motorcycle,2024-08-16,4.9
655,DP-d0249d30-7203-5dee-aa82-1db60dfc86c2,Yashasvi Jain,30,Motorcycle,2023-11-09,4.47
656,DP-132e62d4-c9b1-53b5-86ae-3449e6578be1,Nitesh Narang,5,Electric Scooter,2023-10-08,4.89
657,DP-38a1cba9-b691-5ca1-8dd4-837333d3ccd6,Jackson Jha,30,Motorcycle,2025-11-25,4.53
658,DP-a9007933-f6ed-5f03-a382-404283171ccc,Gavin Uppal,5,Motorcycle,2025-11-02,4.71
659,DP-0f8c4674-07e2-5914-b133-dd7fe5119fc7,Christopher Setty,12,Motorcycle,2024-10-28,4.27
660,DP-eb38a05f-c15f-5d4d-9d75-58932f930722,Yochana Sagar,6,Motorcycle,2025-07-28,4.59
661,DP-ad42b31e-99f9-5db8-abd1-fedda7272a12,Dalbir Shere,4,Electric Scooter,2023-06-15,4.27
662,DP-e1dc9ee6-2cb5-5906-9cd4-d231f206300b,Anthony Randhawa,34,Bicycle,2023-10-11,4.36
663,DP-e9c88209-574a-5d8d-a24e-10f5062f4cbc,Aarush Kamdar,3,Electric Scooter,2026-01-02,4.38
664,DP-34dcdcbc-2d50-5a59-8955-b8724e1a6a8c,Chakradev Sampath,2,Motorcycle,2024-07-29,4.44
665,DP-566f2f3c-fd6d-5179-833a-8c73fbe0ee32,Devansh Bhasin,5,Motorcycle,2024-11-28,4.85
666,DP-67aaff69-d20f-519c-bfb9-f264d8eebe7e,Urmi Balay,18,Electric Scooter,2024-08-13,4.34
667,DP-c8dd2d8e-712c-5d84-aaf7-8176df1ac909,Nilima Gole,25,Motorcycle,2023-09-15,4.55
668,DP-0661ccbe-83b5-5688-bac6-9c39342c4f57,Osha Prasad,50,Bicycle,2025-11-20,4.89
669,DP-8425f924-8161-53d3-b85e-15db835c9281,Saumya Purohit,4,Motorcycle,2025-08-25,4.71
670,DP-218ff42f-1c17-5d8f-9773-09a062b6522f,Faris Zacharia,7,Motorcycle,2025-05-22,3.9
671,DP-2c201ee6-73e0-5051-802e-f92a07551148,Ijaya Dani,2,Bicycle,2024-03-26,4.0
672,DP-cac231c6-5f73-5e85-8c60-40d8a7dde9fa,Maya Wadhwa,11,Motorcycle,2025-03-31,4.64
673,DP-9032cc57-f7a5-5e58-8fc4-6b8c1ac663b0,Udant Aggarwal,50,Motorcycle,2026-05-01,4.33
674,DP-6b0ecda2-719f-5ee8-a26c-da63f2ceea28,Chanchal Sheth,17,Motorcycle,2025-04-09,3.95
675,DP-e2d86e28-62e1-5835-898d-ea02a88991ed,Ladli Karpe,12,Motorcycle,2024-09-22,4.3
676,DP-5750746f-f563-5e31-8fa7-202f572c16a4,Triveni Pal,6,Motorcycle,2023-12-12,4.65
677,DP-f1e323cc-3c2d-53aa-a1f7-43166ab894b4,Anya Gulati,38,Motorcycle,2024-10-29,4.38
678,DP-8bc24f14-1aa9-581e-9954-af2485742870,Azad Saini,9,Motorcycle,2024-04-19,4.52
679,DP-f2c71be7-e8c3-55ee-8997-5c19f892451a,Wridesh Jhaveri,2,Motorcycle,2025-02-18,4.41
680,DP-74563ad6-ad4b-56e1-a2c9-7deb95267bcb,Harrison Bandi,6,Motorcycle,2023-02-28,4.26
681,DP-dd0f9aad-0aee-5ecb-9f49-459463049e4c,Chanakya Konda,1,Motorcycle,2023-08-31,4.58
682,DP-6ecf0142-f5e7-593b-a2d0-ce3a3375cf5f,Neelima Sarna,3,Motorcycle,2025-10-01,3.92
683,DP-f9bae61f-85bc-58e9-a985-5eda61fbe7a7,Teerth Bhalla,1,Electric Scooter,2024-04-30,4.21
684,DP-61767c3b-c02e-54ec-99a3-85b053858188,Yahvi Mann,8,Motorcycle,2024-07-06,4.77
685,DP-ef671adc-317e-5b90-a4ae-818d75825257,Eiravati Nagi,14,Motorcycle,2024-11-25,4.01
686,DP-02431af4-5340-5827-a78e-ee9f3389ec5f,Chasmum Dhar,5,Bicycle,2024-07-13,4.5
687,DP-d352d415-3ac4-5d3c-9e15-842c19cd733c,Odika Mital,7,Motorcycle,2025-08-26,4.35
688,DP-c36d27b1-aac1-5238-84d1-8153f252c474,Darsh Gill,44,Motorcycle,2023-11-10,4.32
689,DP-56c2ab32-f94b-52dd-bd44-1d445fa20601,Warhi Batta,21,Motorcycle,2025-08-25,4.81
690,DP-2fcdfb44-020d-5521-b79a-660c1ce0b728,Lakshmi Vohra,10,Motorcycle,2023-09-25,4.88
691,DP-2e7e1280-6d2a-5188-bf57-48549dfa86b1,Omaja Rege,4,Motorcycle,2024-04-17,4.13
692,DP-ec00f4b8-1eb0-5de6-8693-521ff7faf0fc,Charita Puri,35,Electric Scooter,2025-01-20,3.58
693,DP-ce49dd92-ff69-5438-b216-a2606f7223fa,Urvashi Khosla,3,Electric Scooter,2026-02-04,4.44
694,DP-8ce3468d-f926-5c59-908c-eb9cb6260ce0,Charita Dhawan,5,Motorcycle,2023-10-24,3.84
695,DP-c8df647d-6b02-51eb-bf74-d2494a46ac4d,Dalbir Sachar,37,Motorcycle,2025-01-19,4.79
696,DP-677fed19-d8fb-5584-972b-ad9bc0cd7229,Krish Rama,10,Motorcycle,2023-03-23,4.48
697,DP-8a671f88-594b-5042-832e-bed99818a232,Aadhya Jani,20,Motorcycle,2023-04-07,3.99
698,DP-821ce34e-f800-583d-870f-182c435791b8,Farhan Sengupta,12,Motorcycle,2025-09-06,4.23
699,DP-1431b268-cc49-51cc-9e56-b4114022e15b,George Wason,15,Electric Scooter,2025-07-06,4.11
700,DP-57eaa985-175d-5996-a934-1e2d156653b6,Charan Loyal,5,Motorcycle,2024-04-25,4.21
701,DP-0bc7135d-f95b-5b94-85e6-774e7c38a6ad,Balveer Bora,4,Motorcycle,2025-03-05,3.87
702,DP-f309ac0e-4c3a-534d-9830-ad715a4bda73,Teerth Srinivas,5,Motorcycle,2024-04-30,4.98
703,DP-bc29ba23-06a3-5e8a-b704-b395e76b4610,Gaurangi Mitter,2,Motorcycle,2023-12-20,4.15
704,DP-8c897f38-dae9-5ac6-93ee-498e66d72d0e,Siddharth Gupta,32,Motorcycle,2024-07-04,4.5
705,DP-cdeb34f8-7141-5835-9451-1963a70c725c,Varenya Kibe,4,Bicycle,2024-02-02,4.65
706,DP-2a83ac7d-9a98-57c3-82a7-b13bf4498a83,Mekhala Khatri,11,Motorcycle,2025-11-05,4.88
707,DP-abff1dc9-092f-504b-a3ca-d83bd55bf943,Barkha Rai,24,Motorcycle,2024-06-09,4.51
708,DP-7265f472-3716-5305-943b-e9da9c401c57,Jagrati Morar,23,Motorcycle,2024-02-14,4.4
709,DP-54ad3f2a-7af1-5816-b0e1-68a3f088d871,Jagvi Varghese,7,Motorcycle,2024-11-15,4.53
710,DP-7b79a739-b055-535c-919e-11b5a24496f8,Unnati Chaudhari,8,Motorcycle,2025-08-25,4.13
711,DP-468b82f1-7fef-5e13-b085-077c0be90a2d,Ekaja Jani,50,Motorcycle,2023-12-16,4.16
712,DP-ccdb84e6-3137-5530-92ec-d63ba6c7386c,Dhriti Sachdev,16,Motorcycle,2026-04-13,4.4
713,DP-cd68dabc-9fd9-58fc-b3e4-b31b8ced0b36,Timothy Dhingra,25,Electric Scooter,2024-08-14,3.76
714,DP-e6d95c3e-7b6d-5c51-b98c-8fc9586e1a9f,Advika Sahni,36,Motorcycle,2025-04-23,4.26
715,DP-eaceb6b8-ac47-5ed6-a830-fc062e69b3de,Michael Hayre,23,Motorcycle,2026-05-06,4.33
716,DP-57ad1829-a3b2-54f1-903f-3ba4ea707fde,Victor Raghavan,3,Electric Scooter,2024-07-04,5.0
717,DP-ddde2b2b-2163-5f8c-a99e-ddfca5f002ec,Xalak Nazareth,11,Motorcycle,2023-09-12,4.93
718,DP-76f278e4-b069-58c7-8328-3c1ae69df7a1,Vrinda Swaminathan,2,Motorcycle,2025-08-12,4.65
719,DP-14025ad6-da22-5225-9e49-e0f23b762f0a,Om Pandey,15,Motorcycle,2023-01-09,4.8
720,DP-ca668b2d-07a8-5f96-855e-6a0c254fb011,Logan Suresh,43,Motorcycle,2024-08-07,4.16
721,DP-62da59a6-b563-5772-8b57-eac31d19e017,Daniel Viswanathan,9,Motorcycle,2026-06-04,4.53
722,DP-01d26e77-a8d3-572f-8163-e2e65991bbee,Falan Bava,7,Motorcycle,2024-06-12,4.75
723,DP-11597616-05a7-507f-aee4-f77560292096,Nitara Devan,1,Motorcycle,2025-05-22,4.16
724,DP-a72c48c6-8cea-599c-9cc2-5cfae7988672,Ekansh Dora,44,Motorcycle,2024-11-01,4.0
725,DP-fba1b84a-660e-5b01-8788-694ec06d1371,Tejas Tiwari,2,Electric Scooter,2023-10-01,4.61
726,DP-e822cb23-0580-580a-beee-6cb4c9eb8069,Kashvi Bhasin,1,Motorcycle,2024-02-10,4.03
727,DP-63a1be03-49eb-5344-9c59-24d6d355276d,Vinaya Babu,4,Motorcycle,2024-10-30,4.68
728,DP-db5c9e8d-0b71-5050-9e1d-c62e2522d40c,Nisha Arora,1,Motorcycle,2023-05-14,4.88
729,DP-6b5ad535-48f5-5664-b430-6ef542acb981,Anvi Wason,8,Motorcycle,2024-06-13,4.17
730,DP-0e83edba-6a05-5878-a60b-0e450143cedb,Anay Thakkar,9,Motorcycle,2024-06-13,4.19
731,DP-20354778-b9fe-5ece-87da-57b91598287e,Praneel Chhabra,5,Motorcycle,2025-12-01,4.86
732,DP-bc00dfc1-24a4-514f-a496-4a8e9f940ca1,Manthan Khosla,1,Motorcycle,2023-06-08,4.51
733,DP-47d11423-24bb-5c17-9e96-1e3262c8de2b,Zayyan Pandya,2,Motorcycle,2025-12-11,4.81
734,DP-86d0c73f-3e97-5b5d-ba4e-1c27a0d7ed29,Mekhala Brar,6,Bicycle,2024-06-07,4.41
735,DP-2150bcbe-d160-5165-b6ee-7e2adc5be71a,Nidra Sharaf,1,Motorcycle,2025-04-11,4.43
736,DP-dea12917-3917-5390-9bc6-5fe9b2d084c2,Upkaar Mital,17,Motorcycle,2024-12-11,4.5
737,DP-7dec20b7-25b5-5195-bbef-c945f8b43842,Azad Chander,3,Motorcycle,2024-01-18,5.0
738,DP-a4ceee05-ce98-5245-b582-425253716f1d,Ladli Purohit,5,Motorcycle,2026-04-02,4.78
739,DP-bcb4b093-0810-5535-9917-b81157f9b170,Daksh Andra,6,Motorcycle,2023-10-14,4.25
740,DP-b8d96220-9a7d-5621-9cee-103a628b84b2,Fitan Tata,7,Motorcycle,2023-02-16,4.56
741,DP-2e5a9206-1922-5e73-bef3-afc129741ba8,Garima Chandran,1,Motorcycle,2025-08-15,4.39
742,DP-9488193e-edb9-5031-98a6-fd0d72d73175,Victor Kakar,2,Motorcycle,2025-03-03,4.32
743,DP-aeb953e4-79ab-5f02-a744-22256eb79034,Anika Batra,31,Motorcycle,2026-02-10,4.67
744,DP-3940a5ca-4e97-5a35-b6c3-afe4d81fe951,Avni Bali,1,Motorcycle,2024-08-07,4.59
745,DP-9a783209-db40-5bc6-a3b9-f89dddf91a78,Divya Babu,9,Motorcycle,2023-01-22,4.17
746,DP-a771b6fb-85ba-56d5-862f-2d86d19d49a0,Maanas Rao,9,Motorcycle,2023-01-26,4.5
747,DP-2a8f3a6d-5c13-51a6-95c8-232ea9841aeb,Chandani Gaba,5,Motorcycle,2024-07-06,4.31
748,DP-50bf6618-f0cd-50cb-b805-c5160ce3d188,Lopa Zachariah,7,Motorcycle,2023-11-15,4.64
749,DP-f13996a4-7620-5490-8920-d47a9227bdcd,Leena Dey,23,Motorcycle,2026-03-22,4.3
750,DP-f8924e96-438a-5b22-84c6-7c38f7b91504,Xiti Pal,28,Motorcycle,2023-06-01,4.44
751,DP-9279b983-4c8f-5e29-a5e0-5aa4c851eb2d,Guneet Sarkar,4,Motorcycle,2026-01-28,4.33
752,DP-210e8d37-5995-5571-b080-885d5de00bb4,Faqid Oak,5,Motorcycle,2023-10-04,3.91
753,DP-a91ec78a-235b-59c4-9011-2ad631606c77,Eta Balan,4,Electric Scooter,2023-06-02,5.0
754,DP-9fe72ce2-258d-583e-990f-c92fa73805d9,Shravya Swaminathan,8,Electric Scooter,2023-12-17,4.5
755,DP-9e523e85-4d72-5ca6-b78a-1da2b16e7187,Ishani Prashad,16,Bicycle,2023-07-03,5.0
756,DP-409978b5-4b28-5168-b369-3d5dcf914391,Quincy Rai,3,Motorcycle,2024-05-27,4.52
757,DP-bb29201f-2c36-5a38-af99-2c2fce6a1991,Chakrika Koshy,5,Motorcycle,2024-02-26,4.73
758,DP-2df395d2-5408-510e-944c-1932efc72205,Fitan Loyal,40,Motorcycle,2024-11-06,4.27
759,DP-0e4465e0-968c-5d7c-ab62-e7645e2f6202,Lajita Dube,1,Electric Scooter,2024-11-16,4.28
760,DP-52e5b775-b7be-5186-990c-470453c44738,Edhitha Patel,8,Electric Scooter,2023-01-02,4.48
761,DP-5158c3d1-4f45-5dbd-9155-e83edc589dbc,Gavin Ahluwalia,18,Motorcycle,2023-06-09,5.0
762,DP-5a1e1887-0c5b-5937-a750-6fb33cc20b94,Sai Parsa,2,Bicycle,2023-07-26,4.18
763,DP-4ddc2003-7de4-5a62-86b6-8ab4031d515a,Harsh Deo,1,Motorcycle,2023-09-06,3.84
764,DP-03742457-8342-5fd3-8e36-24c0c4db0d45,Rachit Sankar,2,Motorcycle,2023-04-30,4.86
765,DP-60f75f4e-dcea-5f5e-85a5-e1b771bca409,Yauvani Reddy,38,Bicycle,2024-02-06,4.75
766,DP-4f8f57d4-1a69-5068-b6eb-dc90c64f7658,Atharv Chakraborty,1,Motorcycle,2024-12-02,4.35
767,DP-f4d4873a-83ed-5a89-bce7-a5c8b7c3ced1,Girik Nair,3,Electric Scooter,2024-01-30,5.0
768,DP-02bceaf8-2324-5afa-9721-47b665db1c85,Advik Manne,1,Motorcycle,2024-02-24,5.0
769,DP-7a8fa524-bbd3-5257-966f-8a6f1aeb37ab,Lipika Chad,2,Motorcycle,2024-08-22,3.89
770,DP-477dc1c4-13c0-5a25-8b2a-b999fe55564a,Omkaar Rai,13,Motorcycle,2024-11-30,4.27
771,DP-7c9ad2d7-795f-5c09-b283-166fb0f6772e,Liam Luthra,4,Motorcycle,2024-02-27,4.48
772,DP-20513f38-f609-5fa6-b54f-53698dfc0213,Amrita Tailor,11,Electric Scooter,2023-10-11,4.63
773,DP-965bccb7-9312-5982-b1d4-1eb43b4c3a8c,Dev Ganesh,12,Motorcycle,2024-06-06,4.58
774,DP-d9c1179f-2bef-5901-9193-f5363e5ff08f,Anya Sama,29,Motorcycle,2023-01-31,4.5
775,DP-caf4f2d3-fc54-504c-8132-e77e92343c9b,Veda Bose,1,Motorcycle,2024-09-20,4.13
776,DP-25bd381a-3175-51c3-bcbc-d4804931b20f,Zayan Koshy,30,Motorcycle,2026-04-16,4.68
777,DP-0a5af50d-d5d0-5e50-b1ba-8c24eadd597a,Rohan Shankar,13,Electric Scooter,2024-05-22,4.7
778,DP-d94327b8-e5ec-5b5e-b521-33756b3189b7,Krishna Modi,3,Motorcycle,2023-05-19,4.83
779,DP-22df23e0-a084-551b-a0af-7f85384227ca,Meghana Natarajan,22,Motorcycle,2025-06-21,4.09
780,DP-4f036092-c26e-5ded-bc02-e9a2cb6e73ac,Forum Sarraf,30,Motorcycle,2023-06-11,4.42
781,DP-22262664-f51a-5735-b6cd-619198fa4e52,Qushi Deshpande,4,Motorcycle,2023-09-05,4.33
782,DP-92f91a91-813f-527c-ae46-48ee6cbb8922,Ekani Iyer,38,Electric Scooter,2023-07-06,4.08
783,DP-57bbfe89-dfb3-5263-a288-0977fb56b8ce,Dipta Goel,8,Motorcycle,2026-02-01,4.42
784,DP-14c8c065-5c43-51d6-8a0e-a9cc4e976ab7,Eiravati Manne,12,Motorcycle,2026-06-06,4.15
785,DP-3ceb5091-a1c7-514e-b527-41cad894e661,Xavier Nanda,48,Motorcycle,2024-12-27,4.03
786,DP-0f3521f5-5f89-5211-9073-97cd33a16ca1,Avni Ramaswamy,6,Motorcycle,2025-02-27,4.76
787,DP-09006ada-1769-52d2-afa8-0109c427d951,Ishaan Iyengar,25,Motorcycle,2025-04-03,4.35
788,DP-29d677b3-fb0a-54c2-8326-197cf3e18a0b,Avi Shenoy,5,Motorcycle,2025-02-17,4.25
789,DP-18b7137b-4c77-5912-a7c6-86bbfbee31b0,Raksha Manne,24,Motorcycle,2024-11-25,4.92
790,DP-474f71cd-5bd6-50ec-97b0-905e9ab942e5,Nilima Tata,12,Motorcycle,2026-06-13,4.71
791,DP-1ce8128d-b3f1-5621-9d64-0cf80403b669,Chavvi Khurana,3,Motorcycle,2025-07-24,3.81
792,DP-e7d1cd8e-8239-50e8-8239-ce6217d32112,Mitesh Sampath,7,Motorcycle,2023-04-23,4.64
793,DP-538f6649-93e2-5bd9-9902-778e8769acb7,Ethan Sen,5,Motorcycle,2024-05-15,4.64
794,DP-f322370f-bf2f-5e04-aae5-429e834bf3c9,Nandini Warrior,1,Motorcycle,2026-05-28,4.4
795,DP-99e046c6-4fed-5657-9ba4-9bdc8fb8089c,Balhaar Parsa,1,Motorcycle,2024-05-30,4.39
796,DP-7f56220c-208c-5232-94ec-8c06eefab770,Ikbal Kothari,5,Electric Scooter,2023-09-18,3.94
797,DP-933d42d0-94f1-59af-9a30-f61dcadfef89,Ojas Basu,1,Motorcycle,2026-01-13,5.0
798,DP-45e4939a-b8b1-5a27-918f-f273b2711c99,Garima Sani,3,Bicycle,2025-03-06,4.42
799,DP-8ee50a81-a3b7-50c3-8c0d-a62c7027c476,Advaith Chaudhari,19,Motorcycle,2024-12-18,4.62
800,DP-99465e18-7084-50de-bf67-1498c26f66da,Tristan Uppal,18,Electric Scooter,2024-06-20,4.44
801,DP-5f1c6fe7-86fd-5c9c-b142-e81a57ab73ad,Sanaya Prasad,20,Electric Scooter,2023-06-08,4.26
802,DP-3e03a82c-60a0-5820-b0a1-d330431c1fab,Ubika Tella,5,Bicycle,2024-05-04,4.79
803,DP-8f427e7f-b13c-54e5-bd67-d70957214876,Hemani Bakshi,34,Motorcycle,2024-07-12,4.55
804,DP-4fb2b767-7a98-5abb-bcbb-09d04ab80973,Henry Merchant,12,Electric Scooter,2026-04-03,4.42
805,DP-fff65e0e-21de-5c3d-9b7e-9f6478aa763e,Frederick D’Alia,2,Motorcycle,2024-01-28,4.61
806,DP-1802e0be-5aa3-59ee-8182-4f2765ac7528,Ijaya Muni,2,Motorcycle,2023-07-10,4.47
807,DP-a3da942f-0c4f-5064-a4ea-7b903a5259fa,Tamanna Jhaveri,17,Motorcycle,2024-06-29,5.0
808,DP-eec24b0e-93b3-5737-a502-f1b0bd1c1a3e,Ijaya Soni,3,Bicycle,2026-06-26,4.77
809,DP-6fd7db9a-848e-5a19-9bc0-0a809214f74d,Raksha Sethi,9,Motorcycle,2024-09-07,4.67
810,DP-393a25be-8207-5355-8433-f95bf94be390,Ekalinga Mital,49,Motorcycle,2024-04-28,3.98
811,DP-31f246c0-038d-5630-86ce-0b69e4e26225,Ishwar Bajaj,1,Motorcycle,2025-04-30,4.68
812,DP-16b96ac2-496a-5021-952d-291964143dfa,Ikbal Gala,1,Motorcycle,2025-04-07,4.67
813,DP-fbeeabe1-d732-5310-9924-6c2590f71433,Zaitra Ghosh,49,Electric Scooter,2024-01-17,4.16
814,DP-fde8eed3-67e1-54bd-89f4-e855eab0786a,Ganga Sandhu,11,Motorcycle,2026-05-20,3.97
815,DP-2fce54e4-40d1-5b3a-9ae4-a92da8aab752,Vincent Ravel,2,Motorcycle,2025-01-26,4.76
816,DP-7b8493cb-cbe9-54a1-b496-1ca2954abee5,Quincy Sankaran,35,Motorcycle,2023-03-15,4.81
817,DP-3515d919-9ca2-55fc-ad17-f6819231d49e,Ayush Hora,33,Motorcycle,2024-06-04,4.28
818,DP-37058c22-a652-5c93-8b20-9de1bbb19d0e,Pushti Ramachandran,10,Motorcycle,2026-03-23,4.27
819,DP-5a6d8914-c29d-56f3-a354-9011cd6ed207,Tanish Jha,13,Motorcycle,2024-05-16,4.54
820,DP-f936eb68-4945-5681-8f09-ddda4459df8b,Dev Chaudry,4,Motorcycle,2024-12-25,4.35
821,DP-85e1b922-abf8-5b3b-907e-8413ae04a29b,Jasmit Nanda,1,Motorcycle,2025-02-20,3.97
822,DP-e24062ec-ac2c-5823-acd6-48192dfcd737,Tanvi Comar,12,Motorcycle,2025-06-17,4.15
823,DP-5273f104-1b28-5894-bbb4-c2d0d7554e84,Vrishti Wable,4,Bicycle,2026-01-18,4.6
824,DP-8df74de5-c43d-5611-b5f6-18fe6f475aab,Lipika Ramanathan,15,Motorcycle,2023-07-10,4.17
825,DP-72eb6af9-1e0a-5b4a-9602-3c974fa25f29,Ijaya Pandey,28,Motorcycle,2024-10-21,4.82
826,DP-1f555473-02af-51cb-abb8-1dad79c8694c,Orinder Mishra,1,Motorcycle,2024-11-11,4.67
827,DP-d6c4d412-d347-5f9b-8ff0-98d4e8b588b0,Krish Munshi,12,Electric Scooter,2023-07-14,4.62
828,DP-8f7b5cee-c895-52a8-830b-1a7e662c622a,William Mody,3,Motorcycle,2025-05-09,4.54
829,DP-aefa37ce-cf9e-53d0-9825-aab5d57ea86f,Qadim Prakash,32,Motorcycle,2023-05-31,4.24
830,DP-3f9fb64e-9a06-5b0a-b5de-8270dbce4a5e,Yasti Rama,4,Motorcycle,2024-08-05,4.72
831,DP-954a37d9-c918-5df0-8c8a-19fa3e2f0550,Lakshit Rajagopal,13,Motorcycle,2024-02-26,4.23
832,DP-ef33a0fd-7bc9-5e68-b9c0-b9669451de68,Quincy Sur,10,Bicycle,2023-07-17,4.85
833,DP-8887b2c6-bc60-5fa8-90b5-4dec013efa73,Ojas Suri,6,Motorcycle,2025-11-15,5.0
834,DP-ea02c4df-8f39-52e2-bbe1-d9b278450f2a,Logan Grover,16,Motorcycle,2023-11-08,4.55
835,DP-130fae23-49e5-5d26-b034-1e5051abb757,Shravya Bera,19,Motorcycle,2023-11-22,4.97
836,DP-020109e5-a05a-512d-a03d-90eb6a70bd36,Aditya Sundaram,11,Motorcycle,2025-12-26,4.16
837,DP-65419942-b2d4-5b4d-a3ef-db059e00125b,Robert Rajagopalan,21,Motorcycle,2026-01-24,4.67
838,DP-a5b9fff2-4300-5797-8239-67a1baf3b724,Nilima Swamy,48,Motorcycle,2023-02-13,4.49
839,DP-60152aa6-41dc-56a9-b5d0-13c8eb8ee411,Sachi Suresh,7,Bicycle,2023-12-21,4.77
840,DP-f73ee6e2-19ee-5af3-b84c-0d32e29ac9dd,Fitan Balasubramanian,9,Motorcycle,2025-06-23,3.82
841,DP-bcd39c33-2f93-59fd-a2f1-2554604b2a9d,Brinda Bali,1,Motorcycle,2025-09-19,4.74
842,DP-cad1cbd4-fd76-5772-b2bf-60fa328f48b1,Umang Yogi,24,Motorcycle,2026-06-29,4.27
843,DP-a343c2a6-a1ff-5b87-85a6-60a926fa63e4,Om Shankar,9,Motorcycle,2024-12-08,4.51
844,DP-90384814-e3a0-5a1a-a7f9-ad415ace6aa8,Yasti Chowdhury,7,Motorcycle,2023-01-10,5.0
845,DP-e72f79f8-f124-5a3a-814e-fb01e9a080a7,Amrita Peri,2,Motorcycle,2026-01-19,4.68
846,DP-11cdb7ee-ca03-5f90-8087-5a0e23dcfe04,Ridhi Kamdar,34,Motorcycle,2023-07-25,4.64
847,DP-c0f0f3af-4024-596f-9462-0933212d0589,Harsh Kota,6,Motorcycle,2023-06-04,4.61
848,DP-476957ad-2644-552a-b1f3-e77fae78c89e,Bachittar Sengupta,16,Motorcycle,2025-05-10,4.89
849,DP-28319cf8-aedf-5d78-ad1e-d884d9c6231a,Ijaya Chahal,2,Motorcycle,2025-02-09,4.78
850,DP-4d742363-fc2c-542c-8593-e72d27ce647a,Jacob Khalsa,44,Motorcycle,2023-03-18,4.61
851,DP-125cbebe-dca3-57bc-a8b6-da0682900275,Indali Sangha,3,Bicycle,2023-08-05,4.57
852,DP-5dd0d0d0-7270-5c5f-9d6d-0a177bfadd99,Liam Jhaveri,3,Motorcycle,2025-01-22,4.54
853,DP-4690d10a-04e7-554c-844b-0093be73c6de,Daniel Panchal,30,Motorcycle,2023-11-22,4.47
854,DP-523ec3a3-c5d9-515e-9c8e-ac84f2ac8ee9,Om Naik,37,Motorcycle,2025-05-22,4.08
855,DP-0562b234-3f77-557b-88e4-db9dacaa040b,Bimala Loke,3,Motorcycle,2024-06-09,4.68
856,DP-6a782749-f3d9-5941-a732-307bb3029c80,Krishna Sabharwal,8,Motorcycle,2025-01-20,4.3
857,DP-0ee68db1-4620-5b01-8047-ab1c01685a5b,Aradhana Date,19,Motorcycle,2024-08-29,4.85
858,DP-880f117b-f727-5707-93ce-fa567d1faeaa,Zaid Dhingra,33,Electric Scooter,2024-04-10,4.43
859,DP-177c9c19-be3b-568e-80ea-42083e4c150b,Yug Ramaswamy,6,Motorcycle,2024-03-12,4.8
860,DP-1d1d86e3-227a-554c-a1aa-054935ef5fca,Lucky Luthra,9,Motorcycle,2025-06-08,4.48
861,DP-f98e96d9-2840-5cba-819d-62cc71a10efa,Keya Seth,20,Electric Scooter,2024-10-18,4.45
862,DP-abcf1069-168f-5b08-a977-ba3c0ce8520d,Girik Rau,19,Motorcycle,2025-01-28,4.55
863,DP-c9c8975d-7319-58ec-8daa-553e4fcb88f4,Jyoti Sha,23,Motorcycle,2025-01-06,4.39
864,DP-9348bd0f-afa6-550b-b8f3-669912bc7ca4,Falak Agate,11,Motorcycle,2023-09-22,5.0
865,DP-5eed7bb2-046e-51d4-bb1d-bb0ce3bef040,Tara Parmar,2,Motorcycle,2026-03-11,5.0
866,DP-0390e6f1-773c-5aa2-a76c-7e1f5376291c,Mitali Kamdar,36,Motorcycle,2024-12-19,5.0
867,DP-8191dac5-69a4-56eb-b41f-a58e93a25367,Siddharth Talwar,31,Motorcycle,2025-07-05,4.61
868,DP-b887544d-17bb-56d8-8ff1-8855ff63ef84,Ekantika Mander,24,Motorcycle,2026-01-30,4.28
869,DP-c80968ff-3387-51b2-8a3e-7323c6f9f708,Kalpit Sundaram,2,Motorcycle,2026-03-25,4.81
870,DP-16fd64c1-ab82-5aec-ba29-5a8404a068fb,Chanakya Batra,3,Motorcycle,2025-04-30,4.39
871,DP-a7b86c5f-9dd1-5833-95b7-515023a24413,Tripti Babu,20,Motorcycle,2025-10-01,4.85
872,DP-17762001-a5cc-5016-9850-39a261842573,Nakul Sastry,1,Motorcycle,2024-08-25,4.27
873,DP-925ddb51-add3-5731-a523-6b00d743765e,Aadi Sangha,47,Motorcycle,2025-07-30,4.63
874,DP-11a0a03d-5b8a-5224-8117-e8458cb44d99,Kevin Mittal,6,Motorcycle,2024-02-15,4.9
875,DP-7e7eb890-d65a-5360-8695-751825ad6c45,Anusha Chander,18,Electric Scooter,2025-06-27,4.41
876,DP-055e0ee8-3c68-5b46-8557-b9d3084a0118,Zashil Butala,34,Motorcycle,2023-04-20,4.41
877,DP-e2a4c2eb-d22e-56f4-975a-90e214069a1e,Noah Ben,6,Motorcycle,2026-03-12,4.0
878,DP-500a5b6b-1125-54cf-b75a-64a80c873541,Dalaja Kaur,5,Motorcycle,2023-11-09,4.28
879,DP-9ae78d49-fb94-5d96-8164-c06d0d7bdb71,Gavin Chandran,12,Motorcycle,2025-04-17,4.6
880,DP-9579ff2e-a225-5ef1-b042-8e12fbf1b51d,Tanay Sood,11,Electric Scooter,2023-01-15,4.65
881,DP-f8e8509a-59e2-57b1-a5e5-7f06b550cdda,Kevin Kara,7,Motorcycle,2023-07-18,4.7
882,DP-dee4005d-8f35-5d62-a63f-2473d197c2ac,Aditya Anand,12,Bicycle,2026-06-12,3.88
883,DP-264aedcf-39d0-5e34-86d1-367cd0244dd6,Jai Sami,40,Bicycle,2025-11-29,4.39
884,DP-62a5f851-8942-53ca-8191-97301ebf1d89,Vanya Bobal,8,Motorcycle,2023-10-11,4.04
885,DP-3f81913a-d07d-54d0-9d2c-d703c73e71a9,Leela Chakraborty,3,Motorcycle,2023-06-16,4.58
886,DP-2a6c3fff-3f8e-5f20-9bb2-d5d5de6de317,Harshil Munshi,6,Motorcycle,2025-11-05,3.95
887,DP-9c591338-eba6-5a2a-9d9b-16b139334852,Chandani Devan,6,Motorcycle,2026-06-17,4.12
888,DP-0ccc3c03-690d-5333-a6e6-dcef19465949,Kiaan Dhar,2,Motorcycle,2023-08-04,4.77
889,DP-f49cd6ac-2569-5421-bad3-5f052a31933f,Abhiram Gala,3,Motorcycle,2025-04-27,4.31
890,DP-d85eb3f5-e8ed-57e7-9713-8059d4009cab,Indali Kala,16,Motorcycle,2023-12-28,4.98
891,DP-50887a60-a147-5030-a70e-9aff172b3a51,Nisha Savant,5,Motorcycle,2025-08-07,4.71
892,DP-ba9ed5d8-a75a-54e9-a2c8-d076867611f7,Gabriel Chaudhry,43,Motorcycle,2024-06-17,4.41
893,DP-b5034709-8900-57dd-aa28-182eb16b4fb1,Jatin Rajagopalan,4,Motorcycle,2023-06-09,4.83
894,DP-6679ee44-8788-5987-9351-d4d544cabef6,Pushti Murty,2,Motorcycle,2024-02-18,4.44
895,DP-cbd71989-6060-58b7-968d-5b01dc7ea99f,Yug Malhotra,21,Bicycle,2024-11-18,4.75
896,DP-0e2488ff-c583-5297-b4c3-32e527147c41,Yuvraj Mane,33,Motorcycle,2025-10-15,4.26
897,DP-6fde24d7-5b9d-5707-8e26-790aa65e62f4,Charvi Jha,4,Motorcycle,2023-01-27,4.85
898,DP-8511f31b-8787-5294-bd97-07d5732c9e07,Manya Merchant,3,Motorcycle,2026-05-07,3.97
899,DP-623a58b5-6d1a-5d70-b252-6a8571d3bd62,Wriddhish Talwar,3,Motorcycle,2025-04-08,4.12
900,DP-80c27989-46f2-55f4-9ed2-46e0320d28fe,Isaiah Khosla,9,Motorcycle,2026-01-21,4.17
901,DP-42e945a2-9aae-577a-acfa-b8625072e2ae,Ekavir Wable,8,Motorcycle,2026-04-01,4.29
902,DP-66cb2ce0-794e-50a9-b0d0-629581a368d3,Jalsa Nadig,4,Bicycle,2023-07-15,4.61
903,DP-26442912-5e83-526a-a6b3-78d0adf64fdd,Lila Salvi,1,Motorcycle,2023-04-30,4.5
904,DP-0d9e3123-33e1-5516-a800-71f1e70eb0f9,Orinder Sinha,8,Bicycle,2025-09-18,4.75
905,DP-6a654d05-1fc8-5794-ba07-21aebd3163ad,Anay Bir,44,Motorcycle,2023-08-28,4.91
906,DP-4b6e1c2a-33cb-5f86-950a-3a356a23ca6f,Adweta Kale,15,Motorcycle,2023-07-08,3.94
907,DP-b27c86ff-363a-5788-8682-a1714edd1202,Darpan Rao,9,Motorcycle,2024-08-20,4.95
908,DP-c243dc24-8f9e-55a5-951c-18de83bb7b1a,Yachana Sagar,2,Motorcycle,2026-03-11,4.43
909,DP-c42e2a54-e509-5c42-8182-6c195dcb47b5,Neelima Butala,4,Motorcycle,2025-10-12,5.0
910,DP-ae35da4b-0807-5d3e-a96d-c56b5b123261,Arunima Chacko,4,Electric Scooter,2024-10-22,4.25
911,DP-ff7a7913-548b-51b5-8fb5-06f80be5e6b9,Farhan Vaidya,22,Motorcycle,2023-09-08,3.85
912,DP-bba2e6d8-9b81-5b40-9f68-e3df15c452db,Nachiket Yadav,33,Motorcycle,2024-03-05,4.72
913,DP-9a33bc7e-70be-5397-9e34-04a2e0a2c37a,Mahika Bhatti,36,Bicycle,2025-05-28,4.7
914,DP-5c7b24b3-b373-5c41-874f-ae1befe08c0e,Rajeshri Khare,48,Motorcycle,2023-07-20,4.13
915,DP-ec0fa31a-fca0-5df5-82c5-f33bd76b179d,Yash Chadha,47,Motorcycle,2024-10-31,4.16
916,DP-a61e63aa-eac5-5d2d-b2e6-50eb85a36caa,Jack Setty,43,Motorcycle,2023-01-16,4.78
917,DP-9f78fad9-72b1-5db9-afc7-2454db04959b,Dayamai Gill,1,Motorcycle,2024-02-19,4.63
918,DP-4909f356-4757-58c9-a99a-96fda86c5005,Advik Devan,2,Motorcycle,2023-11-13,4.4
919,DP-eafcb968-f976-571d-a59f-1a6db5ecc513,Nihal Taneja,5,Electric Scooter,2025-05-19,4.67
920,DP-444d7db5-2dd0-57c7-99bb-42b0f4e4195f,Zansi Lad,10,Motorcycle,2026-03-12,4.59
921,DP-6376c808-efe4-508f-bc94-264966ed8648,Kamya Date,2,Motorcycle,2023-07-06,4.19
922,DP-c4c6ba10-8be9-5833-b665-120d90678235,Jacob Balan,29,Motorcycle,2025-10-14,4.81
923,DP-37bef778-9f4c-5564-83a1-eb76409a85de,Pushti Magar,13,Motorcycle,2025-04-16,4.73
924,DP-183d6d8d-ef55-5564-b7b9-ae61429940a6,Adya Bose,10,Motorcycle,2026-05-22,4.51
925,DP-b9144d14-c6ad-5cc7-8888-1ca9629440c9,Tamanna Vaidya,3,Motorcycle,2026-03-09,4.78
926,DP-c931aefe-a8b5-5d3a-9377-f2f7055502cf,Christopher Tata,4,Bicycle,2023-05-09,5.0
927,DP-ef1121e6-a1eb-5e59-86bd-5bfc3a7d3896,Jhalak Dugar,2,Motorcycle,2025-08-06,4.15
928,DP-54ce6490-e5e8-5676-9a3a-a84bebe63173,Harshil D’Alia,30,Motorcycle,2025-01-25,4.41
929,DP-b08cf5db-d10f-58f2-979a-76e9f94a8dfa,Yashodhara Agate,11,Motorcycle,2023-05-25,4.43
930,DP-2adeac15-bf2f-544b-80ed-13b4138788e0,Advik Konda,19,Motorcycle,2023-11-25,4.77
931,DP-25a45f23-a757-52d9-855b-36518d6834fb,Urmi Patla,4,Motorcycle,2026-03-28,4.29
932,DP-58249856-6332-5f77-a751-0d2c3a55b726,Mason Gola,6,Motorcycle,2024-11-23,4.75
933,DP-0e67826d-b9c5-5d95-974f-26a6a113aaf0,Oni Kapur,7,Motorcycle,2024-03-07,4.33
934,DP-404f5dd5-d172-5bca-99db-890c9fae5a82,Yuvraj Saha,21,Motorcycle,2024-02-13,4.12
935,DP-6a9d3ee8-344c-5ca5-85e6-43d48f4ced41,Anika Brahmbhatt,22,Motorcycle,2025-12-05,4.53
936,DP-f1349fcb-0cac-5828-8081-65b4964dbb3d,Jagdish Thakkar,3,Motorcycle,2023-12-28,4.32
937,DP-98623d23-a635-5a9f-b788-21b688ac3623,Praneel Kapoor,41,Motorcycle,2023-07-22,4.56
938,DP-34a9f931-f84d-5d9c-bff6-62e85e06bec3,Nandini Biswas,2,Bicycle,2025-01-02,4.64
939,DP-e82d94af-63c5-5117-9e00-c72b63fa625a,Barkha Mukhopadhyay,35,Motorcycle,2026-06-20,3.96
940,DP-4b3d6f25-77da-5ec7-a487-921177db09fe,Gabriel Shan,2,Motorcycle,2023-08-22,4.36
941,DP-66349a4b-0803-5899-a763-d9bc05f2333f,Jyoti Iyer,4,Motorcycle,2023-11-22,4.53
942,DP-66cb16b4-c532-53ff-a7bd-eca8c43d2654,Daksha Kibe,29,Motorcycle,2024-08-21,4.78
943,DP-d9c61d3b-8018-5793-9950-1972de68dfbb,Jyoti Tak,3,Motorcycle,2023-09-12,4.74
944,DP-74d8eeb8-5bed-5e81-b816-182c80b2e355,Yatan Dora,7,Motorcycle,2025-04-10,4.22
945,DP-c104f064-2188-5fe9-9e1d-d37e4dad7ddf,Nimrat Bajwa,8,Bicycle,2023-11-20,4.44
946,DP-aff2f0ff-064a-5817-b64a-c603955898c0,Hiral Andra,4,Motorcycle,2023-06-13,4.66
947,DP-58a10436-8668-5c11-b988-9276012e908e,Aarav Puri,18,Motorcycle,2023-11-30,4.42
948,DP-fc83609b-33e5-59f4-811d-c5948b371d28,Hemang Jha,29,Motorcycle,2026-04-02,4.25
949,DP-fd2d8ee3-5940-561a-8ec0-68f9ea46b6a6,Oni Swamy,32,Motorcycle,2026-04-07,4.48
950,DP-493ecd1b-156d-5ab0-9593-2cdcdcbe59ad,Lucky Mammen,5,Electric Scooter,2024-10-07,4.62
951,DP-330a1a61-c325-580b-9bb0-def9cf4389f2,Caleb Kata,10,Bicycle,2024-05-25,4.19
952,DP-628274c3-8bcb-5df5-8ebe-f10678ffbe7d,Kashish Shanker,4,Bicycle,2025-11-11,4.7
953,DP-c920fcde-91b8-5942-b6de-5d2b2cf25e6f,Girish Tiwari,4,Motorcycle,2023-09-05,4.55
954,DP-016e42df-49e0-522c-b747-1b315c9e4f3b,Meera Borde,2,Electric Scooter,2025-04-14,4.71
955,DP-9c11cb60-e939-55d5-af7e-2686778a3073,Radhika De,41,Motorcycle,2025-05-17,4.48
956,DP-c82da25e-06e8-5f04-a420-9c8e71cf4680,Bishakha Lal,34,Motorcycle,2025-06-24,5.0
957,DP-c814e4eb-7b81-58b3-a321-6171552f126f,Maya Narain,22,Motorcycle,2023-10-06,4.62
958,DP-cfd13aee-6e46-542c-85ce-36f6cf1f5d7c,Sneha Magar,9,Motorcycle,2025-07-02,4.75
959,DP-2124a2b2-c9a4-5675-967c-120ebdde12d7,Falan Jain,9,Motorcycle,2025-02-19,4.7
960,DP-e793a358-28c7-5190-9490-db1eab006317,Ikbal Dugal,10,Motorcycle,2026-01-21,4.44
961,DP-ed397e44-9af5-5e46-a079-7205315822f7,Nitesh Sengupta,10,Electric Scooter,2023-08-11,4.59
962,DP-40295da9-6199-5247-96a0-17637537d1a3,Dipta Ray,7,Motorcycle,2025-02-21,4.3
963,DP-4ef70db0-7cd5-510d-938a-ae521dba316e,Ishita Johal,2,Bicycle,2025-11-24,5.0
964,DP-1bc9113a-2e5b-559f-8044-b2339b70600e,Darika Sheth,2,Motorcycle,2023-12-22,4.66
965,DP-8cf5c513-231e-533f-b5ae-1a8368eb959e,Jagdish Chana,43,Bicycle,2025-08-07,4.23
966,DP-be2c45c5-7838-53b8-b9c1-03e58a74ea99,Daksha Baria,8,Bicycle,2023-05-07,4.97
967,DP-206e8ac4-0bcf-5a5e-b5df-05e8d31c5fac,Falak Divan,43,Motorcycle,2025-07-05,4.46
968,DP-895c23c0-aa59-52a9-bd3e-05812a386c56,Yuvraj Parekh,3,Motorcycle,2025-02-12,4.8
969,DP-5676806f-a9dc-59ee-ae5a-c86434b43926,Yochana Bawa,10,Electric Scooter,2023-09-03,3.95
970,DP-90b0026c-2827-5e5c-9c50-9b72c848eb9d,Abha Ghosh,3,Motorcycle,2023-03-26,4.89
971,DP-9b2e47cd-3a32-5059-9f11-5a66cbfbe333,Nidhi Sethi,4,Motorcycle,2025-08-09,4.64
972,DP-ad41a69a-de53-5415-88e2-1509225ce539,Girindra Shere,1,Electric Scooter,2023-11-04,4.2
973,DP-33bb7066-1512-5cba-82ad-e024ace2fcc0,Logan Dara,2,Motorcycle,2024-09-26,4.64
974,DP-a7c854da-7aba-584d-9598-f237555a5e1a,David Kapadia,38,Bicycle,2023-03-19,5.0
975,DP-9a15ada9-d53f-5307-816b-33bf7d4e63ac,Rudra Rattan,5,Motorcycle,2026-05-14,4.31
976,DP-d8db8d4b-a0ff-554a-8fc7-8fc6f5d2efc2,Frado Lad,12,Motorcycle,2024-12-01,4.3
977,DP-0c296f61-2fe4-5184-8509-442abb9c538b,Anthony Bhattacharyya,8,Motorcycle,2026-04-03,4.43
978,DP-258d4d91-f754-51aa-a9b9-760c40bf7baa,Sachi Dave,6,Bicycle,2023-07-24,4.52
979,DP-6798be44-454d-5bbe-aa13-28f39b7672eb,Garima Das,10,Motorcycle,2023-09-20,4.83
980,DP-d05df6c0-f76d-5bfa-8946-64a531505f41,Triya Bedi,3,Electric Scooter,2025-02-17,4.66
981,DP-8fba8f15-dea1-5680-88d6-0d68f22128b8,Rachita Rana,49,Motorcycle,2025-02-10,4.43
982,DP-6ab2e544-9deb-53c6-a0aa-0a78adb09682,Ayushman Raja,26,Motorcycle,2025-10-06,4.6
983,DP-a16fc6d5-984f-5c6f-81a8-64d17463793f,Orinder Pandya,20,Motorcycle,2026-03-30,5.0
984,DP-4b3a3db3-28f3-553e-93db-062048b97284,Rachit Maharaj,8,Motorcycle,2025-11-14,4.72
985,DP-5a772b05-710a-5065-bd60-db63b7a19dc8,Sanaya Dixit,2,Electric Scooter,2023-06-28,4.47
986,DP-dd14f324-1c55-52c6-abc3-a28b67ffddd7,Yatan Merchant,38,Motorcycle,2024-01-30,4.42
987,DP-0874c4e4-6c74-51d2-b949-3a745db7b9f4,Nisha Srinivas,5,Bicycle,2026-03-12,4.58
988,DP-d455608d-202b-5a3e-9abc-811ed2ce08d6,Gagan Mammen,1,Motorcycle,2024-12-01,4.82
989,DP-3852e81c-1d0e-5c35-a65a-0a435891ddad,Laksh Saini,5,Motorcycle,2026-01-11,4.26
990,DP-dc6b4de2-0458-5407-a643-02d82f26c649,Zaid Bahl,24,Electric Scooter,2024-12-19,4.77
991,DP-5de7c468-4be1-51c3-b11b-b9e381dbc9de,Jagrati Srinivasan,13,Motorcycle,2023-03-05,4.46
992,DP-3d2abccd-243b-5217-a410-812f2bafec20,Hemangini Thakkar,21,Motorcycle,2024-08-26,4.51
993,DP-ba9ec482-3f28-564a-bd49-cf47219d3355,Lipika Madan,24,Motorcycle,2025-11-18,5.0
994,DP-16e057bb-050f-58ae-ac81-5fdfa8b24431,Atharv Nagar,3,Motorcycle,2025-04-15,4.73
995,DP-f4b68bc1-a0ed-5485-aca6-37577879a560,Ayushman Mand,39,Motorcycle,2023-06-19,4.33
996,DP-40665e7f-6dd1-5bb9-b144-3a9b40298633,Urmi Wagle,7,Motorcycle,2023-09-26,4.64
997,DP-df837bca-0e36-53e7-b828-989bc5f44c1f,Viraj Dutta,14,Motorcycle,2025-12-26,4.84
998,DP-347d6a31-b5a1-54fe-9363-92ea5fe1cb69,Yug Khosla,1,Motorcycle,2026-06-03,4.74
999,DP-0d1cb99c-a428-504f-bba9-074c457906c4,Daksh Kanda,49,Motorcycle,2025-08-18,3.8
1000,DP-7d0e6345-fee8-58d8-b861-3ca30c04cc61,Isha Ghose,4,Motorcycle,2023-05-06,3.53
1001,DP-720217ad-c348-5732-b4be-60b0640d2ede,Warjas Nadkarni,1,Bicycle,2025-03-01,4.5
1002,DP-d1d36962-62b8-551f-b6ec-04039a3b1dff,Ayaan Pandey,8,Motorcycle,2025-11-24,4.66
1003,DP-47d1ba25-e193-5ca8-8654-d66c661deb50,Raghav Tailor,2,Motorcycle,2025-03-27,4.63
1004,DP-a8a5dcc6-41ae-5c91-8855-e80e6860e787,Parth Swaminathan,2,Motorcycle,2025-01-28,4.36
1005,DP-8f7211b5-b9d7-5c65-8188-36965cae9e3d,Gautam Bhalla,14,Motorcycle,2024-08-19,4.74
1006,DP-c5dfe979-e9de-5811-8f16-04865c8f813a,Theodore Bahri,6,Electric Scooter,2023-11-09,4.9
1007,DP-b25985c9-0e6f-50d4-80ea-9ff1ed685fb7,Aadi Narula,38,Motorcycle,2023-12-25,3.97
1008,DP-31f3d1a6-5da0-5d1e-8bcc-f93ff7d37061,Kalpit Oak,5,Motorcycle,2025-08-09,3.94
1009,DP-3aaa5165-8065-5263-8d1f-9ecb1a30f93e,Ekiya Bhargava,19,Bicycle,2023-03-31,4.64
1010,DP-d5ac6744-c7d3-51e4-a97b-95d4e93aaf29,Manbir Dhar,8,Bicycle,2023-04-18,4.77
1011,DP-136e8ac2-8f5c-57d5-9325-985199cf6b59,Janya Bora,15,Bicycle,2024-05-21,4.31
1012,DP-6a368d82-4193-50e0-85f3-260a02faa33f,Meghana Chaudhuri,12,Motorcycle,2025-09-15,3.82
1013,DP-a8a0a40d-0540-51be-9676-86f6f67343ec,Chasmum Naidu,8,Motorcycle,2025-04-18,4.5
1014,DP-5db04aab-9ddb-5bf0-a579-98de52a894ac,Nakul Sarkar,43,Motorcycle,2025-01-22,4.63
1015,DP-c9e873ae-f734-5d40-923b-6a3e89dfb394,Edhitha Ghosh,5,Motorcycle,2024-11-12,4.41
1016,DP-d0f47461-d417-559a-a716-2c07e57d1fe7,Udant Gill,3,Motorcycle,2023-05-22,4.85
1017,DP-97b5fd45-fcaa-5313-8d4a-0826c7d3c602,Damyanti Menon,16,Motorcycle,2024-02-28,4.61
1018,DP-3d71b723-500e-51b9-9480-ea5139ebdefe,Peter Agarwal,29,Motorcycle,2023-04-12,4.27
1019,DP-d3372553-9437-5c5f-b2ee-b02607ae8199,Bachittar Gopal,1,Motorcycle,2025-08-25,4.31
1020,DP-2b85ad48-3321-5ff3-b122-7f0bccd2cba2,Timothy Chawla,8,Motorcycle,2025-08-16,4.51
1021,DP-2b6718b5-826b-58cd-b21a-29d580793b48,Lohit Narula,35,Motorcycle,2023-11-26,4.39
1022,DP-dba36e5b-02b5-5166-9da1-aad46d5aa3fd,Wazir Palan,20,Motorcycle,2024-01-09,3.92
1023,DP-33956a7f-2eae-5609-94b7-22a7ec1e253b,Oliver Chakrabarti,49,Motorcycle,2024-02-10,4.58
1024,DP-bae418c5-caee-5375-9da6-e9a600df3377,Sanya Apte,10,Motorcycle,2026-02-08,4.31
1025,DP-30174456-891f-5c11-aff5-1b2af8816754,Shaurya Krish,15,Motorcycle,2024-09-15,4.37
1026,DP-8d7d90d4-0571-53c9-810f-aa80b5900380,Inaya Kunda,5,Motorcycle,2025-08-30,4.15
1027,DP-b9a8cdcd-ab23-5e26-8515-f198f89848da,Aarav Bava,42,Motorcycle,2024-07-26,5.0
1028,DP-f6ffa6cf-5ffb-5665-828b-f3c7ace4129c,Raksha Saini,6,Motorcycle,2025-06-09,4.71
1029,DP-15e5e8eb-fc2c-5629-a340-d36339936752,Odika Tailor,20,Motorcycle,2024-11-05,5.0
1030,DP-5dff92b1-ee12-5b1c-8bbf-2c19c0f8bc5e,Indali Prashad,7,Motorcycle,2023-12-22,4.41
1031,DP-826e6635-b185-5461-866d-e4cd06ac2127,Varenya Kar,11,Motorcycle,2026-01-23,4.73
1032,DP-bc354fe3-9852-58db-bf73-e6a5cb57c18c,Siya Borah,18,Motorcycle,2025-06-23,4.59
1033,DP-157393c9-2bc7-5b85-abad-955caa4edf50,Chaitaly Bahri,9,Motorcycle,2025-09-08,4.29
1034,DP-20783dd3-b358-51b0-93da-286443ca741b,Advika Cheema,36,Bicycle,2026-04-24,4.4
1035,DP-f89edb05-dd73-5d95-ae00-a5a9afbe6dc5,Hema Garde,7,Motorcycle,2023-11-14,4.71
1036,DP-5433d216-338a-57ff-aa91-dce9a8109c33,Naveen Borde,14,Motorcycle,2023-04-27,4.15
1037,DP-cbe6badf-0d01-53d0-bd03-32abe91bf686,Hamsini Subramanian,5,Motorcycle,2025-01-12,4.85
1038,DP-b2952a63-894c-5283-9497-b9a6228bffc6,Raagini Gala,7,Motorcycle,2024-02-21,4.56
1039,DP-1a2824c1-967b-58bd-8b38-32d0b22e82d7,Naksh Bera,7,Electric Scooter,2024-07-10,4.8
1040,DP-9830a8bb-c66e-5ab0-bcc0-902bf040f5ac,Garima Jha,2,Motorcycle,2023-10-27,4.63
1041,DP-213b8587-e7ac-5d75-b1e4-4d35aff68e11,Nimrat Zachariah,2,Electric Scooter,2024-05-23,3.97
1042,DP-c02f4593-c936-5910-a696-46d01f5fd40f,Baghyawati Mishra,15,Motorcycle,2024-05-16,4.5
1043,DP-ad46ccb9-ed49-5cee-8754-0a536e95b8a7,Gopal Bawa,15,Motorcycle,2024-03-23,4.86
1044,DP-34858c36-b5eb-5047-90b3-749fe0dcbd90,Vritti Dube,15,Motorcycle,2025-08-05,4.55
1045,DP-f6a7342d-3b27-5ad5-9989-861d6a88b19e,Jalsa Aggarwal,1,Motorcycle,2025-01-26,4.51
1046,DP-3d3cb5e4-be3a-5fd0-8080-fb995042ba84,Gagan Menon,5,Motorcycle,2024-08-28,4.55
1047,DP-5cdf47fb-e79a-5117-b815-2930ff21c0ae,Ryan Chatterjee,3,Motorcycle,2023-05-24,3.9
1048,DP-425f249d-8d96-55ef-a55f-0f6eb6624717,Samuel Garde,23,Motorcycle,2024-12-29,4.9
1049,DP-ca3e0fd0-411b-56fc-b434-1b827a8597b6,Finn Solanki,31,Bicycle,2023-08-12,3.74
1050,DP-b5b80cbe-5c46-5a19-910e-1117bce7d0d2,Darika Rao,4,Motorcycle,2024-02-05,4.98
1051,DP-376efc88-5c36-590b-8252-09841a8ed633,Vrinda Lanka,15,Motorcycle,2024-06-13,4.38
1052,DP-2909d7ff-5265-5645-9551-460bcde4adcb,Lila Goyal,2,Motorcycle,2023-06-30,4.66
1053,DP-c03926a7-6f94-5a9f-a640-fd08ce22bb67,Lakshmi Pingle,4,Motorcycle,2024-05-11,3.88
1054,DP-daf1f467-2295-5977-b73a-770f7a6463bc,Sanaya Basu,2,Motorcycle,2023-12-07,4.77
1055,DP-1ef12b12-bb64-5d27-9ae0-101ed326b204,Ria Shroff,4,Motorcycle,2025-12-20,4.7
1056,DP-343a6c3a-0938-51ea-9a10-26e6ab274f4a,Upkaar Luthra,16,Motorcycle,2026-01-01,4.68
1057,DP-62efcf34-f8da-5141-907e-72f6c14c3ec5,Matthew Chatterjee,37,Bicycle,2023-01-06,3.86
1058,DP-1477eb2b-f522-5642-9576-cdaa78427de8,Hemangini Sachdev,3,Motorcycle,2025-02-07,4.24
1059,DP-ba8bc8d7-27d4-50bb-993e-1168d141255b,Darsh Ram,10,Motorcycle,2025-03-28,4.64
1060,DP-00e0c802-40b8-57aa-b81b-c1ae69807592,Vaishnavi Keer,17,Bicycle,2024-04-27,4.89
1061,DP-38669679-83f5-5427-a95f-65d979a80904,Chandani Brar,43,Electric Scooter,2024-08-21,4.19
1062,DP-30b74e50-327b-58a0-95b3-cfcd3a7f3765,Bakhshi Thakkar,13,Motorcycle,2025-10-04,4.2
1063,DP-256e8690-76ee-58a3-868f-8fbf1dc85ddd,Jai Sen,4,Motorcycle,2024-04-27,4.61
1064,DP-900add47-be0b-524f-9a7c-3e7b6db496d4,Oliver Kakar,13,Motorcycle,2023-03-24,5.0
1065,DP-a447429a-f4ed-59ae-a4dd-697f1f439072,Jonathan Basak,5,Motorcycle,2024-04-20,4.29
1066,DP-60bbe699-1540-51eb-bf04-11ec36354d53,Farhan Saran,46,Bicycle,2023-11-20,4.38
1067,DP-339538cb-6288-5768-88d8-1a309899fcf3,Manbir Kuruvilla,6,Motorcycle,2024-05-03,4.33
1068,DP-31862d81-b7f0-5379-b0d3-0fcbe01835d7,Ekalinga Chahal,16,Motorcycle,2023-10-21,4.46
1069,DP-274419b9-0bb6-5396-8113-f0cd9983e838,Mekhala Nanda,1,Motorcycle,2023-07-11,4.92
1070,DP-8b87d3a7-07cc-5bba-a13c-228fcaf9ce28,Zinal Shanker,6,Motorcycle,2026-06-11,4.48
1071,DP-d250a2f6-e7db-5302-b2b9-824957ece9ef,Oni Chowdhury,32,Electric Scooter,2023-06-14,5.0
1072,DP-21093186-6ca3-5ee1-88db-f17bd29e03c0,Mason Divan,13,Motorcycle,2025-06-19,4.54
1073,DP-dce34ca2-12f6-50ec-afee-bdf96300ba95,Hitesh Chaudhuri,7,Motorcycle,2025-07-04,4.96
1074,DP-d687dda4-c175-50a7-993f-f3b583511aa6,Hemangini Roy,40,Bicycle,2025-02-27,4.4
1075,DP-7d2688f6-1a42-50f7-a7a8-857ebf5bf6f1,Leela Sunder,30,Bicycle,2026-03-09,4.09
1076,DP-07b38b2c-130a-5471-84dc-69f6898fc066,Baljiwan Gera,5,Motorcycle,2023-01-07,4.48
1077,DP-63c61bfa-46ff-5f8e-a3db-f2278ba41dfd,Neha Dhawan,10,Motorcycle,2024-01-20,4.69
1078,DP-585be20a-2161-5763-bafa-e5bdc5b72417,Balvan Randhawa,9,Motorcycle,2023-08-24,4.25
1079,DP-42f8b7e2-a3aa-519a-aee6-5cd1a3f32e3f,Wazir Bawa,14,Bicycle,2025-01-06,4.89
1080,DP-95305528-cc62-58d5-8345-649a7a0be78a,Amruta Pradhan,5,Bicycle,2025-03-21,4.35
1081,DP-91da2f22-10bf-5a48-b78b-7329e387e4df,Geetika Mitter,4,Electric Scooter,2026-02-19,4.15
1082,DP-0721d258-1c2a-553e-a38e-d7671b9a1af0,Avni Swamy,37,Motorcycle,2024-04-29,5.0
1083,DP-8fc657c4-7997-5fa9-9852-d154e0215aab,Vedant Desai,39,Motorcycle,2023-10-29,4.23
1084,DP-42713096-505c-55a2-8bd2-30b8211d3f26,Saanvi Nagi,29,Motorcycle,2026-03-25,4.34
1085,DP-c1d19d2b-2161-57a5-bd18-c2f2b55027e8,Omaja Chakraborty,47,Bicycle,2025-05-08,4.75
1086,DP-e924d2d2-f1b2-5e2c-8b8b-d702534bbfb8,Riya Kakar,20,Motorcycle,2025-09-02,4.39
1087,DP-ae0035c1-6358-5697-bd29-5e54d28f84dd,Vedhika Varty,22,Bicycle,2024-07-21,4.16
1088,DP-c3770907-6a27-548c-99a6-3b7f5f1fb2ec,Daksh Varma,21,Motorcycle,2024-07-24,4.3
1089,DP-2f907601-b2e8-5a95-9514-369c34f7e7dc,Dominic Mukhopadhyay,8,Motorcycle,2024-05-11,5.0
1090,DP-387f7809-f502-50a1-809a-42e065fb376d,Krishna Viswanathan,8,Motorcycle,2025-08-14,4.7
1091,DP-9456641a-e4b8-5298-bcd3-3981068ee819,Oscar Hans,4,Motorcycle,2023-09-26,4.77
1092,DP-14709b52-9f23-5c2c-98c4-010e76795a48,Dalbir Krish,14,Motorcycle,2026-05-29,4.6
1093,DP-1341bb37-b1bd-5e3b-abc7-c66337fdd5d2,Tanmayi Bedi,4,Motorcycle,2023-08-13,4.65
1094,DP-02ebd7f1-e30f-5e18-8403-46dfd9650b6e,Rushil Mahal,4,Motorcycle,2024-08-11,4.37
1095,DP-25740dd0-a4ae-5061-bbea-e1ac36c73b05,Ucchal Tiwari,11,Motorcycle,2024-02-06,4.55
1096,DP-1a8c5bab-352c-5810-8267-3c9c6395b194,Jatin Balasubramanian,7,Motorcycle,2025-03-30,3.84
1097,DP-610f4627-a5be-5be6-8721-396cc7122d45,Kashish Suresh,3,Motorcycle,2025-05-18,4.84
1098,DP-3b2ed45d-87b6-5683-8786-fb71af34d72b,Peter Som,26,Motorcycle,2026-03-18,4.36
1099,DP-f8cf78dd-4c5e-515c-90db-0edcd48d0757,Hemangini Gade,31,Motorcycle,2025-10-04,4.11
1100,DP-3173faa8-6f00-5986-ba10-50093fad220f,Gautam Mane,3,Bicycle,2023-11-14,4.57
1101,DP-a0c3f7ef-2029-5fce-b114-62a0c429ca74,Libni Bawa,1,Motorcycle,2023-09-21,4.44
1102,DP-cde0e79b-a076-5c4d-9af4-8455562a3f53,Tanish Kant,5,Electric Scooter,2026-02-05,4.82
1103,DP-f09840c0-002a-553b-aea9-c8d46c1cb399,Samuel Luthra,24,Motorcycle,2024-09-14,4.49
1104,DP-65b36988-53de-514d-8aae-c3c6c839f541,Yochana Bahri,28,Motorcycle,2023-05-05,4.3
1105,DP-b098878d-a283-53b8-b755-ec567269c293,Urvi Deo,2,Motorcycle,2025-11-18,4.5
1106,DP-edd1e161-efcd-519c-a070-0142ac844752,Abhiram Kapur,22,Motorcycle,2025-04-07,5.0
1107,DP-b50cf74c-e46a-543a-afc2-9372ca660f7a,Dalaja Maharaj,2,Motorcycle,2023-02-02,4.84
1108,DP-9502a094-62e7-5ca0-919c-04b249de57f5,Krisha Palla,6,Motorcycle,2025-09-25,4.7
1109,DP-cd157db9-347c-59af-9b1a-1a531afd8e13,Zayyan Kamdar,50,Motorcycle,2025-02-14,4.85
1110,DP-ad7f321b-1444-5588-b05a-352effd0de78,Chasmum Verma,3,Motorcycle,2025-02-23,4.73
1111,DP-a3ea76b9-a2e2-52af-aca5-f428be438888,Harsh Amble,2,Motorcycle,2026-01-08,4.21
1112,DP-73b4da19-a166-5ad6-9920-cf02fa34ff43,Barkha Misra,7,Electric Scooter,2024-09-24,4.77
1113,DP-0649c3ac-6a51-5cbd-836e-84c814d66cb3,Vasatika Bhatt,13,Motorcycle,2024-08-11,4.9
1114,DP-81023ba2-5d30-55c4-819f-e140999a0f92,Aradhana Nair,40,Bicycle,2025-02-26,4.92
1115,DP-d5b3dd5a-dab7-56a1-a1d5-8dac0276d4c2,Advika Misra,47,Bicycle,2023-09-10,4.14
1116,DP-c3afc752-5267-53a3-8a43-eb99c8a2a2ce,Mason Varughese,1,Motorcycle,2023-07-13,4.34
1117,DP-e7a6679b-f621-531c-87c4-89e949ee2db4,Dakshesh Raval,2,Motorcycle,2025-12-12,4.29
1118,DP-2f341cbc-6352-53df-9edd-7937222b51b7,Logan Bal,24,Motorcycle,2023-10-03,4.4
1119,DP-4a11d21a-39a3-54fb-bbba-33c9cda42980,Chakrika Lad,4,Bicycle,2024-10-05,4.66
1120,DP-f98bed1d-9433-553d-9e5b-b5490514fc34,Nidhi Rama,34,Bicycle,2023-12-11,4.56
1121,DP-deddd3b6-1bec-5697-a70b-ed59a93b892c,Ranveer Oza,15,Motorcycle,2023-10-22,4.56
1122,DP-40021366-9fdf-5c2b-9f2a-38136d8b6fbe,Vamakshi Parmer,2,Motorcycle,2025-02-01,4.05
1123,DP-0a1cda15-b875-5269-affc-8f235ed64e2a,Onkar Golla,27,Motorcycle,2025-10-20,4.32
1124,DP-695752ea-c171-5a40-b123-83974d69ada8,Gunbir Sinha,3,Bicycle,2024-07-17,4.95
1125,DP-707e7965-8d06-5e1e-a3a8-3be144dda99e,Aarna Goswami,7,Electric Scooter,2023-06-27,4.9
1126,DP-c5270cde-d59b-54f9-a8e9-6e38e833ff8d,Gaurav Kapadia,10,Electric Scooter,2023-11-08,4.48
1127,DP-2308e52f-e3c7-5505-8560-a989c2c27e81,Udant Mohanty,9,Bicycle,2023-07-29,4.77
1128,DP-61d19a95-48d1-5385-963a-e5c1d44e99b5,Garima Prabhu,16,Bicycle,2026-01-31,4.63
1129,DP-614930c8-92ee-56a0-9bea-831ca19f21a2,Chaitaly Sheth,15,Motorcycle,2024-02-12,4.81
1130,DP-aad988df-39d7-5870-83ab-f1c2ebe25bdf,Upma Bera,49,Motorcycle,2024-04-22,4.79
1131,DP-31c9944a-2523-54d7-a763-0c368360e124,Urmi Hayer,50,Motorcycle,2023-04-01,5.0
1132,DP-9bf226f0-72f5-57c3-9eb7-6b730074f552,Lakshmi Wagle,9,Electric Scooter,2024-07-23,4.51
1133,DP-623b3c82-c37d-54f2-aa82-d0218a6aa3c6,Odika Bhagat,2,Electric Scooter,2026-03-12,4.7
1134,DP-081f661e-6204-57b0-9af9-2c8c1d4d27bd,Laksh Iyer,19,Motorcycle,2024-06-06,4.65
1135,DP-b2f66ae2-8f7b-5600-81b2-ff1bb42b0b4c,Nimrat Shankar,46,Motorcycle,2025-04-10,4.52
1136,DP-141d8610-cd6e-51cb-abcc-46f47a19000a,Diya Gole,5,Motorcycle,2023-08-21,4.44
1137,DP-565b038b-d6db-51c5-a45b-43919c21a192,Vinaya Natarajan,8,Motorcycle,2023-07-02,5.0
1138,DP-240aa978-4593-5a52-ad53-a0a222c05b72,Dhriti Bhardwaj,7,Motorcycle,2025-07-22,4.52
1139,DP-f603a974-998b-5eae-923d-ef12f5d7aec2,Siya Mahal,1,Motorcycle,2023-03-25,4.75
1140,DP-fa5a6b45-8b53-5e4e-992a-479301a0481c,Om Dutt,16,Bicycle,2024-07-26,5.0
1141,DP-cd5072e6-29b9-50c2-9f55-e7831b76f633,Gaurang Dayal,6,Motorcycle,2024-02-09,4.7
1142,DP-b43cbdf4-d692-5437-99fc-cfa80c8196b3,Pushti Raval,23,Motorcycle,2023-01-21,4.68
1143,DP-e496caf1-3fe2-5e97-a15c-c6d41ba0b1c9,Vansha Rajagopal,27,Bicycle,2024-11-08,4.52
1144,DP-f9cb9e73-ad83-567c-af5d-d7ed5db14a80,Baljiwan Walla,26,Motorcycle,2026-05-15,4.66
1145,DP-51c63f18-2212-5db9-be26-95d0188ffc19,Kashvi Atwal,7,Motorcycle,2023-03-30,4.42
1146,DP-8359e654-2100-5a0a-9604-93af6c0fbf78,Rayaan Badami,5,Motorcycle,2025-11-06,5.0
1147,DP-0c049647-5c3d-5aee-8770-36dffbb21265,Yuvraj Kara,20,Motorcycle,2024-11-18,4.06
1148,DP-e6b574ae-8bf1-589a-ac35-2670a3df967e,Devika Dayal,24,Motorcycle,2025-07-12,4.46
1149,DP-fd16e8e3-9d71-5ed6-821d-cdfd9bca80d1,Leela Thakur,9,Electric Scooter,2023-05-04,4.71
1150,DP-57c6a3e0-3094-5df7-9fc3-1ae975822973,Oliver Bhattacharyya,35,Motorcycle,2026-01-13,4.69
1151,DP-1ccf0031-1d1d-56a5-8da1-950fa2703d4b,Chanchal Mannan,2,Bicycle,2023-01-15,4.41
1152,DP-384c17e5-9800-51f3-84c8-509cf7393aae,Zinal Viswanathan,33,Motorcycle,2026-03-03,3.95
1153,DP-7aa16eaf-fbef-5882-8ad9-05a12c1888f9,Radha Desai,2,Motorcycle,2025-04-19,4.11
1154,DP-9fddf5ed-e34b-502b-afa8-6109cca36976,Vrishti Parmer,2,Motorcycle,2024-03-06,4.59
1155,DP-5ea5c9e4-a0a1-5ece-a17e-529c7d8a347c,Nitesh Raval,10,Motorcycle,2023-01-10,3.86
1156,DP-8f4e54fd-8fe8-59b9-a364-99dd43c947b2,Vedant Kapur,1,Motorcycle,2025-02-18,4.73
1157,DP-9d8936eb-a57a-5424-8a4a-ef55897cb28f,Siddharth Bains,1,Motorcycle,2023-04-22,4.93
1158,DP-ca3e03ab-114b-52c6-9998-bb3d55d5b2d0,Jatin Peri,1,Motorcycle,2025-02-15,4.8
1159,DP-7b7860cc-9a37-54e7-af87-d649027fc027,Keya Kumer,7,Motorcycle,2025-09-13,4.87
1160,DP-593aa827-ea96-5da7-86fb-e8385dce7db2,Chanakya Chokshi,22,Motorcycle,2023-12-08,3.7
1161,DP-bcb69d77-fc4a-5026-bf39-41dc2f0537ee,Chanakya D’Alia,1,Electric Scooter,2023-11-01,3.87
1162,DP-432606ad-2990-5258-bf1d-92763c7ea231,Sachi Rai,15,Motorcycle,2023-10-11,4.43
1163,DP-37794071-9dc1-5896-9312-03602db04037,Zayyan Som,26,Motorcycle,2023-10-14,4.18
1164,DP-32bdd750-7312-594d-9c8a-eda0e17ecb6e,Samesh Andra,3,Motorcycle,2023-05-26,3.99
1165,DP-e48a1e50-8ae2-55e7-8309-d7ebd0f97c29,Osha Chaudhuri,2,Bicycle,2023-11-15,4.36
1166,DP-bc7f2de4-1760-5fd4-bfb2-f00f46ced44b,Laksh Sahota,31,Electric Scooter,2025-04-21,5.0
1167,DP-ae1bcfc4-07ac-5864-9915-a4f32e65af86,Yasti Dalal,26,Motorcycle,2024-01-22,5.0
1168,DP-f53f008e-2791-5348-b7d4-c3771eeed442,Ishaan Cherian,10,Motorcycle,2025-09-23,4.22
1169,DP-c261b285-178b-54bd-b9af-7437f7d94258,Rushil Iyengar,26,Motorcycle,2025-11-11,4.54
1170,DP-2ab15002-7984-5544-a5ff-7b817d96bd31,Saksham Parmar,2,Electric Scooter,2025-08-28,4.65
1171,DP-dd498899-e05e-544e-ba55-f0d4282940f8,Chakrika Dyal,6,Motorcycle,2024-11-19,4.43
1172,DP-cc0397a2-7668-5b4b-8897-c0634b33fa96,Watika Johal,20,Motorcycle,2024-02-08,4.96
1173,DP-6c0b663d-5509-5dfe-8d94-039ba47fd488,Ganga Keer,4,Motorcycle,2026-04-01,4.36
1174,DP-1c8e75d6-75dc-53d4-aede-e7bb16d25fa6,Agastya Chakraborty,21,Motorcycle,2023-09-19,4.31
1175,DP-ea2470b6-cf2a-5478-a3f1-8f552d4a0344,Wakeeta Dixit,9,Motorcycle,2024-08-15,4.24
1176,DP-687d65c1-860e-5623-9d03-60fb7f804e4f,Yasti Borde,20,Motorcycle,2024-08-01,4.43
1177,DP-7c13b05d-5b12-5be4-8108-e6bf334a0084,Aahana Kashyap,8,Motorcycle,2025-08-09,3.63
1178,DP-8576d4ca-ee58-55be-9dcc-625fcad3eb22,Chaman Lalla,6,Motorcycle,2024-11-28,4.44
1179,DP-2e606ba3-8f9f-53fc-9fbf-edfc6c6b3abd,Chandresh Chaudhry,3,Motorcycle,2025-10-17,4.56
1180,DP-0636b694-9e5a-5944-8e41-9fb822083000,Balveer Mannan,3,Motorcycle,2026-03-18,3.76
1181,DP-b3e7ef10-8f15-5954-a506-510e81229198,Dhriti Sandhu,21,Electric Scooter,2024-05-13,4.59
1182,DP-966175a6-3548-5945-9aa9-eb09e17ff4a7,Girish Bath,2,Motorcycle,2026-01-21,4.16
1183,DP-b8bd34e5-3e02-52ff-b15e-1c37a65fd3e9,Lakshit Garde,2,Motorcycle,2023-08-05,4.58
1184,DP-cb14e153-1572-5335-a677-1087b7406a62,Ishita Sarma,3,Motorcycle,2026-03-14,4.57
1185,DP-a83a6dd3-87d6-58e3-842e-97ad33a6a14e,Girik Pradhan,3,Motorcycle,2023-08-16,4.58
1186,DP-577b1e3f-e637-51ca-9ede-4f16cbf327c8,Qadim Comar,26,Motorcycle,2025-12-20,4.8
1187,DP-1adc1f01-ca84-57f7-a946-307776f99845,Mugdha Shan,6,Electric Scooter,2024-05-12,3.45
1188,DP-83dff4ea-1ae5-5c9e-83e6-d7537f632908,Lekha Sridhar,49,Bicycle,2026-05-15,4.15
1189,DP-75d631bc-52e2-5035-88c7-665d1f73b1a5,Ojas Chowdhury,2,Motorcycle,2023-06-14,4.43
1190,DP-455931cc-d108-555a-ab78-3246fae9ac8b,Daniel Dutta,15,Motorcycle,2024-08-16,3.93
1191,DP-464343f9-9d93-5a1e-9e8b-4946b0b2b0c0,Omaja Subramanian,8,Motorcycle,2026-02-24,4.77
1192,DP-8de09983-4d9d-5516-96d1-07f0a5ee321a,Pratyush Raghavan,6,Motorcycle,2023-03-02,4.2
1193,DP-73811ae0-3590-5880-a930-3b80115e5a53,Ayush De,32,Motorcycle,2023-12-05,4.86
1194,DP-4d4ca6ec-2e10-5a1f-b85c-6df92759a0b8,Vinaya Chowdhury,46,Motorcycle,2023-04-17,4.87
1195,DP-dcdc2b47-f5b8-5710-917b-1829c080667c,Ridhi Batra,32,Electric Scooter,2024-02-14,4.47
1196,DP-f61459c1-cdd4-5141-aff7-a5e831862ba0,Advika Murthy,3,Motorcycle,2024-05-12,4.45
1197,DP-2f70eba2-0ba9-5c17-a7c3-cf779dbfaeb8,Udarsh Nigam,3,Motorcycle,2025-02-28,4.03
1198,DP-05e4c0d7-9912-5468-887c-d73537865ede,Rachita Kothari,15,Motorcycle,2023-11-25,4.53
1199,DP-b17bd175-a3e7-57b5-af15-1e2a59340a15,Hiral Rajan,4,Motorcycle,2023-07-22,4.8
1200,DP-5c057164-4b81-569b-baa0-93ee6b891ccb,Chatura Apte,19,Electric Scooter,2023-08-05,4.62
1201,DP-9da9b17d-2437-5c32-a181-369d9d639368,Yashasvi Singh,11,Motorcycle,2026-04-12,5.0
1202,DP-556dc1fb-8c88-55ca-a6a6-f864b90bfe1f,Noah Borde,10,Motorcycle,2026-05-01,4.39
1203,DP-94829244-d7d0-5963-8f8e-abe0a96dd61d,Ekani Khosla,27,Motorcycle,2023-10-10,4.39
1204,DP-c72634d3-8989-5890-b22c-9bfd718319a2,Arunima Bedi,18,Motorcycle,2023-09-07,4.22
1205,DP-a6562812-c69e-5ef0-a706-07b46ccac6a5,Kritika Rau,1,Motorcycle,2023-03-11,5.0
1206,DP-5ef28e28-f1be-5367-a9f9-41d6264faddd,Farhan Sharaf,1,Motorcycle,2026-05-09,4.03
1207,DP-414d0ecb-fba8-546a-8421-e72a951d8822,Sara Chakrabarti,12,Motorcycle,2025-06-20,4.77
1208,DP-65ec4f6a-a1be-5d38-bed4-ba78562b3b9a,Sanya Mutti,8,Motorcycle,2025-08-28,4.81
1209,DP-3913b2ba-f0c7-5d03-9934-7afdfded970b,Widisha Badami,4,Motorcycle,2024-01-06,4.79
1210,DP-820a97a8-5fbd-5736-aa04-2829f1856f18,Netra Sachar,7,Motorcycle,2025-03-28,4.24
1211,DP-7e3db53e-3cd3-5d9c-90e9-120bc87edc1e,Aadi Chand,21,Motorcycle,2023-03-18,4.08
1212,DP-2cadc336-9d16-54dc-becd-c84ba34d4531,Yashoda Jhaveri,27,Electric Scooter,2025-05-12,4.47
1213,DP-4450a107-e36f-55fe-b274-b8fdfdfb1897,Harita Patla,11,Motorcycle,2025-01-09,4.72
1214,DP-0f0337c3-896f-5889-b508-f96f636d32ac,Udant Sha,6,Motorcycle,2024-02-27,4.31
1215,DP-7d47c359-4098-5cec-908c-759a2d8dd043,Urvashi Patla,4,Motorcycle,2025-06-25,4.42
1216,DP-655c17db-23e4-5f5b-8860-4a35376964b2,Ishaan Chatterjee,9,Motorcycle,2025-04-04,4.32
1217,DP-a2ed0c39-b095-5136-b79f-58b1b4434f66,Aarnav Om,5,Bicycle,2024-07-14,4.55
1218,DP-11e69de9-fb6d-5fca-a9b5-7c14b79ff7bc,Bishakha Vig,11,Motorcycle,2023-08-27,4.53
1219,DP-ae949512-e69f-5e30-a616-4422a53b8016,Hitesh Bath,16,Motorcycle,2023-01-31,5.0
1220,DP-277dc357-75be-542f-ba6f-2eec3afe75a9,Waida Dey,1,Motorcycle,2026-04-11,4.73
1221,DP-b8f17718-bd92-5efb-b2b6-dbd15704791a,Hredhaan Kumar,1,Motorcycle,2023-12-26,4.1
1222,DP-9de02cd2-930a-5619-8d68-50e4059edb6b,Raghav Dara,3,Motorcycle,2024-01-21,4.12
1223,DP-e149715a-564c-52cb-9643-1a08372527c0,Tanveer Shankar,35,Motorcycle,2025-05-19,4.78
1224,DP-1265a8fd-699b-5fd4-9f96-0a39d6e8c220,Hamsini Chokshi,14,Motorcycle,2023-11-22,4.53
1225,DP-be3a24be-1906-5a02-b541-8f60989f65ed,Chakradhar Dasgupta,3,Motorcycle,2024-04-24,5.0
1226,DP-fbdc3e0a-1652-548a-ac39-6eea5ab7f19c,Tanvi Thaman,34,Motorcycle,2025-06-26,5.0
1227,DP-d9fd98b7-5e5f-5dc8-903c-f8927008a305,Wishi Agrawal,8,Motorcycle,2025-01-29,4.22
1228,DP-55c6fc5c-4910-5ef4-bd37-e1a485562451,Rachita Subramanian,8,Motorcycle,2025-04-17,4.63
1229,DP-ffa8212f-c87b-5af7-a091-9d62b3042946,Oscar Dave,40,Motorcycle,2023-01-06,4.12
1230,DP-3d0dedbf-3ec0-5996-a0c0-8e06501a4515,Lila Nagy,1,Motorcycle,2024-07-29,4.77
1231,DP-253f3df9-0980-5d29-b996-cdea0d6047c6,Omya Kothari,3,Motorcycle,2024-08-29,5.0
1232,DP-5f2e3461-15fb-51f3-934f-331af125f040,Mitali Oza,11,Motorcycle,2025-03-18,4.58
1233,DP-76ad11b4-f9ae-5eac-bcb0-2bbbc9e32bef,Sneha Deol,3,Motorcycle,2023-07-13,4.38
1234,DP-3d35f61d-8bf4-559b-bd38-9e598b8e422c,Nitara Vala,16,Bicycle,2023-07-23,4.66
1235,DP-d206e43f-7fc1-5575-b8ed-39776a092b17,Dipta Kalla,3,Motorcycle,2025-08-30,4.85
1236,DP-5558b728-98e9-567d-937c-483bdef5b6fe,Shaurya Mannan,2,Electric Scooter,2025-05-09,4.85
1237,DP-27c3303a-af77-5495-8417-095b512b8f2e,Kevin Gokhale,3,Motorcycle,2025-11-01,4.39
1238,DP-e4436a9d-d745-56e1-9151-041442774fee,Jack Pandey,7,Motorcycle,2023-12-12,4.3
1239,DP-a80b2243-e67f-5856-b36f-1af0769da506,Omisha Walla,3,Motorcycle,2026-06-26,4.61
1240,DP-75c4fb0b-28f8-5347-b9d6-a514ce92ed84,Pahal Arya,2,Electric Scooter,2023-12-15,4.41
1241,DP-bba8f15b-927a-55e3-9fb3-fafccea44969,Aryan Raj,31,Motorcycle,2025-04-10,4.96
1242,DP-1dddaade-fecf-5627-8d7f-0d3c0c224320,Chatresh Bhalla,5,Motorcycle,2023-07-26,4.4
1243,DP-dc49af52-07a7-551b-a50c-d197c2d25bba,Amara Dyal,6,Motorcycle,2026-03-18,4.55
1244,DP-b12c56f9-3699-5456-8794-b49733c0047c,Zashil Dhingra,1,Motorcycle,2024-02-29,4.65
1245,DP-dc63fb9e-bf99-5dff-b4db-4702e2b20b99,Chakrika Jani,6,Bicycle,2025-10-20,4.04
1246,DP-824fdc67-12cd-5d06-bf5c-8344701dd1ad,Jagrati Sethi,4,Bicycle,2024-02-27,4.33
1247,DP-2610f5fe-9a78-5313-8c5c-c8769d9d8f87,Udarsh Ramachandran,13,Motorcycle,2025-10-06,5.0
1248,DP-3404d300-fa51-5a94-9dbd-f26c5283ec05,Yasti Mani,3,Motorcycle,2024-08-02,4.83
1249,DP-0d9b7bf3-095d-5763-8a10-7639443faa27,Lakshmi Ram,34,Motorcycle,2023-03-21,4.4
1250,DP-eb4dced8-8b19-5f61-9314-05cb227dd288,Dhriti Bhagat,40,Motorcycle,2023-08-31,4.77
1251,DP-113bc2b2-9a05-5a75-aeac-dd9cc57ec19c,Zayan Jain,2,Motorcycle,2025-05-22,4.95
1252,DP-bae81a4f-1866-5cd1-b4c6-c5b6a089d87f,Umang Pillai,2,Motorcycle,2023-09-04,4.45
1253,DP-76bc3035-14b4-5a7c-a302-3dc80881573b,Rishi Menon,2,Motorcycle,2023-12-18,4.81
1254,DP-fffd0c8d-8eda-51f7-bf6a-8413301ea499,Peter Borde,13,Bicycle,2024-11-22,4.76
1255,DP-40633d85-7788-5533-9052-eb76b8143bf6,Oscar Varkey,2,Motorcycle,2023-11-19,4.13
1256,DP-3c52121a-cd13-57d3-ac19-58cf9ccb68e6,Krishna Baria,30,Motorcycle,2023-06-14,4.45
1257,DP-5cd3d549-f1e8-530c-bb05-abc5b55e91bc,Arya Lalla,21,Motorcycle,2025-03-07,5.0
1258,DP-b7a59696-7887-5022-adee-0d63eb633160,Naveen Kumer,26,Electric Scooter,2025-05-29,5.0
1259,DP-9fa0490b-c486-5fa8-9ea7-7d9e9dd72afd,Ganga Shukla,9,Motorcycle,2025-07-24,4.83
1260,DP-223c875d-26f2-5605-9640-82fcedbdf3a2,Balveer Dube,50,Bicycle,2026-04-19,4.32
1261,DP-4f84aad8-2893-5b26-b080-1cececb4b5ea,Charan Mitra,1,Motorcycle,2023-06-08,3.78
1262,DP-c5e12f6f-e8e8-5667-b303-396a019cbe56,Ishita Bora,6,Motorcycle,2024-06-28,4.28
1263,DP-6c3dae01-978d-53be-abca-f5ee8562506c,Thomas Gour,5,Motorcycle,2023-10-26,4.09
1264,DP-3b3fc3e9-5323-5ec3-86a4-b7e3397a5899,Yashasvi Dutta,42,Motorcycle,2026-02-23,5.0
1265,DP-96293dd1-b70d-5452-b85b-7032e8b91676,Netra Chanda,11,Motorcycle,2024-11-19,3.92
1266,DP-2f82e180-e99d-5aa1-8c5e-a0ac24057ee8,Timothy Kala,25,Motorcycle,2023-05-06,4.14
1267,DP-e81fd6aa-2ae2-5b9b-92ef-2a0892228f5f,Garima Patel,3,Electric Scooter,2025-06-02,4.6
1268,DP-abc8721f-b842-5288-ba48-f66180d16203,Tejas Wali,47,Motorcycle,2023-02-24,4.53
1269,DP-4b82eaad-0dfd-56f4-83e2-5880d3b17ed0,Aditya Contractor,9,Motorcycle,2023-12-16,5.0
1270,DP-0bf6c624-6b04-5fdd-b2dd-0f294655a700,Sanaya Khosla,9,Motorcycle,2025-07-09,4.73
1271,DP-eb8b980d-8554-5b72-a91e-968f8e6b39f0,Balveer Nagi,46,Motorcycle,2024-10-07,4.48
1272,DP-7ee18ec5-589f-5f4f-b653-1d6ea7998ff9,Ishaan Raju,6,Bicycle,2025-08-29,4.96
1273,DP-e32d368a-a98c-53d1-bc01-82914e481e7b,Barkha Bakshi,6,Motorcycle,2024-12-29,4.39
1274,DP-948291b9-d1dc-56e5-9e47-5e2701083db7,Yoshita Trivedi,11,Bicycle,2025-12-11,5.0
1275,DP-31d5f9cd-6f37-5981-8045-fa8d3cde0fd4,Vidhi Bassi,2,Motorcycle,2024-12-18,4.23
1276,DP-12b35856-7c77-5e4e-ba27-b9ff07802ba2,Reyansh Nagi,5,Motorcycle,2023-03-14,3.59
1277,DP-a6091292-1f94-5e8b-a2cd-f6edc2aad8c8,Gopal Ganesh,3,Motorcycle,2023-04-01,4.51
1278,DP-83eec7f1-d817-5ab4-bd1a-522aac5cacec,Dominic Kade,2,Motorcycle,2025-09-18,3.82
1279,DP-3d992070-eec2-5bb2-8ea1-dae0be7eb6d7,Panini Chawla,31,Motorcycle,2023-02-19,4.85
1280,DP-489487de-b61e-5cf2-80f6-1b675c42aa4c,Radhika Bora,12,Bicycle,2024-04-25,4.58
1281,DP-598794b3-d0e4-5827-af42-404f263eb063,Arjun Sharaf,6,Electric Scooter,2023-01-21,5.0
1282,DP-209b799a-d1d6-5926-a6b0-bf4194a4bd6c,Baljiwan Chahal,7,Motorcycle,2024-01-23,4.44
1283,DP-da4605d2-94c2-52ae-9048-47a78f7f85a2,Chatura Gokhale,7,Electric Scooter,2025-01-29,4.04
1284,DP-e5398936-d433-5d84-8bf3-8fb0e6ea3230,Ekavir Kari,14,Motorcycle,2023-08-09,4.69
1285,DP-0b967425-0d53-5b1e-a8e9-9cd64f2d04cf,Nikita Rama,39,Motorcycle,2024-08-17,4.34
1286,DP-8b7c1ef3-fe8d-59ad-90f0-416ce31c2036,Nidhi Sant,40,Motorcycle,2026-06-24,4.8
1287,DP-93fec923-8cb8-5d32-937b-d5a90fbc09ba,Anay Ramachandran,6,Motorcycle,2023-03-31,4.24
1288,DP-c491cfc2-a3ad-5398-9902-e71a4fb4d8dd,Abeer Bhatnagar,5,Motorcycle,2023-03-23,5.0
1289,DP-ae925efc-6091-56f6-9fa9-6ff4b8c4ccf0,Elijah Parmar,8,Motorcycle,2023-12-13,4.55
1290,DP-1cffa62d-1d70-5dab-ad15-dfa0f691316f,Bimala Mitra,11,Motorcycle,2025-11-21,4.48
1291,DP-de9f4f25-ab14-5664-afa4-c5e37eadbf12,Baghyawati Sarma,8,Bicycle,2024-06-01,4.99
1292,DP-114a10c3-7677-5e28-b460-374a4bce014e,Megha Balasubramanian,15,Motorcycle,2025-03-26,4.86
1293,DP-4aceaa4c-44c6-5307-a64f-8130787f9edf,Naksh Walla,10,Motorcycle,2023-02-13,4.28
1294,DP-4d5320a8-112a-546e-ba2b-5d01431d2b6f,Laban Raman,5,Electric Scooter,2025-07-26,4.85
1295,DP-077cbf92-424e-5d18-9f6f-f8e94500b49b,Maanas Misra,5,Motorcycle,2023-03-28,4.77
1296,DP-79e12ba7-6af2-59d0-b9ea-8addcb67e944,Advay Dhaliwal,6,Motorcycle,2025-06-27,4.5
1297,DP-275f0a00-9cc4-5223-8919-f4e98ea20aee,Benjamin Ahluwalia,2,Motorcycle,2023-07-08,4.82
1298,DP-c5738966-3b3d-5de5-bd3f-d6f675767e1d,Frederick Mody,3,Motorcycle,2025-12-31,5.0
1299,DP-4976690f-8a4f-5709-9a79-fa985b2683f6,Hemangini Kakar,19,Motorcycle,2024-01-13,4.51
1300,DP-7426cf5b-c381-547c-88eb-304b25482ca0,Yauvani Dhar,6,Motorcycle,2023-08-23,4.51
1301,DP-5d82fe34-003d-5ef6-a4e7-c2d6c5f9b9f1,Qarin Kant,3,Motorcycle,2024-03-05,4.49
1302,DP-d222e467-dfca-5212-a200-ddfe9b3d34be,Rishi Contractor,11,Electric Scooter,2023-01-02,4.27
1303,DP-2ed03068-fe6d-52e4-9088-f465f35f9886,Chatura Shenoy,21,Motorcycle,2023-07-30,4.5
1304,DP-bbfcc8a7-88c0-50cd-a1ae-ce3114178032,Bina Bhavsar,4,Motorcycle,2025-02-02,4.47
1305,DP-0ab89a8d-91cb-5799-8c45-bb54c38ed822,Guneet Hora,27,Motorcycle,2024-01-19,4.45
1306,DP-0cdba307-b69d-5201-8e67-673bf3e30576,Ganga Parikh,39,Bicycle,2024-03-27,4.44
1307,DP-758a84be-2fce-53ce-8421-4cf78e80ee95,Wahab Chaudhry,12,Motorcycle,2025-10-27,4.14
1308,DP-4a893671-46c8-5f10-85e9-57ba7d5bdc01,Ekaraj Hari,15,Motorcycle,2023-06-07,4.9
1309,DP-d1d4f37b-95a4-5fe2-a7e9-ec409bb8d1ad,Vedika Seshadri,1,Motorcycle,2024-05-20,4.33
1310,DP-534e83c7-4df8-5653-ba5c-c99701e3c4da,Damini Dua,42,Motorcycle,2023-08-26,5.0
1311,DP-2eac082d-c9f9-5a69-8a3e-aa92a0708478,Diya Sangha,6,Electric Scooter,2024-09-08,4.2
1312,DP-4ceba5f4-4cdc-525b-8e5c-4f8c559bbc6f,Aayush Munshi,39,Motorcycle,2024-02-28,5.0
1313,DP-a684e7fe-1d8f-5c56-90e2-3f7364faf5b9,Timothy Sarin,11,Motorcycle,2023-02-28,4.41
1314,DP-1aa6f040-0a9b-52eb-bca5-e0f273051303,Jagvi Desai,1,Motorcycle,2023-03-31,4.85
1315,DP-4898e3ca-f41f-53d8-b8f9-f30a5c5b8e73,Varsha Shere,1,Motorcycle,2025-12-23,4.58
1316,DP-310e1c50-87a8-5322-b7b9-aa38dac1c33e,Jagrati Mody,16,Motorcycle,2023-03-14,4.09
1317,DP-82efec69-3223-5e1a-a901-075f7f55b767,Ikbal Gill,11,Bicycle,2025-09-25,4.11
1318,DP-a99f3289-421d-5ea6-bf8d-2b018429a319,Avni Dey,1,Motorcycle,2026-03-14,4.3
1319,DP-b01d0a61-e293-5f9a-bc6a-95ff3389bb5d,Adya Bose,20,Motorcycle,2024-08-17,4.39
1320,DP-8c820485-4cc1-5ed1-b29d-2de93e7a13da,Anirudh Tripathi,30,Motorcycle,2024-02-03,4.52
1321,DP-2d6ef761-c345-58a1-8b21-d4d12ecd9e98,Nidhi Kala,9,Motorcycle,2025-09-17,4.65
1322,DP-39bdfbce-e193-595a-93ba-ab0d36d36fcf,Abha Zacharia,8,Motorcycle,2026-06-07,4.47
1323,DP-ed5059ab-6f06-5f65-817c-8b3b1aca2012,Manthan Pau,1,Motorcycle,2023-06-03,4.63
1324,DP-34974632-5f9e-50e4-b494-8fcb1ff7f3e9,Udant Mannan,23,Motorcycle,2026-05-15,4.69
1325,DP-ab9f9960-a0c9-55d0-bfa5-ddfee5b70104,Ucchal Thaker,5,Motorcycle,2026-04-19,4.46
1326,DP-51967447-eac1-502d-b59b-472cb28441f8,Mekhala Patla,33,Motorcycle,2023-07-01,4.76
1327,DP-eeb1be0c-b558-56e2-a59a-47d16330d398,William Gandhi,6,Bicycle,2023-03-11,4.84
1328,DP-fcc9d398-e071-5a02-b25d-59a5166a6cff,Sanaya Dutta,11,Motorcycle,2025-07-01,4.7
1329,DP-e07248ae-e52b-5ee6-8432-86ac9a4c7cbf,Madhav Sule,4,Bicycle,2023-04-10,4.72
1330,DP-d48aca74-f67c-518c-a136-f8f779d241f1,Banjeet Kanda,2,Motorcycle,2025-02-05,4.6
1331,DP-571d1036-99ae-5e64-9188-a6113b59938a,Vincent Bhatnagar,22,Motorcycle,2023-03-24,4.93
1332,DP-5eb6a80c-c711-578a-a76e-d20db5444af0,Kala Kaur,9,Motorcycle,2025-05-31,4.53
1333,DP-6d1c9efc-7f1b-5c2c-9873-a6c29e8742c0,Samuel Vasa,10,Motorcycle,2023-10-23,4.31
1334,DP-4b912ac6-789f-5fc4-8e5e-cc283164cb8f,Lipika Singh,45,Motorcycle,2023-05-03,4.54
1335,DP-ea8cc0cc-ba01-5986-86ea-d64a913e1051,Chakradhar Baral,45,Motorcycle,2023-03-27,4.1
1336,DP-f96af4ca-6a05-595a-aca4-0b4dbe097211,Harshil Verma,30,Motorcycle,2023-08-29,4.06
1337,DP-d05a87ab-6a30-59de-8eaa-e3f82bcaeeeb,Adya Ghosh,3,Motorcycle,2024-11-20,4.84
1338,DP-b258a008-5492-57b4-b755-672f018a79ae,Kritika Pau,12,Motorcycle,2023-04-08,5.0
1339,DP-a7bfe7c3-ed07-536b-bff5-8987afe99193,Zansi Krishnamurthy,33,Motorcycle,2025-10-20,4.42
1340,DP-a86d8674-dc79-5232-9de7-4e9eda9137bd,Udant Varty,6,Motorcycle,2025-02-09,4.85
1341,DP-6fb022cc-f3cf-5aac-8adc-2e5fdddbe6ea,Ira Pai,2,Motorcycle,2024-01-15,3.93
1342,DP-82537a65-9f88-565b-b010-0ee4bba41563,Vasatika Ahuja,25,Electric Scooter,2026-06-12,3.88
1343,DP-5bce31c7-6fe7-5ac6-a49e-2b5d2debdeb2,Ria Gandhi,8,Motorcycle,2025-04-20,4.94
1344,DP-2fc3249c-92ca-5ef4-9c52-8a8ecbb798f8,Faraj Varkey,11,Electric Scooter,2025-05-07,4.7
1345,DP-eca518af-66b6-5948-a308-3d291b7e1554,Siddharth Doctor,47,Motorcycle,2023-08-10,4.53
1346,DP-8841fb87-9771-54ca-ae86-08fcbe651bc1,Nakul Pathak,12,Motorcycle,2025-06-25,5.0
1347,DP-422e810b-b5e9-5206-9007-1fb48784e5d7,Victor Sachdeva,7,Motorcycle,2024-12-14,4.48
1348,DP-0f28e1cc-939f-5105-a3d9-bc8d271daf68,Ishaan Subramaniam,6,Motorcycle,2026-06-10,4.18
1349,DP-82273e75-4532-56c6-9a3e-4efbcf5f098a,Varenya Kade,7,Motorcycle,2024-09-01,4.02
1350,DP-7c630660-305c-5b37-8e89-2ca2113212e8,Nirja Bains,2,Electric Scooter,2025-05-15,4.54
1351,DP-228dd57b-86d5-5675-ba71-6b23a57f0d38,Caleb Datta,24,Motorcycle,2024-03-11,4.6
1352,DP-09a927f7-8d9a-5667-bec8-671fabb70b56,Krish Vala,28,Electric Scooter,2023-02-21,4.46
1353,DP-c58d469f-4a3e-53ec-8648-46e178ae358b,Manan Bhalla,4,Motorcycle,2023-06-13,4.86
1354,DP-24ac50b4-3637-53d6-ab2b-813b2cd54cd7,Aarna Gole,5,Motorcycle,2026-01-11,5.0
1355,DP-9f1413c1-71c1-521a-a6eb-3086592197ff,Anirudh Mander,32,Motorcycle,2025-07-30,4.41
1356,DP-3301e016-49d6-5728-a4f8-a3dd778eb610,Tarak Sen,1,Motorcycle,2024-04-10,3.93
1357,DP-1fb00d6b-5d21-5c90-ac4b-4fa0874b902c,Vasatika Garde,9,Motorcycle,2025-06-09,4.63
1358,DP-bf227ad1-74cf-5055-b81d-3de27c25c8bd,Nirja Dhar,8,Motorcycle,2023-01-06,4.94
1359,DP-54ad0e26-8835-5611-b120-dde11c7e1225,Yasti Lalla,17,Bicycle,2023-02-17,4.41
1360,DP-95a9f87f-d656-5c46-9ce8-dd1e5ccda3dd,Hema Setty,3,Motorcycle,2024-10-09,4.72
1361,DP-942e41f2-8fbf-50fe-b087-6f499a605ecd,Victor Radhakrishnan,15,Motorcycle,2025-03-08,4.16
1362,DP-25c51abe-b3d0-5c7a-b7bc-35a0415d5adc,Kevin Chopra,6,Motorcycle,2026-04-10,4.62
1363,DP-4a087376-0909-517a-839f-1d7c5955ea9d,Samaksh Virk,13,Motorcycle,2025-08-27,4.72
1364,DP-19295e71-88c0-5dce-bf71-887ce1283399,Mason Char,1,Motorcycle,2023-11-25,4.63
1365,DP-867f889c-fad8-5ce6-a89f-369d769a318c,Vamakshi Barad,8,Motorcycle,2025-11-06,5.0
1366,DP-b5af5495-e038-55fb-ada5-de88528be934,Girik Subramaniam,9,Motorcycle,2024-09-19,5.0
1367,DP-cdad5f3f-72f8-5134-a20e-4f2006cb0a30,Aarav Sankar,3,Motorcycle,2025-11-20,4.78
1368,DP-c76ca9a8-f3d7-5242-916d-5fda4f963b28,Kamala Bassi,2,Motorcycle,2023-08-10,4.9
1369,DP-83cd3755-cd60-5f54-8a0c-d59aa2c0a6b3,Veer Subramaniam,3,Motorcycle,2023-02-03,4.88
1370,DP-f37d10b3-b2de-5c6a-be69-a0b849df9a19,Inaya Chaudhari,5,Electric Scooter,2023-03-15,4.62
1371,DP-40648d77-52a6-56aa-9107-beca8e5b5e1f,Krish Kumar,2,Motorcycle,2026-06-18,4.51
1372,DP-a8d859e6-8747-5582-aa64-5c42bd51ea93,Viraj Chacko,42,Motorcycle,2023-04-13,4.38
1373,DP-25d2a632-daa4-50ee-a87b-79790b72df8a,Nilima Kurian,7,Electric Scooter,2026-04-13,4.15
1374,DP-8c35f23b-7b3c-53fd-85d5-7b5e52559697,Abdul Amble,25,Motorcycle,2025-07-16,5.0
1375,DP-ac7aab21-74fa-5f90-8c13-e04b6f8421a3,Zinal Amble,46,Motorcycle,2023-07-06,5.0
1376,DP-f1143571-a7f5-5f59-acf0-09ed0bcd372a,Samesh Mutti,1,Motorcycle,2026-01-07,4.54
1377,DP-2ef1444c-1319-5242-9f51-a973f03c332c,Janaki Chhabra,15,Motorcycle,2023-07-04,4.55
1378,DP-c7c8b2dc-04db-5910-9a13-62223873aa46,Pooja Kulkarni,32,Motorcycle,2023-07-02,4.74
1379,DP-6152a598-bfcf-5f0f-8399-255ab3751f3b,Pallavi Pau,14,Motorcycle,2025-01-04,4.48
1380,DP-9b608a37-2076-54a4-b72b-660e27e70aa4,Mekhala Jani,7,Bicycle,2024-01-03,4.19
1381,DP-5f3531b0-cd2b-525c-8cc1-369d261df67a,Vasudha Gola,7,Motorcycle,2024-01-07,4.09
1382,DP-532d25bb-f688-53b9-8ac7-11cfe2aeee76,Veda Kulkarni,1,Motorcycle,2023-09-06,5.0
1383,DP-19c4f264-c543-5326-8054-73c8d60cc224,Hemangini Rao,10,Motorcycle,2025-02-14,3.97
1384,DP-158f35c8-d3ac-54f2-935a-085fe0941581,Jagat Karpe,49,Motorcycle,2023-02-04,4.65
1385,DP-32bbac8a-ed75-512d-9766-8e82f5c4b9e1,Neel Chaudhry,44,Motorcycle,2023-11-09,4.01
1386,DP-b8302c5d-fb4a-537f-bb2c-1fcd5d304557,Yashoda Rattan,1,Motorcycle,2024-12-07,4.5
1387,DP-fab03cba-bc21-556a-832f-ba667d5be875,Charles Dyal,18,Motorcycle,2024-09-12,4.41
1388,DP-396334bd-afa7-5288-ac87-b3fa39ebb3ea,Abdul Chand,5,Motorcycle,2025-06-12,4.06
1389,DP-c177e198-d5a7-5d4f-8ca7-8d886af0c237,Urishilla Saran,36,Electric Scooter,2023-10-03,4.75
1390,DP-d4112e00-6f19-5ab8-b4d9-9b42c1d94b6c,Devansh Lall,1,Motorcycle,2025-04-06,4.16
1391,DP-0f615610-ab93-50a8-8539-8bf285ffc322,Kamala Buch,40,Motorcycle,2025-08-27,4.02
1392,DP-8c191082-f92e-5e9d-bdeb-a760bef492fe,Leena Rattan,28,Electric Scooter,2024-05-10,4.79
1393,DP-cdd5f112-c08f-5609-86ad-91d08a27e2d2,Dakshesh Gill,2,Motorcycle,2023-11-24,4.41
1394,DP-aabf812b-9644-5557-90a4-af8b2d779323,Reva Anne,1,Motorcycle,2024-12-09,4.27
1395,DP-33845b1b-0ee5-5f9d-b848-ac7371b9548f,Zarna Mangal,28,Motorcycle,2025-01-08,4.82
1396,DP-3c2abc54-2d4b-552f-be12-8a3b7cea2a3a,Bahadurjit Uppal,2,Motorcycle,2023-05-01,4.15
1397,DP-5f68d6ad-46bd-5bf0-9d2b-89d813c0e780,Omkaar Banik,10,Electric Scooter,2024-12-22,3.94
1398,DP-f19cdd69-b766-58a2-9fe1-9b8bb115a48a,William Acharya,38,Motorcycle,2023-07-16,4.98
1399,DP-3347f81b-f5e6-5e1a-8952-2e1e19e9f2ba,Gabriel Majumdar,11,Motorcycle,2024-12-26,5.0
1400,DP-3319cb65-c533-512f-9426-a4cf25a43d33,Ira Rana,6,Motorcycle,2026-04-03,4.49
1401,DP-d7d4aa95-8e47-5bba-8617-b644778fc172,Sai Vasa,7,Electric Scooter,2024-11-16,3.56
1402,DP-4e3130b8-a797-5b37-a00f-25a5a76d77cf,Ekapad Chana,1,Motorcycle,2025-08-29,4.48
1403,DP-a4f58cfe-43d7-53b0-94fb-fda0233520f4,Ijaya Palan,45,Motorcycle,2024-01-31,4.84
1404,DP-37a1cb46-387f-59a9-9031-410d6975d674,Upkaar Hayer,5,Bicycle,2026-03-23,4.93
1405,DP-013b6fd5-7318-589d-be7d-d2dc20ab67c9,Netra Agrawal,3,Motorcycle,2025-11-03,4.18
1406,DP-ab56318f-0ae7-58bf-8932-b3b0028d25c7,Parth Ray,4,Motorcycle,2026-03-15,4.43
1407,DP-38b6d30d-f396-5eaa-beec-cc16bad8dd52,Elijah Thakur,45,Motorcycle,2025-08-04,4.62
1408,DP-129e62e1-18dc-5da7-9989-09e6094e0a77,Harini Dada,2,Motorcycle,2025-04-08,4.82
1409,DP-08e38e02-eb62-5ae2-bea6-375b5fef27b7,Zashil Savant,31,Motorcycle,2024-10-31,4.77
1410,DP-33103136-01fe-56aa-afda-a442e958eb96,Veda Kohli,18,Motorcycle,2026-03-30,4.71
1411,DP-120189a7-b9a1-5678-a272-12a1bfb9998c,Tara Sharma,27,Motorcycle,2025-12-18,4.93
1412,DP-122fc998-ba24-5744-8472-f62632f43088,Vasatika Dada,46,Motorcycle,2024-06-15,4.51
1413,DP-f6e6efdb-bdde-573c-971e-bfb402200c7b,Ekansh Raja,28,Motorcycle,2023-04-20,5.0
1414,DP-f4535a04-f471-5848-82dc-b9495f31fd08,Victor Mutti,42,Motorcycle,2023-01-05,4.34
1415,DP-818103c8-efdf-5cb8-823c-921e708dee7d,Ira Varty,2,Bicycle,2023-10-25,4.78
1416,DP-1a674fa6-ebbc-543e-8f9c-4504b00b609e,Adya Kothari,24,Motorcycle,2023-03-21,4.39
1417,DP-06c589a0-9710-527d-a4e7-293f496637e0,Girik Rastogi,10,Motorcycle,2023-09-27,4.49
1418,DP-0c593109-d163-59d5-bfb7-0a5f18717be3,Faqid Gokhale,10,Motorcycle,2023-05-20,4.55
1419,DP-d857f22e-9852-5786-9dc8-3dfbc1316b8d,Dipta Pandya,35,Electric Scooter,2026-06-05,4.37
1420,DP-122d0ebd-a7b5-5314-8912-1061670f8b55,Amruta Goswami,46,Motorcycle,2023-05-02,4.95
1421,DP-77725b1a-58e4-5a78-b489-28ccf9a10c3d,Wishi Iyengar,18,Motorcycle,2025-03-10,4.4
1422,DP-cab0cce9-e134-5f16-a349-2de4c51adb89,Wyatt Lanka,8,Motorcycle,2024-03-24,4.53
1423,DP-6476d755-8718-5c27-abf1-738d41e95134,Veer Jain,8,Motorcycle,2023-08-11,4.74
1424,DP-64f277a3-b1b9-5d44-b159-83f44d53de42,Ishani Dugal,6,Motorcycle,2025-06-13,5.0
1425,DP-fa0f3d28-c4ff-50f3-aee4-2fa2fd33a97a,Jagdish Brar,6,Motorcycle,2026-05-23,4.75
1426,DP-7e15e3c3-8580-56db-8ebf-7c6247b391e9,Abeer Basak,6,Motorcycle,2025-10-05,4.56
1427,DP-86e83fd8-050a-5c9b-823b-f020bfb2792b,Kamya Murty,2,Bicycle,2026-05-29,3.89
1428,DP-5fd6800f-069b-52cc-8289-2341850d65d1,Anvi Swaminathan,1,Motorcycle,2025-01-23,4.48
1429,DP-98b84128-b576-58ec-802f-f4693d096dc5,Yasti Mammen,23,Motorcycle,2025-05-09,4.31
1430,DP-d7ec511f-def5-5346-b55d-e39b7a0c157c,Tristan Dave,7,Motorcycle,2023-07-06,4.42
1431,DP-490fad76-e639-53d8-98d8-d2c9d8b4a3f4,Pallavi Sridhar,40,Motorcycle,2025-12-23,4.38
1432,DP-1aa9d5d7-b294-5685-915a-e1aab64f324f,Yadavi Palan,13,Electric Scooter,2025-08-12,4.73
1433,DP-72690dae-7d93-5e67-92b9-cdaca68d284d,Owen Shankar,1,Motorcycle,2023-11-21,4.48
1434,DP-b5eec3be-8873-5654-b4ae-d45d93cbd8d4,Zarna Sharma,2,Motorcycle,2024-03-28,4.23
1435,DP-91462406-3716-5909-b612-73efd430de51,Abhiram Arora,3,Electric Scooter,2025-02-18,4.85
1436,DP-497fda32-8436-5437-a633-a93c4d4656b9,Ladli Chaudhuri,46,Motorcycle,2023-01-17,4.12
1437,DP-073acf64-7134-5cda-933c-f2b782b80a67,Janaki Lad,3,Electric Scooter,2025-11-09,4.54
1438,DP-a9638e7c-8730-5d3e-9ae5-0b033fe9b684,Adya Khalsa,9,Bicycle,2023-12-25,4.49
1439,DP-e280b2eb-db74-526c-aa0f-9a6f25debcbc,Urishilla Oza,41,Motorcycle,2023-04-06,4.66
1440,DP-2012429c-abe8-5eef-9883-4b89be29f125,Qarin Tara,47,Motorcycle,2024-02-26,4.94
1441,DP-754be5e9-3641-5974-93b0-ad9bdaee49c1,Shivansh Saini,4,Bicycle,2025-12-02,5.0
1442,DP-bc41f1dd-74f9-585e-84b3-0f535b45ea3f,Janya Rattan,1,Motorcycle,2023-12-16,4.56
1443,DP-71a07e86-f9e7-5d60-9c28-003051e70b73,Shravya Gole,2,Motorcycle,2024-11-19,4.3
1444,DP-d45ca840-a24c-5d93-8189-9dce80eaccb6,Veer Chaudhry,1,Motorcycle,2025-11-01,4.27
1445,DP-89d17e0f-99d0-5a2c-895c-2deb5fba4081,Warinder Sankaran,3,Electric Scooter,2023-02-13,4.27
1446,DP-ffc96341-cfcd-5c8b-b749-d190050d4b72,Rohan Dhingra,11,Motorcycle,2025-08-27,4.64
1447,DP-5c01174a-a701-5bee-be43-54a9aaa0c522,Urvashi Andra,37,Electric Scooter,2024-01-04,3.83
1448,DP-f73a5618-4132-5aa7-8769-10ab5c4e1f42,Oviya Tata,10,Bicycle,2025-06-06,4.1
1449,DP-2d9416bf-898c-5fc9-9dea-e97c25933cf3,Zansi Walla,13,Motorcycle,2023-08-29,4.65
1450,DP-313c00c6-5907-5424-a0fd-4182a7054286,Vidhi Mital,3,Electric Scooter,2023-06-27,4.87
1451,DP-012871a3-cd44-5a06-b4be-104143d6b746,Champak Rao,24,Motorcycle,2025-10-02,4.88
1452,DP-f0c9a434-eb3c-5cd8-9657-7f1b9c25755b,Nihal Bhasin,13,Motorcycle,2025-10-27,4.57
1453,DP-316befa7-e78d-570b-bf2e-b8488b186a77,Aachal Soni,31,Bicycle,2026-06-06,4.82
1454,DP-5219bbd1-8635-5a5b-bc2a-7621f7c7da22,Shivani Natt,42,Motorcycle,2025-05-14,4.94
1455,DP-16ff8942-873b-5257-ad0f-c95d8a954d91,Jalsa Parsa,5,Motorcycle,2024-08-17,4.4
1456,DP-2ba1747b-74c6-569e-8d39-22ddfde40ff1,Hemangini Bahri,2,Motorcycle,2023-09-06,4.9
1457,DP-84f60432-180f-536e-895e-555e918e4bd6,Jairaj Panchal,3,Motorcycle,2024-01-12,3.99
1458,DP-e9b20fa4-cac7-5fc5-b635-a02b0e956e4a,Owen Mane,7,Motorcycle,2025-04-06,4.09
1459,DP-80d428ee-ed35-55dc-b199-0dcb1e60aab7,Ekta Uppal,42,Motorcycle,2024-03-17,4.42
1460,DP-7d711d78-a132-5bdf-9d06-7767afe6156b,Sanya Brar,6,Motorcycle,2024-09-08,3.95
1461,DP-7b16f84c-c034-5427-a8dd-e3153119991d,Bhavini Sheth,22,Motorcycle,2023-08-03,4.74
1462,DP-9f1b8c17-66be-59d4-a299-e9039b5d30d0,Oliver Nazareth,10,Bicycle,2024-07-14,4.35
1463,DP-e1bfd8e2-6452-51f3-a71a-62257029d7d3,Nidhi Bora,3,Motorcycle,2023-10-31,4.49
1464,DP-a8a93fc4-fa5e-599b-85ac-9126d03b4924,Neel Oza,5,Bicycle,2023-05-24,3.51
1465,DP-25b08669-f30e-52c9-96ad-96fbf48609d0,Dipta Nadig,15,Bicycle,2023-06-18,4.5
1466,DP-66da6220-7343-5b04-93ab-cb3c75fe9bf2,Amara Rana,16,Motorcycle,2024-10-23,4.41
1467,DP-43b3ab29-4a79-50bb-8fee-6fdccc6a4614,Sai Patil,7,Motorcycle,2024-04-12,4.27
1468,DP-f3118308-bdae-5b3a-8c3c-32e5b4dcf3ad,Odika Ganesh,3,Motorcycle,2023-05-08,4.72
1469,DP-97495886-7782-55f5-a29d-3781ef6d754b,Arin Dass,19,Motorcycle,2024-10-18,4.34
1470,DP-2a149bf6-eb4f-56c2-b2e8-dfec823a50b0,Zayan Buch,3,Motorcycle,2023-07-29,4.5
1471,DP-3f2f89f4-3eac-5cc1-9a2d-ee8d21cce959,Ojas Ranganathan,41,Motorcycle,2023-01-20,4.66
1472,DP-0ce7047f-6514-5f52-9cc7-a62ad360a9ad,Girish Bhatt,3,Motorcycle,2023-06-19,4.94
1473,DP-a6718b87-eb7a-528b-836c-a7b2cc109677,Chatura Bal,2,Bicycle,2024-07-26,4.91
1474,DP-4d76c813-4609-5b6e-8cfc-9d773867a3f0,Fiyaz Chawla,9,Electric Scooter,2026-05-02,4.37
1475,DP-d17e0456-06b9-5693-ac2b-6dfc12abebbb,Nachiket Chad,9,Motorcycle,2023-11-05,4.25
1476,DP-cbd6163a-74e4-5ced-a2c2-cf5cdf00d7a3,Dayamai Karnik,9,Motorcycle,2023-12-30,5.0
1477,DP-e7c16670-f981-5caf-9e05-60a22786c9b9,Bhanumati Savant,7,Motorcycle,2023-11-06,4.34
1478,DP-f13bd1db-dd9e-5396-8bdd-3799774f2422,Karan Vyas,50,Motorcycle,2024-03-29,4.7
1479,DP-b33f1e1d-e8f3-5f8b-a8b4-5453c8d57cfa,Ayush Banerjee,8,Motorcycle,2025-07-04,3.94
1480,DP-3382107c-7016-5e4b-b95f-7d779f654e60,Eshana Soni,8,Motorcycle,2024-02-15,3.82
1481,DP-2dd9c258-2837-5341-a78d-087059ae12dc,Anita Saxena,7,Motorcycle,2025-04-19,4.56
1482,DP-2f3ca332-47c6-5054-87a8-7d66d0f9ee49,Peter Shan,1,Motorcycle,2026-02-20,4.45
1483,DP-d5b23650-3fb8-51a5-a905-8fa31e50e904,Dayita Palan,12,Electric Scooter,2026-04-22,4.8
1484,DP-405ea9a4-11a4-5db2-8b68-daa89c705024,Utkarsh Chakraborty,3,Motorcycle,2024-12-19,4.27
1485,DP-924fe03f-e7bd-5759-8025-d2193a14932d,Darika Pau,14,Electric Scooter,2025-06-29,4.63
1486,DP-ab16417b-bdff-5203-9205-224d7d308398,Abha Dugal,1,Motorcycle,2026-03-18,4.78
1487,DP-99464911-2b21-5e64-a7ae-9e1ab671da86,Advaith Acharya,47,Motorcycle,2025-09-30,4.29
1488,DP-1440da03-c098-525c-b22a-debeb29e94d6,Hemangini Mangat,8,Motorcycle,2024-01-18,4.42
1489,DP-abed8a19-eb3b-5ff0-bbd2-a9c815be3130,Abhiram Swamy,35,Motorcycle,2023-06-18,4.15
1490,DP-20acc050-013a-5e08-ac71-15fac8d1de2c,Chandani Andra,8,Motorcycle,2023-05-27,4.81
1491,DP-04a001cd-6d1a-5dc2-bdcb-47165355386f,Brinda Kashyap,1,Motorcycle,2026-01-30,4.72
1492,DP-8b09e61e-ed10-5f8f-b283-6ba1c1d9cd77,Kashvi Gulati,26,Motorcycle,2024-12-10,4.75
1493,DP-8dc15651-a588-58e8-aa08-c2485a9da795,Rajeshri Rana,14,Electric Scooter,2024-01-14,4.45
1494,DP-e312fa8e-07c4-5b0e-81ca-97dc85a093b3,Nihal Ramakrishnan,23,Motorcycle,2024-03-16,4.72
1495,DP-9cfe4133-c3af-550f-b928-da838b8aa6a5,Thomas Lall,7,Motorcycle,2023-12-26,3.63
1496,DP-ec2a7dc7-ef73-58f0-8258-5c844a255c0f,Pahal Khatri,14,Motorcycle,2025-10-20,4.48
1497,DP-6e4d23b2-5983-59a7-ab1d-01721cdbe777,Bhavani Wali,30,Motorcycle,2025-02-20,5.0
1498,DP-42f4b7c4-cb7e-5667-a7e5-5f518ac5adf5,Nitara Guha,14,Motorcycle,2026-01-27,4.53
1499,DP-758962c9-189d-5ba4-9d14-33b9c075ff6e,Qabil Deshpande,5,Motorcycle,2024-01-21,4.89
1500,DP-74cec536-cdbf-5fe4-87d2-30310aea19f2,Indrajit Shah,15,Motorcycle,2024-08-26,4.45
1501,DP-c2b71755-18de-592d-9170-96bd573fd737,Anita Swamy,16,Bicycle,2023-06-05,5.0
1502,DP-0fcf04a8-bc02-5669-82ff-1f013f314035,Ekani Bahl,44,Motorcycle,2026-05-24,4.25
1503,DP-b6225757-55b8-56ec-9321-2f0689398378,Chandran Warrior,6,Motorcycle,2024-10-15,4.68
1504,DP-77927bad-7056-5cf4-aece-4564f4386365,Quincy Chaudry,7,Motorcycle,2024-12-06,4.31
1505,DP-e6dc9e97-78ab-5d12-aa5b-cb549f82b473,Amruta Dass,25,Motorcycle,2024-06-11,4.62
1506,DP-9779076a-9968-5a78-9440-3a7d109063b8,Abhiram Kaul,9,Motorcycle,2023-12-12,4.34
1507,DP-4d58fdcf-af4c-5b22-b59f-eb727125aca7,Matthew Aurora,20,Motorcycle,2026-04-25,4.53
1508,DP-c1a24d76-a32a-5115-9964-feb8a961cb1c,Teerth Oommen,8,Electric Scooter,2024-09-15,4.39
1509,DP-a0c3544c-f89a-5734-9c23-d0d967e2e4c7,Devika Tara,3,Motorcycle,2025-05-11,4.76
1510,DP-72fd83d3-4ebd-55bf-b518-dc82282b0b0b,Ubika Balay,20,Motorcycle,2023-02-17,4.69
1511,DP-783d00fb-943b-5a29-b201-43ff5db01562,Faris Dhingra,2,Motorcycle,2023-12-19,4.3
1512,DP-47f0c3cf-e778-5dce-9717-7c397bc4a8d2,Amaira Ramanathan,3,Motorcycle,2025-10-22,4.29
1513,DP-48689133-59d4-5a29-8264-e65666b3bd7e,Upma Golla,13,Motorcycle,2023-04-23,4.22
1514,DP-40a847ca-ef22-5ce1-a3ee-d5f1a60bafbd,Zashil Raj,20,Motorcycle,2023-05-10,4.16
1515,DP-a578b939-0b0b-5312-b826-a5c49d9bdf7b,Jairaj Kothari,35,Motorcycle,2025-10-30,4.79
1516,DP-b87745e8-86d2-59cd-ac83-52ad3caac74a,Saanvi Kota,4,Motorcycle,2024-01-29,4.21
1517,DP-c6ddabbe-7598-5efa-a8de-193e7494a4c9,Rushil Sharma,2,Motorcycle,2023-12-16,4.65
1518,DP-4bb46115-7a64-5c34-8960-27e31fc93a67,Sathvik Solanki,43,Motorcycle,2024-12-22,4.36
1519,DP-4680679a-0062-5340-a055-181537dc5a32,Devika Naidu,2,Motorcycle,2023-09-06,4.88
1520,DP-db606646-67a5-508f-95b6-2f6c07985fa2,Brijesh Verma,3,Motorcycle,2023-02-24,5.0
1521,DP-e1da9462-4ae5-5fb6-8c32-4f3eb5755874,Zehaan Srivastava,4,Motorcycle,2023-01-06,3.55
1522,DP-ea03ea97-df38-59f9-b5b2-316449f7fddb,Rushil Patel,10,Motorcycle,2023-04-12,4.25
1523,DP-195ed129-b00f-544b-96c1-a6357b19fadd,Tejas Chowdhury,33,Motorcycle,2023-07-22,4.35
1524,DP-f8269bc4-0d79-5966-b311-0163c0cb34f2,Radha Nair,21,Motorcycle,2025-06-07,4.46
1525,DP-524006d7-2652-5f8c-a160-e7873ddee1d5,Oliver Majumdar,18,Electric Scooter,2024-01-16,4.44
1526,DP-b0cb76ac-18b1-5ec7-b60c-c113957277fd,Meghana Kibe,3,Motorcycle,2023-04-02,4.09
1527,DP-d994ddfb-4391-5d8c-922c-b187ce4f02d0,Brijesh Soman,6,Motorcycle,2023-01-19,5.0
1528,DP-ead0146f-6b4c-5a98-83c1-4cde3868660e,Kamya Chakraborty,8,Motorcycle,2024-08-31,4.45
1529,DP-3c18cc48-da76-5784-ad53-d67d2225973f,Nakul Tata,2,Motorcycle,2025-12-08,4.69
1530,DP-ee6cf128-4f15-571b-a26a-0918deeef1aa,Hamsini Bhasin,4,Electric Scooter,2024-03-08,4.7
1531,DP-6788edd3-7192-5f16-98aa-46469207856f,Ishani Dube,5,Motorcycle,2023-03-23,4.02
1532,DP-8919b8e3-8252-5db2-9de3-656fcd7b1280,Jeremiah Sura,2,Motorcycle,2023-10-19,4.41
1533,DP-6b9c32ee-9fa2-5927-95b2-7efb278d1871,Edhitha Palan,10,Motorcycle,2024-09-29,4.79
1534,DP-75b3f811-5443-522d-aee3-50fb02db9464,Reyansh Bail,18,Motorcycle,2023-08-29,5.0
1535,DP-fa8a6ca6-0c74-58d6-b01d-edcadcbb02fb,Ishita Desai,1,Motorcycle,2026-06-02,4.41
1536,DP-d9ed1277-386d-5e85-ba78-a8c5568c7a28,Balveer Sundaram,8,Electric Scooter,2025-09-01,4.07
1537,DP-e832050c-af82-5dc5-a524-80c2feffd907,Chaitaly Suri,23,Motorcycle,2024-03-15,4.33
1538,DP-dfdc46cc-ba1e-53fc-8236-5eaaca2c271e,Rachit Pall,20,Motorcycle,2026-04-29,4.4
1539,DP-5d71cd8c-ca25-5d27-be4b-b293fcf511b1,Upadhriti Maharaj,25,Motorcycle,2024-02-19,4.39
1540,DP-4bc5ade4-9974-542e-9761-32642b13b376,Ekapad Wali,8,Motorcycle,2023-06-28,4.23
1541,DP-8dd9d6c5-8dbf-5d1c-8dfb-2344a34a056b,Shivani Merchant,26,Motorcycle,2026-04-12,4.04
1542,DP-6f1a35f0-d87a-59fd-a66d-93bed1e25a47,Jeevika Setty,4,Motorcycle,2026-05-09,4.14
1543,DP-3e9692b8-7901-516a-af36-1dad80e872d5,Yashawini Raghavan,6,Motorcycle,2024-02-03,4.33
1544,DP-9c8116f4-bc11-5578-93bf-355bdc99cb58,Anirudh Patla,3,Motorcycle,2025-01-28,4.78
1545,DP-b92226ce-86cf-50a6-a3be-7b052de01cca,Ekani Bhatnagar,8,Motorcycle,2023-08-10,4.92
1546,DP-6b4e696e-621a-5c21-95a6-21f656819dfc,Ranveer Viswanathan,6,Motorcycle,2025-03-29,4.56
1547,DP-ae4f5964-ccc1-5498-9bbc-78fba9a0f183,Mitesh Mandal,4,Bicycle,2025-05-30,4.15
1548,DP-e936869e-cab7-54c0-b906-ed19acf366b0,Nimrat Nagy,21,Electric Scooter,2025-06-24,4.35
1549,DP-9629bd19-8a99-50a5-ac8a-6cdac6e2bf08,Gopal Virk,5,Motorcycle,2024-12-26,3.83
1550,DP-8b78f445-9508-5450-bc5d-2ecdda6a28e8,Caleb Dayal,4,Motorcycle,2025-06-17,5.0
1551,DP-118581bb-2bc2-5a68-97ac-b24b63bfad6c,Azad Jaggi,2,Motorcycle,2024-12-09,4.3
1552,DP-55421dc2-dd02-57ec-9e81-2d8ce096cb4d,Vedika Handa,7,Motorcycle,2025-11-12,4.66
1553,DP-a6e6ab69-f336-5f0e-981e-e2d0f6ac09b4,Azad Rama,5,Motorcycle,2023-08-18,4.89
1554,DP-26e4c167-15fe-5a47-b906-6aca1491a2b4,Aahana Bawa,6,Motorcycle,2024-09-08,5.0
1555,DP-3892d0cc-b1af-5511-9546-872099660cc2,Timothy Bobal,3,Electric Scooter,2024-06-15,4.82
1556,DP-f79e9446-d28c-57f4-ba67-42c604e4d7c1,Sathvik Swamy,21,Motorcycle,2024-11-11,4.38
1557,DP-420bdbd6-b3dc-5609-af91-54c04b5c6138,Upadhriti Bhat,40,Motorcycle,2023-07-01,4.71
1558,DP-e66b3c45-8ef9-566a-b732-d4aa654b7062,Ojasvi Pillay,9,Bicycle,2024-02-18,5.0
1559,DP-d83b3030-20a0-5042-8135-2a9b92780a2d,Amaira Wadhwa,14,Bicycle,2026-05-02,4.29
1560,DP-ab620479-bc47-512b-afb7-c104b99bd247,Ekavir Modi,31,Motorcycle,2023-05-15,4.02
1561,DP-1bf9f579-64db-5166-914e-90963aafc392,Tarak Venkataraman,50,Motorcycle,2025-03-21,4.23
1562,DP-b558a070-389f-59a1-bca4-a50178282a1b,Harrison Kashyap,13,Motorcycle,2025-04-28,4.68
1563,DP-c6aafed7-eea8-596b-9eaf-a07ac6a13791,Ranveer Hans,34,Motorcycle,2024-08-28,4.39
1564,DP-042df716-d3c0-5c6b-9cfd-0d021c268727,Praneel Sagar,37,Motorcycle,2023-02-12,4.49
1565,DP-6511d078-ae8a-50ff-a0f3-f9e2fc601667,Ishita Shanker,24,Bicycle,2023-02-13,4.74
1566,DP-4336af16-4d01-5201-a63f-ffe4fe9eac1c,Hemang Ganesan,8,Motorcycle,2023-12-18,4.22
1567,DP-30a81587-9ec3-5184-b1f9-24995ccbd895,Neelima Thaman,1,Motorcycle,2023-05-11,4.48
1568,DP-d2510421-87fb-5259-bdca-332d77898438,Nakul Walla,1,Electric Scooter,2023-05-01,4.34
1569,DP-d330ceaa-c4e4-5045-90dc-4b7166768c70,Indira Murty,8,Electric Scooter,2023-07-24,5.0
1570,DP-dc3239ee-cdf6-5a00-8d56-d7318d9294bc,Kamya Sachar,9,Motorcycle,2023-09-01,4.81
1571,DP-055d058f-beda-5bb1-a9fe-be4c64ba52bc,Ekiya Khosla,7,Motorcycle,2025-12-05,4.39
1572,DP-f9b6110d-34f8-5a7d-ad85-542ebc6a0a53,Keya Kumar,11,Motorcycle,2025-03-26,4.38
1573,DP-f9314f7a-7f26-5202-a523-14fa7b6c5576,Sneha Sem,10,Motorcycle,2023-02-08,5.0
1574,DP-875d66c4-a217-5d13-b1b1-f1a0b19d6184,Aadi Banerjee,28,Motorcycle,2025-03-12,5.0
1575,DP-5fd5414e-1466-5f95-b728-1082d2ce5dac,Amol Vasa,2,Motorcycle,2023-06-24,4.68
1576,DP-fa300125-87d3-51ce-8b2f-367566e741ff,Chasmum Ahuja,3,Motorcycle,2024-06-21,4.51
1577,DP-42744185-f86b-52df-9b07-1b695270a70d,Tristan Kala,24,Motorcycle,2023-02-18,4.09
1578,DP-75d7926c-e3af-5f9e-9d0b-ed76da9274e3,Anthony Majumdar,29,Motorcycle,2023-04-26,4.23
1579,DP-9a2a9e67-6290-573f-b2ca-a479cd4ffdcf,Girindra Barad,50,Electric Scooter,2023-06-19,4.07
1580,DP-ed816c76-2c48-50e3-94db-759265f6c159,Ishani Dugal,32,Electric Scooter,2024-07-06,4.9
1581,DP-a7dff7e7-c554-5765-a2bf-e35fc01c6f28,Alka Peri,34,Motorcycle,2024-08-13,4.1
1582,DP-5438ed51-472e-5b84-8ac9-1d7988caf033,Viraj Kunda,5,Motorcycle,2024-03-26,4.37
1583,DP-2eae2a93-931f-589f-aff4-f110cca30dd8,George Ratta,6,Motorcycle,2025-03-02,3.88
1584,DP-9583976a-5895-5fe3-82f7-c2a41bf26430,Faras Nair,4,Electric Scooter,2025-07-08,3.99
1585,DP-9a022f71-9c38-5ed7-8eb1-16e4cc4862d4,Oscar Sura,12,Motorcycle,2025-07-18,4.76
1586,DP-77195a06-3a09-5d4d-b665-f9532807938e,Charita Barad,41,Motorcycle,2025-01-08,4.62
1587,DP-c1b752e2-8215-5bc3-b420-73981b22f570,Farhan Bhalla,5,Motorcycle,2024-11-27,4.52
1588,DP-ae0b3ce9-5df4-5766-8b75-fda153eb5130,Ijaya Saraf,10,Motorcycle,2024-09-19,4.38
1589,DP-dff7cfe5-5599-5c36-9564-07d8475f909c,Jai Karan,4,Motorcycle,2023-10-31,3.95
1590,DP-c487d27d-115e-5396-bc33-61516795227a,Lavanya Bhagat,3,Motorcycle,2024-09-13,4.33
1591,DP-d3db06d8-e0ca-558d-a7ee-f1702ebfb259,Benjamin Nagar,3,Motorcycle,2023-01-13,4.46
1592,DP-4af74253-e951-5518-883d-2135fa3d0b55,Eta Thakkar,1,Bicycle,2026-05-17,4.73
1593,DP-8e5c7681-f9f3-53c3-941d-f942ac53881e,Michael Bedi,42,Bicycle,2024-04-17,4.88
1594,DP-005e0697-5f32-5de2-9548-62c119fe8a7b,Sanaya Thaman,7,Electric Scooter,2025-08-23,4.77
1595,DP-97844e60-d823-5410-9d5c-eccdc31112c9,Tristan Sankaran,27,Motorcycle,2026-05-05,4.62
1596,DP-40a24acf-62eb-51da-91f2-7d3464b66242,Meera Divan,16,Motorcycle,2024-09-26,4.52
1597,DP-7e5c6cf6-2d5a-5d15-ab87-89216ce5eedc,Gayathri Butala,3,Motorcycle,2026-01-04,4.59
1598,DP-b2073e98-7461-5625-9441-a63e7c599882,Chandran Rastogi,3,Motorcycle,2024-09-03,4.31
1599,DP-3cea5c1d-9ba3-56d5-b4f2-aa28ecbe1c2b,Frederick Rastogi,25,Motorcycle,2023-06-18,4.55
1600,DP-153796aa-5e4d-50ca-922e-aacef11db495,Kalpit Deshmukh,4,Electric Scooter,2023-02-03,4.45
1601,DP-4f5e863c-5b47-5be0-a0c3-2630174d4431,Rudra Sura,37,Bicycle,2023-06-23,5.0
1602,DP-ce028852-b963-5bf9-8406-6c947db9ba02,Rohan Viswanathan,2,Motorcycle,2026-04-17,4.6
1603,DP-efb86273-bcdd-5856-acd7-a527bfffe2be,Xavier Bora,16,Bicycle,2024-08-29,3.81
1604,DP-30807c69-5451-594a-949a-44108fc60d3f,Qushi Naik,25,Motorcycle,2024-02-12,4.36
1605,DP-91b66ac3-2aba-55f7-b455-6fd8850901bf,Isaiah Sachdev,3,Motorcycle,2024-07-23,4.42
1606,DP-1c08a52a-07cc-51d4-be7c-69a9fff4932d,Jasmit Pall,4,Electric Scooter,2023-11-23,4.82
1607,DP-15c53c59-df6d-5d92-87fb-7be5b93d0961,Ekani Padmanabhan,45,Bicycle,2026-01-15,4.64
1608,DP-d3d4ebcc-e4cb-5132-ac5a-8c6610ece075,Dalaja Gara,4,Motorcycle,2026-06-29,4.62
1609,DP-30e66102-3bc2-5401-97b0-7dcc7e5721aa,Riya Dhingra,7,Motorcycle,2023-04-19,4.98
1610,DP-401d08fb-6676-5ac9-8e4e-9f77f06d7aba,Chaitanya Kaur,7,Motorcycle,2025-07-06,5.0
1611,DP-90e0d09b-8c3f-595a-9ee4-931f7a631633,Kashvi Dugal,4,Motorcycle,2024-03-04,4.76
1612,DP-27de077c-ab10-50fe-9366-f8d1081be902,Isaiah Bhagat,22,Motorcycle,2023-03-02,4.39
1613,DP-ee87cfc8-287c-5fc3-b53b-bb9cac156d9f,Manbir Mani,22,Motorcycle,2026-03-22,4.4
1614,DP-79ad5575-d091-510a-820c-5729297e0353,Hemal Choudhry,6,Electric Scooter,2023-03-20,3.43
1615,DP-42555a8a-c798-522a-abcc-13156d38eeea,Shivani Sinha,28,Motorcycle,2023-09-20,4.93
1616,DP-4f2c0ce7-a2db-5aec-8d58-9402e9c05da7,Garima Kadakia,3,Motorcycle,2023-02-02,4.39
1617,DP-bc0a33d8-a7d5-58a4-b1ac-4723c66490ff,Samar Virk,1,Motorcycle,2024-08-24,4.49
1618,DP-6a77702d-0162-5515-bac8-022603873efe,Vasudha Dhaliwal,11,Motorcycle,2025-02-04,4.35
1619,DP-81289b4a-f9a6-56a2-9c33-5d7a41e49654,Krisha Vyas,49,Motorcycle,2024-02-14,4.15
1620,DP-0d19ebda-7a1a-562e-a802-daf6767d456c,Aadhya Garde,1,Motorcycle,2023-04-02,5.0
1621,DP-14609f70-3c5d-56e5-aef2-dc6192525fda,Bhanumati Iyer,3,Motorcycle,2023-05-29,4.5
1622,DP-836692da-e9b1-5e7e-9817-c42dc9c6695e,Chatresh Shroff,9,Motorcycle,2026-04-06,5.0
1623,DP-672f37c1-b623-5f81-89f6-92d016efc157,Ekalinga Rama,25,Electric Scooter,2025-10-25,4.4
1624,DP-532f52f5-391f-5868-b024-978bc655e0e7,Jagvi Chokshi,2,Motorcycle,2026-04-10,4.3
1625,DP-e2011964-4696-520c-bd60-419b62072484,Brinda Raju,6,Motorcycle,2024-11-08,4.73
1626,DP-c7856452-1824-539f-b2d0-3b613603d0e6,Lajita Trivedi,20,Electric Scooter,2024-11-27,4.88
1627,DP-1f394c30-d4d3-562a-b5a2-96b39e217b1a,Diya Sundaram,6,Motorcycle,2025-09-29,4.91
1628,DP-92de98b1-a769-52c3-a806-53571cd6dba1,Quincy Issac,3,Motorcycle,2025-02-25,4.45
1629,DP-1e863513-0e56-5f7a-a94e-c1edbb3face8,Anthony Baral,3,Electric Scooter,2024-07-10,4.77
1630,DP-0431eeef-edde-5318-a2ee-8cc77a41f418,Dalaja Nath,7,Motorcycle,2024-01-08,4.33
1631,DP-60ee7fd1-1a34-5e69-a96e-9c855b6a9718,Maya Dugar,8,Motorcycle,2024-09-11,4.54
1632,DP-a6926fdb-acae-5a6a-aa06-0b8c542d5eeb,Idika Pandey,31,Bicycle,2023-03-23,4.42
1633,DP-8e29cd4c-87dd-52e3-80b8-74afab99046e,Chasmum Keer,14,Motorcycle,2023-09-03,4.37
1634,DP-9ab6969f-8bb9-5aa4-bb7f-514d3952337f,David Kurian,17,Motorcycle,2025-07-29,4.56
1635,DP-09a87788-05d6-5bcb-a7ad-c5f09fd3c4d9,Ayushman Mammen,48,Motorcycle,2026-01-12,4.14
1636,DP-b5bf99b3-fd22-585b-89e7-840f45a88a9c,Max Om,7,Motorcycle,2023-05-10,4.85
1637,DP-e73976a5-ca7a-5d92-bbc4-c43ca6c9eef6,Laksh Chahal,7,Motorcycle,2023-05-04,4.37
1638,DP-6034b751-fe62-5c22-a97a-35715266febc,Utkarsh Sahni,39,Motorcycle,2023-04-20,4.83
1639,DP-f693976b-eeb7-50d3-a693-7bd598869cd9,Michael Sandhu,4,Motorcycle,2025-10-07,4.2
1640,DP-040973c1-0b3d-5e12-b168-7f3b2592c714,Forum Sen,19,Motorcycle,2024-02-02,4.37
1641,DP-498d75ff-6147-5789-9305-a73cdbab892d,Samuel Devi,21,Bicycle,2024-02-21,4.14
1642,DP-faba4cba-b51c-57d1-9036-eae45c52c223,Lakshit More,2,Motorcycle,2023-01-16,4.13
1643,DP-4f2a9a9f-ad4d-5b20-9c80-0274465755ab,Qushi Dhillon,8,Motorcycle,2026-05-26,4.24
1644,DP-f441d9fe-050c-5703-aaf7-cc4ae9ec1b57,Eesha Bir,3,Bicycle,2024-07-07,4.21
1645,DP-77a4a198-1324-55f3-9bd6-44ab67644b6e,Qarin Nadkarni,3,Bicycle,2025-10-14,4.14
1646,DP-85fa9781-59a8-5d36-8cde-4b0c46540bb3,Ayushman Nagar,8,Motorcycle,2025-06-22,4.52
1647,DP-1c849598-318e-538e-813d-5756da9632ad,Nisha Mitter,4,Motorcycle,2023-06-30,4.72
1648,DP-cc8e07b2-7c3d-5564-b004-4de5c0a65004,Anusha Doshi,24,Motorcycle,2025-10-19,4.74
1649,DP-d92095dd-c3f1-5a7b-be96-152709d40e31,Hredhaan Deep,37,Motorcycle,2024-12-03,3.93
1650,DP-75e2fa82-a286-5a1c-85d7-82d551caeb3f,Atharv Loke,25,Bicycle,2025-02-10,4.42
1651,DP-1b081a79-5bde-5d8f-8adf-a60b1fdff6ef,Vincent Kashyap,4,Motorcycle,2023-09-13,4.38
1652,DP-12fa5167-619d-5a7c-afda-b65ff62ab7a1,Jagrati Buch,4,Motorcycle,2025-12-16,4.99
1653,DP-93fe1195-db38-5682-af55-d7fe2808b828,Krish Thakkar,4,Motorcycle,2026-04-03,4.43
1654,DP-02dcd7e7-c31b-575f-bee6-9188b331349a,Kashvi Gour,2,Motorcycle,2024-06-02,4.49
1655,DP-cf9d3e01-a737-5d49-bd34-7f03dd024c10,Vyanjana Som,42,Motorcycle,2023-04-29,4.03
1656,DP-a69861dc-3e04-59ce-a37c-06e67cc310d9,Nihal Hans,6,Motorcycle,2025-12-19,4.24
1657,DP-a5119eaa-1983-5e04-8382-37133bc9280c,Bachittar Rege,3,Motorcycle,2026-02-06,4.01
1658,DP-26d25779-7e82-5822-b7ad-1bd7a3682e67,Anamika Sachar,29,Motorcycle,2024-10-08,4.54
1659,DP-68aca241-df5c-5719-9f23-d3415209b7d4,Samaksh Jayaraman,6,Electric Scooter,2025-01-08,5.0
1660,DP-9dc00bb8-fc2f-5d74-8218-b1829f14d5a5,Peter Sarna,1,Motorcycle,2023-10-12,4.25
1661,DP-a1a7b230-d178-5d36-b92a-c4ec2ff83af2,Ekta Shankar,3,Bicycle,2023-03-28,4.43
1662,DP-7c43b2d0-b43b-5916-baf6-e734016a77a7,Prisha Ravel,14,Motorcycle,2026-04-19,4.21
1663,DP-cc9ff06a-9fd2-5886-80ca-9f841a7015b1,Lajita Munshi,23,Motorcycle,2024-09-08,4.3
1664,DP-63ccb0c1-8b5d-537a-94e6-fdb647fe5ba5,Balvan Verma,3,Motorcycle,2023-12-17,4.55
1665,DP-d16ef21c-098f-5e7b-8469-8d7e3322d4dc,Siya Shan,38,Electric Scooter,2025-06-03,5.0
1666,DP-811bd0ea-96c4-52e9-a9a8-17d3bfb25b11,Yatan Venkataraman,29,Motorcycle,2023-02-03,4.98
1667,DP-0f6ed7b8-d10b-5e5a-b382-0853566c6023,Balveer Ram,29,Motorcycle,2023-04-13,5.0
1668,DP-32345d51-ebd6-523b-a350-1741038d8a9b,Ranveer Manne,3,Bicycle,2023-11-06,4.83
1669,DP-1c9b5fbe-7322-5e09-bfcf-363b2fa0da88,Mitali Modi,1,Motorcycle,2024-07-29,4.43
1670,DP-25162aa1-540f-59bf-8032-480245aaad87,Triya Ganesan,31,Motorcycle,2024-04-12,4.38
1671,DP-67a1c35c-a460-5644-8097-9d486df41a91,Chaitaly Bhagat,5,Motorcycle,2023-08-28,4.25
1672,DP-3923b60e-43f0-5ea5-b1e7-b48f77c831c9,Ubika Seth,13,Motorcycle,2024-03-24,3.68
1673,DP-5cda6def-68b8-5225-a3be-e646e5b02e57,Xiti Chowdhury,21,Motorcycle,2024-03-02,4.42
1674,DP-ede0c392-591e-5ba2-a23f-86004cd257e6,Krishna Ramaswamy,2,Motorcycle,2024-10-31,5.0
1675,DP-98f1fb3a-640e-5de8-8360-0282528687b0,Ekiya Seshadri,23,Motorcycle,2024-12-19,5.0
1676,DP-3d13976e-54b4-5572-9b11-22d0dccb2949,Praneel Setty,41,Bicycle,2026-01-31,5.0
1677,DP-98a4b5db-0b19-543f-ad52-b146a5c5aefc,Suhani Chana,19,Motorcycle,2025-10-26,4.57
1678,DP-5b94581d-6f0a-5d09-b7da-6fa0fa7903aa,Ekiya Gade,7,Motorcycle,2024-01-09,4.09
1679,DP-d9b27056-1c44-5ddb-b684-bbf9502e38a3,Gavin Comar,33,Motorcycle,2026-02-25,5.0
1680,DP-9441bddd-8697-5127-8c9c-049bbbd90418,Janani Chada,10,Electric Scooter,2024-10-26,4.7
1681,DP-05174bb1-08f6-5e03-a724-79ef10ac4cdb,Yasti Dutta,20,Bicycle,2023-08-28,5.0
1682,DP-3ae2574e-bb94-5b2d-b767-e175218e61bb,Lajita Bassi,26,Bicycle,2024-03-10,5.0
1683,DP-e031da07-2689-53bb-bb9d-66e30cb3defd,Gautami Doctor,20,Motorcycle,2025-08-04,4.34
1684,DP-f8c458b2-6433-5aa6-8fe2-43d6f97e92c9,Maanav Gola,4,Motorcycle,2025-11-14,4.12
1685,DP-705babd3-f1c2-5f35-a351-aeca4abe5ce5,Oni Morar,2,Motorcycle,2024-04-22,4.11
1686,DP-a4ee48db-41e0-560b-b45c-d79badfdc81e,Sanaya Mani,4,Electric Scooter,2023-07-21,4.27
1687,DP-2c9e508f-a45c-5ef9-82fa-8fc7b333fc5a,Jacob Deep,9,Motorcycle,2023-09-02,4.32
1688,DP-4c306131-7f29-503c-b7c1-d5c3f3dc60b6,Aarush Kulkarni,9,Motorcycle,2023-05-13,4.4
1689,DP-171bac0f-581e-5955-b058-a62ac6d009e8,Tara Tank,11,Motorcycle,2025-06-10,4.74
1690,DP-94880c6e-2789-5fdf-8847-83e1a0d3bd01,Abdul Tak,6,Motorcycle,2024-10-03,4.39
1691,DP-0b339126-dd3c-5f27-9f12-fd50667df9f7,Teerth Soni,23,Motorcycle,2024-07-29,4.53
1692,DP-c4338a31-ca9e-58e0-b479-c5eab6ecc8ba,Nimrat Sathe,37,Motorcycle,2025-05-07,3.99
1693,DP-1cf9682a-3726-5e62-ba5d-d511dd120ded,Abeer Konda,4,Electric Scooter,2025-11-23,4.25
1694,DP-15e3ee46-d594-52cb-b2db-3b6e42ef6735,Sarthak Bawa,20,Motorcycle,2025-10-12,4.23
1695,DP-e45f220d-9753-5718-979f-fcb6f17bede7,Manbir Bhakta,16,Motorcycle,2023-06-24,3.94
1696,DP-50a82da1-7a9f-5aeb-99cb-030df1074dcb,Balhaar Dhillon,9,Motorcycle,2025-01-22,4.38
1697,DP-ba829082-6c14-5c15-9da7-8fc794115a61,Chanchal Narula,3,Motorcycle,2026-01-31,3.99
1698,DP-fce3d529-7481-5918-b6ab-4c177c5ba5bc,Chandran Chopra,24,Motorcycle,2025-09-14,4.36
1699,DP-3fd91b53-c9a9-56b8-9c29-c43c6271fcd0,Pranav Edwin,44,Motorcycle,2024-02-25,4.55
1700,DP-138197ba-a8ae-570b-87a9-0a6a0d47d117,Peter Shah,19,Motorcycle,2024-05-16,5.0
1701,DP-5ac4b217-9249-535d-9d58-beb288de0524,Balendra Chander,38,Bicycle,2026-02-09,4.22
1702,DP-ce421bf0-57b2-5741-9dc8-725fb087cafd,Ekantika Pillay,48,Motorcycle,2023-02-11,4.54
1703,DP-334c32c8-e8e4-5500-a3b9-b5da453485c0,Ekansh Sane,5,Motorcycle,2024-11-01,4.29
1704,DP-3b0d10db-4961-52db-bd2c-566315431006,Brinda Sinha,14,Motorcycle,2023-05-29,3.97
1705,DP-3125c3eb-c99f-5ba2-b77c-08d660b13986,Jairaj Maharaj,8,Motorcycle,2026-02-15,5.0
1706,DP-6ae54d70-8cb9-5538-99d2-d820309feddd,Odika Vohra,48,Motorcycle,2023-02-19,4.57
1707,DP-e7e1b82c-7f8b-53bf-a740-31c7473d6261,Shaurya Bhardwaj,2,Motorcycle,2023-01-30,4.68
1708,DP-84f29f51-b3e2-545a-9e5b-18915943100d,Gagan Sule,7,Motorcycle,2024-02-24,5.0
1709,DP-31d37f3f-012a-5b7c-aa8d-723be49836f4,Prisha Nadig,32,Motorcycle,2023-09-13,4.36
1710,DP-1b2f9b54-e84e-5320-a420-ad71d4b23cec,Irya Dayal,4,Motorcycle,2024-09-24,4.08
1711,DP-bda02006-9892-5691-83fb-a225f323361a,Zinal Tank,23,Bicycle,2024-01-18,4.21
1712,DP-e0e09d9c-ef6d-578f-9126-285b00ebb5e9,Pranit Kaul,6,Motorcycle,2024-03-30,4.05
1713,DP-541333a6-4734-572d-8595-794739d3535e,Rishi Agarwal,47,Motorcycle,2024-12-21,4.9
1714,DP-d44f18f1-bb90-58bb-9449-fa30648f6293,Arjun Shroff,33,Motorcycle,2024-12-16,5.0
1715,DP-84596971-eb49-50d4-a7d3-d8b200a45e2b,Sarthak Sachdeva,5,Motorcycle,2026-04-07,4.55
1716,DP-decb6955-56db-53dd-9f0a-946b660c3c4c,Chakradev Nath,22,Motorcycle,2024-09-05,4.75
1717,DP-6d635334-6681-5f41-9a1d-9db4c3c7b6ee,Simon Apte,5,Motorcycle,2024-12-20,4.85
1718,DP-47c809d4-964c-588f-8940-eeac42f6dde0,Baghyawati Kumar,12,Motorcycle,2025-05-15,5.0
1719,DP-a8fa44ab-4115-522b-9c1c-80ecbd0dbdb4,Darika Mital,15,Motorcycle,2023-08-11,5.0
1720,DP-1de726cc-cb29-552d-b27c-e36f9bba03eb,Abeer Comar,27,Motorcycle,2025-05-01,3.87
1721,DP-d7e657a4-fe65-5ab3-a3a1-daed8dc343f9,Harita Randhawa,1,Motorcycle,2026-01-04,4.3
1722,DP-b74351e7-baaf-525e-bbf2-8a81be8b67fa,Parth Hari,3,Motorcycle,2024-02-10,4.51
1723,DP-bce6e009-7461-52ff-acff-2d0c60ecd9ba,Hamsini Srinivas,18,Motorcycle,2023-08-16,4.26
1724,DP-386243d9-9a1d-566e-8441-269dc916427b,Balendra Deshpande,11,Motorcycle,2024-03-17,4.41
1725,DP-4194b009-99f2-5fd8-bd7b-c639e138e5f4,Nachiket Sharma,9,Motorcycle,2023-12-17,4.65
1726,DP-2f1715b8-f807-51a4-b41d-a830a2720ad6,Turvi Sachdev,1,Motorcycle,2025-01-16,3.74
1727,DP-4c847f18-3c02-5372-b740-b4757e7517cd,Chandani Mutti,5,Bicycle,2026-01-07,4.64
1728,DP-0f7a24e2-f499-5cab-9656-534266ae0380,Sathvik Narula,31,Bicycle,2025-01-31,4.84
1729,DP-bdbc1b83-04e7-5430-8caa-9b5761719ace,Dominic Dixit,1,Motorcycle,2023-06-10,4.52
1730,DP-f496d585-3d16-511f-b8c2-f1748baef019,Azaan Nori,6,Bicycle,2024-02-06,3.7
1731,DP-3fc3037c-d7a6-5034-a507-ccbee8892b6d,Noah Ramachandran,42,Motorcycle,2025-05-29,4.38
1732,DP-0c9be796-2e61-536e-afcc-4614aa3878d3,Jackson Morar,1,Motorcycle,2024-02-26,4.62
1733,DP-a6169b98-fe1d-5f49-8503-f43627ba55c2,Azad Magar,20,Motorcycle,2025-01-18,4.86
1734,DP-8b00cc8b-8d06-5e68-afe9-9ff2da7bca9d,Gabriel Taneja,4,Electric Scooter,2025-06-04,4.81
1735,DP-0266b4d4-ae2e-5601-a53b-c2af16a9a385,Kamya Seth,31,Motorcycle,2024-02-25,4.47
1736,DP-ea58d5b6-93f6-5c60-86a6-ffd00db45659,Tarak Vohra,20,Motorcycle,2025-04-06,4.28
1737,DP-342c9ea8-278d-590e-873f-5d11ebcde671,Parth Choudhury,34,Motorcycle,2024-05-22,4.49
1738,DP-a8c9b278-73d9-5b91-8f8d-26ccd9da5732,Baljiwan Jaggi,3,Electric Scooter,2023-06-22,3.91
1739,DP-122ebf8a-4b4c-5179-90d7-11a620b76365,Sachi Toor,10,Bicycle,2024-04-19,4.31
1740,DP-20a355cf-7e8a-5ad8-876d-b6183734e217,Vasudha Tella,23,Motorcycle,2024-07-16,4.93
1741,DP-5a660a55-1540-5def-a6cc-2af5e4bfe3d2,Ranveer Oak,4,Motorcycle,2023-01-04,4.48
1742,DP-a6d18e89-07bc-565d-b9ff-03c38d442099,Dayita Narang,3,Motorcycle,2026-02-13,4.63
1743,DP-8076039f-d11f-57ff-b78b-71bae52c0e7a,Guneet Varty,1,Motorcycle,2024-11-04,4.03
1744,DP-cc707550-210c-5385-b4f9-515b779eff77,Samesh Bansal,44,Motorcycle,2023-02-16,4.86
1745,DP-d1fc6b3d-f4a5-5a60-b972-4489c0b924fa,Lila Vig,18,Motorcycle,2026-01-12,4.45
1746,DP-6690b2a6-f4d4-552a-b73f-bfd91bf927de,Aayush Mukhopadhyay,14,Electric Scooter,2025-12-27,4.62
1747,DP-7c566a73-6e31-5eef-8b80-3f0b66d40713,Gagan Nath,20,Bicycle,2023-01-16,4.7
1748,DP-35d0ac74-1734-56b9-ab8f-b43dfd1d8a6d,Chakradhar Chauhan,10,Motorcycle,2023-07-28,4.85
1749,DP-d42dc354-c2c9-51d4-a931-95de4125b9fe,Arin Muni,8,Motorcycle,2024-04-09,4.57
1750,DP-923908e7-7ba8-510d-b905-fd2d312cdfe5,Ekani Iyer,8,Bicycle,2024-10-09,4.46
1751,DP-f469ef32-243f-5034-945b-a5002682b038,Bhavini Malhotra,14,Motorcycle,2025-07-15,4.1
1752,DP-f4545b3d-1ee7-5313-acb6-9bb4970dd223,Ridhi Dalal,3,Motorcycle,2024-06-25,4.01
1753,DP-4f31deda-a788-5b68-8cc2-02b3779ccacc,Manthan Dugar,34,Electric Scooter,2025-02-19,4.56
1754,DP-fdb619db-44cd-58e1-a0bc-65949d263820,Ishwar Aurora,25,Motorcycle,2023-01-13,4.62
1755,DP-8a411fef-de76-5261-98b6-47a5854cebad,Samuel Palla,5,Bicycle,2025-04-20,4.68
1756,DP-2f5d3eff-ac7b-586d-8882-6bfc49ee1150,Anika Dhaliwal,11,Motorcycle,2026-03-14,4.22
1757,DP-9879d66d-fd84-5930-a6bb-9023f03fec74,Yash Garg,2,Motorcycle,2024-11-02,4.31
1758,DP-5e9bb382-a5b4-5b77-88a6-20644e29c9d9,Deepa Nigam,46,Motorcycle,2024-08-03,4.55
1759,DP-563233b4-cc3b-54c9-a556-c3e2fdf70131,Chandresh De,36,Motorcycle,2024-01-15,4.35
1760,DP-19aedb7b-77c8-5556-968a-572fdd25734d,Urishilla Bedi,38,Motorcycle,2026-05-02,5.0
1761,DP-44e8046a-0edd-523c-bfbc-d2bb7d7ef89c,Leela Bhagat,5,Motorcycle,2023-02-12,4.3
1762,DP-9783d7ad-fefb-5aa7-a0b1-bb5821cc790b,Pooja Ramanathan,3,Bicycle,2024-01-01,4.65
1763,DP-44c0305b-66eb-50d0-83cd-26a9ffa22f4b,Sanaya Parekh,3,Motorcycle,2023-06-26,4.79
1764,DP-a369eb0b-a6b5-5fad-b954-393d70597072,Gaurangi Hora,2,Motorcycle,2026-01-10,4.82
1765,DP-103d83bc-10d7-5512-b0b9-3386a0760393,Udyati Deep,2,Motorcycle,2024-09-07,4.35
1766,DP-abca214b-b518-54fb-8d58-959c09a90344,Upadhriti Chatterjee,1,Motorcycle,2026-03-22,4.7
1767,DP-e44a5174-6b5d-580d-ab9d-9c31395de9b5,Dayita Shroff,49,Electric Scooter,2025-04-28,4.65
1768,DP-ccccace3-f2d0-54e2-a0d5-803b2edf7425,Vincent Kapur,1,Motorcycle,2024-12-11,4.71
1769,DP-5888d346-2303-5c23-a1c7-2e2098a84b5e,Aarna Patla,2,Motorcycle,2024-10-22,4.55
1770,DP-f70db633-2913-5cc2-8c94-b99ed1a7d0c5,Qadim Narayanan,27,Motorcycle,2023-09-16,4.8
1771,DP-fd7ed922-f60a-5058-aa23-d6d100b702af,Sudiksha Sura,11,Motorcycle,2024-12-18,4.59
1772,DP-88fd7880-e339-5a77-9895-69c560057de5,Dhruv Soman,22,Motorcycle,2025-05-24,4.06
1773,DP-7e2de089-14e9-588a-88c0-4d949a30740d,Indali Srinivas,13,Motorcycle,2026-05-16,4.58
1774,DP-42ec1080-d7e7-5671-ba3f-0c1a88c8f619,Onkar Mandal,33,Motorcycle,2024-12-01,4.62
1775,DP-2afc81a7-e0d6-5760-85f6-215ba67161a8,Joshua Trivedi,14,Bicycle,2026-04-12,4.77
1776,DP-0f1ad0f8-239e-536c-9a88-58a5cf026719,Nidra Chhabra,9,Motorcycle,2026-04-20,4.56
1777,DP-f97bb585-2894-5d28-9e0f-c7b58b02ebb9,Ekavir Mittal,18,Motorcycle,2024-10-28,5.0
1778,DP-664a0ed8-90be-5089-838a-ed1ff2673b82,Nandini Sachdev,7,Motorcycle,2024-07-14,4.47
1779,DP-296f4a2f-b47c-537f-acf6-52211846cc76,Yagnesh Dutt,5,Motorcycle,2023-07-02,4.33
1780,DP-30fc43f7-2119-5cc9-89e2-d1e1b6f22569,Leena Bhatti,8,Electric Scooter,2023-12-09,4.99
1781,DP-621506d4-9958-5123-b1c9-a1c237768b60,Sathvik Sankar,3,Motorcycle,2026-01-26,4.46
1782,DP-fbd363ff-99d7-5fc8-8db3-b81d86e76f8a,Hema Keer,24,Motorcycle,2023-06-26,4.53
1783,DP-7c8a2b1c-e755-5ac3-82ce-10706e1b56e2,Faras Sur,4,Motorcycle,2024-05-21,4.62
1784,DP-ef1c1f87-f5af-5b7a-8fca-a442ad294c03,Ubika Nanda,2,Motorcycle,2025-06-10,4.59
1785,DP-0e3d9fe1-3f01-5967-a15f-149840f96f41,Sai Goda,4,Electric Scooter,2023-11-04,4.71
1786,DP-4e33d3d7-c12d-5819-8684-39323db34eba,Nidra Boase,28,Motorcycle,2026-05-27,4.75
1787,DP-6bab9975-e22f-5a99-9bfc-26df217e8200,Ladli Narang,5,Motorcycle,2025-04-08,4.3
1788,DP-8e0cfcfb-3390-5889-9029-b8aa55987406,Darsh Chana,16,Electric Scooter,2023-02-06,4.12
1789,DP-0ad8c2d7-190a-54e6-8df0-ae1bcdb77937,Liam Acharya,30,Motorcycle,2023-11-12,4.16
1790,DP-6bb67f70-b0de-5d79-9421-d8cbc981f071,Manthan Sethi,1,Motorcycle,2025-08-02,4.94
1791,DP-02c7387b-3a43-5ccd-bebd-5881a08de378,Madhavi Sekhon,22,Motorcycle,2026-01-06,4.43
1792,DP-c1f6c303-4142-5870-98aa-a834ca55843e,Samesh Nadig,5,Motorcycle,2026-03-28,4.79
1793,DP-477c9885-b2e7-569f-a408-42be9ccbd369,Daksha Saran,3,Motorcycle,2025-12-22,4.76
1794,DP-a68d9ef4-8015-5436-b017-91e935c395be,Gaurav Anand,17,Motorcycle,2023-04-06,4.53
1795,DP-d68cd80f-3621-51f5-abf9-28e76e213c20,Joshua Menon,37,Electric Scooter,2025-07-20,4.21
1796,DP-489a590b-62e0-556d-96ff-130e68bbb6d2,Kala Bera,4,Motorcycle,2023-05-21,4.77
1797,DP-fc94f03a-d78b-5f7e-8eb8-eff2fcc37049,Jagrati Choudhary,11,Motorcycle,2023-04-08,4.51
1798,DP-ea59bc58-784a-5327-b326-70115214a7ad,Azaan Keer,4,Motorcycle,2025-06-01,4.11
1799,DP-20e0cda6-6090-54b8-b2de-963ac2f62327,Meera Nadkarni,10,Motorcycle,2024-09-02,4.35
1800,DP-a079038a-30b7-54e9-bf4d-9f8d2dc4dc64,Nidra Raj,13,Motorcycle,2025-04-06,3.98
1801,DP-a0e537fe-6ec7-50db-821e-aa58db24c861,Siddharth Ghose,13,Bicycle,2025-12-22,4.37
1802,DP-55715e55-0d60-5e79-a6b2-3a18e7397948,Liam Guha,13,Motorcycle,2023-03-29,4.19
1803,DP-e2a9e3e0-57fa-5c01-b2cb-20fdb3cc7803,Jagvi Sahni,2,Electric Scooter,2024-11-04,4.54
1804,DP-2a287662-b3c4-5890-a816-82e811be9c3a,Bhavya Dass,17,Motorcycle,2025-11-30,4.48
1805,DP-3ed3421a-15d1-5217-bc74-234d5a6ea97b,Advay Bora,16,Motorcycle,2024-07-15,4.44
1806,DP-3b7f6817-a5e2-5e73-b436-b6eade2b7ca7,Maanas Sur,16,Motorcycle,2024-10-29,4.54
1807,DP-d264bf25-5669-5dde-8384-f09efee443a3,Laban Chad,1,Electric Scooter,2024-09-27,4.69
1808,DP-61a5e896-4892-5107-801f-a67828e40c37,Ojasvi Shah,7,Motorcycle,2026-03-03,4.82
1809,DP-f1bb7c2b-f996-5c63-9c4a-66824a2cf9c8,Pranit Sha,7,Motorcycle,2023-03-05,4.87
1810,DP-6309d9a3-aa8b-57de-8156-e3cb71d22a09,Shivani Rajagopalan,2,Motorcycle,2026-01-25,4.26
1811,DP-92f603ae-9e36-5710-9be2-090188c57c24,Upkaar Grewal,3,Motorcycle,2025-11-07,4.91
1812,DP-e91f0300-0e78-58dc-ba40-ddc65b67d4af,Abhimanyu Tara,7,Motorcycle,2025-11-02,4.51
1813,DP-ff879ca0-5c51-5c71-9150-8564b1b108f0,Yachana Luthra,20,Motorcycle,2024-06-10,4.4
1814,DP-9eaaa797-caa1-55fd-a875-3f3b7cba2792,Jeevika Bandi,4,Motorcycle,2024-10-20,4.17
1815,DP-518c579f-624e-556c-8fc2-d92b4403797a,Vasudha Pillay,27,Motorcycle,2024-04-15,3.68
1816,DP-19422443-7b01-5b60-8acc-de333d47685d,Vasatika Buch,10,Motorcycle,2023-11-18,4.66
1817,DP-c56ba036-a474-5103-b31a-d852ebd9c765,Ati Shroff,21,Electric Scooter,2026-01-22,4.65
1818,DP-34aafc96-b433-5827-a3a5-5083f2f4f436,Gaurang Korpal,8,Motorcycle,2024-10-07,4.32
1819,DP-c5e54f92-8ef6-54b0-a22c-9fbe93696e6f,Faras Zacharia,9,Bicycle,2025-07-11,4.33
1820,DP-ce0144ed-a082-554b-ab89-85e0a16d2a58,Chatresh Oza,13,Motorcycle,2023-05-09,4.46
1821,DP-e4fa8252-524c-56b3-b8dc-48b4edb6ae32,Upasna Setty,39,Motorcycle,2025-10-03,4.39
1822,DP-8d3386bf-d613-5d72-8ac5-f196795ed2d1,Garima Sama,9,Motorcycle,2025-04-20,4.25
1823,DP-92590d10-c463-5827-b0f8-44817b4721e9,Chaitaly Mann,10,Motorcycle,2026-06-26,4.14
1824,DP-c8c803f0-7247-5393-8786-a681445ddd4e,Balendra Modi,12,Electric Scooter,2023-06-20,4.91
1825,DP-0411f2c8-7934-5123-ad42-47fe1a3cfc67,Darsh Solanki,20,Motorcycle,2024-11-20,4.35
1826,DP-36cc5a68-1f1c-59aa-b133-54dd39119fa7,Charan Manne,1,Motorcycle,2024-10-14,4.65
1827,DP-861d306c-c144-5aac-bc13-382e87041b1d,Bhavini Sundaram,9,Motorcycle,2024-11-17,4.72
1828,DP-3e57470c-9425-5b40-b135-399797c93b5c,Jonathan Tiwari,8,Motorcycle,2023-03-11,4.67
1829,DP-4e8babf2-dd85-5885-aa8d-6965acbcbd9b,Arunima Krishnan,38,Motorcycle,2024-08-26,4.74
1830,DP-d70ea921-7af5-53bf-91ab-78c34af949e3,Avni Maharaj,9,Electric Scooter,2024-01-18,4.66
1831,DP-de7e6d9a-851f-5064-8eb2-218db7fb9e71,Akshay Choudhury,8,Motorcycle,2025-02-26,4.29
1832,DP-04fd6a66-033d-59a3-85b1-7f2ce55deb74,Matthew Sekhon,44,Motorcycle,2023-10-24,4.41
1833,DP-6b5f6ab6-a0a4-5bc9-9006-925aeee40510,Parth Lal,8,Motorcycle,2024-07-09,4.9
1834,DP-779794e5-7fc1-5843-94f5-a77f60bc085f,Vedhika Golla,3,Motorcycle,2025-03-02,4.34
1835,DP-e1a689a1-9eca-5e99-89f3-47e49dfe8cb5,Hemal Chad,3,Electric Scooter,2023-03-23,4.51
1836,DP-5b23f916-358f-5abe-a395-0015177cf2d3,Mitesh Tandon,2,Motorcycle,2025-09-30,4.69
1837,DP-4762deec-6a19-5d7e-8d36-4b03466e5baa,Leela Khanna,1,Bicycle,2025-07-02,5.0
1838,DP-ea61bf33-22b8-5e48-b986-68a8c13408ae,Oliver Kade,7,Motorcycle,2023-03-15,4.87
1839,DP-86f619e1-8f2c-5ad8-a1f3-0504845e0c6f,Chatura Lalla,22,Motorcycle,2023-03-24,4.2
1840,DP-7e0a454a-ef41-5870-a77a-f5a67f9093c7,Charles Ganesh,19,Motorcycle,2025-12-20,4.64
1841,DP-62c6fb11-eaf5-5343-b40c-75e8f8c8fc58,Mohini Soni,1,Motorcycle,2023-12-28,4.59
1842,DP-1a8c446e-6288-534f-998a-5f72c6e7c330,Vamakshi Walia,11,Motorcycle,2026-01-03,4.41
1843,DP-05ac2f4e-49b3-5875-9210-3dc884e1a687,Ladli Ramakrishnan,2,Motorcycle,2024-09-29,4.52
1844,DP-b227c167-4141-50ba-9244-58cf78d4eb1f,Adweta Dhillon,41,Motorcycle,2024-03-12,4.29
1845,DP-a653f1fc-7a6c-5ba6-a854-46dc203a828a,Advik Mani,3,Bicycle,2023-12-16,4.46
1846,DP-037a6709-3633-59a9-8fce-432f12c69e36,Lavanya Mutti,13,Motorcycle,2025-04-20,4.35
1847,DP-ad24cfe1-6523-575a-bc1a-bdbc2dba9abf,Gunbir Wali,5,Motorcycle,2023-05-21,3.86
1848,DP-f7516e6e-5024-5bc1-a7f7-ad4c8ff4e6af,Rachana Mahajan,14,Electric Scooter,2024-05-28,4.55
1849,DP-af94bef5-d44d-5a45-97be-35092f0f99f3,Anamika Loke,7,Motorcycle,2024-03-17,4.4
1850,DP-5254bb20-d506-5e68-b230-9961615c50f5,Aadhya Raman,21,Motorcycle,2023-07-16,5.0
1851,DP-5cb83e84-fc05-556e-b0a0-394e839b0800,Wyatt Hayer,3,Motorcycle,2024-03-26,4.56
1852,DP-40092905-df13-5af9-99ad-0d9d7bd182c8,Pranit Munshi,36,Motorcycle,2024-11-05,4.49
1853,DP-1652b6bc-e974-5f2f-bffe-1c6e932f0803,Abhiram Bir,9,Motorcycle,2025-05-14,4.44
1854,DP-bc7ddc6f-6c0b-5698-8d88-447c88db5df7,Nisha Chaudhari,21,Motorcycle,2023-04-21,4.4
1855,DP-2d802ba5-e016-55c5-8219-0c02f4dcc398,Sanaya Panchal,29,Motorcycle,2026-01-18,4.11
1856,DP-b9503021-e95b-5ca7-a333-510614ab5636,Bhanumati Krishnamurthy,50,Bicycle,2026-01-25,4.79
1857,DP-7859195f-475a-523b-bf77-aabdba548783,Bahadurjit Bajwa,3,Motorcycle,2025-06-01,4.99
1858,DP-9f4ef72c-8091-57ec-9461-b52c8ba37948,Dakshesh Kalla,4,Motorcycle,2026-03-25,4.34
1859,DP-67e65b30-a8b0-5b56-92ad-f1ed3859ecd8,Jagdish Chadha,4,Motorcycle,2024-06-30,4.9
1860,DP-8f6fc266-356d-5706-b19f-9538006da9d0,Keya Goyal,4,Motorcycle,2025-11-14,5.0
1861,DP-8caf0df8-5528-569e-9e92-d128965a5ee9,Qarin Kulkarni,11,Motorcycle,2025-07-16,5.0
1862,DP-7eda1582-e350-5c4a-9313-1ef36f925ac5,Unni Borra,49,Motorcycle,2024-12-18,4.97
1863,DP-96dd6937-69e5-53c2-bf40-a8990ac1e501,Aradhana Sane,49,Motorcycle,2023-08-18,4.14
1864,DP-4e0eca75-05e4-5bd6-ae58-014d7a6f5c79,Aarini Edwin,10,Motorcycle,2024-12-12,4.14
1865,DP-4dcc39e7-4eaa-56f8-aaf3-267254097f69,Aradhana Bhatia,14,Motorcycle,2026-02-24,4.73
1866,DP-c67c726f-10fb-5daf-a259-dfe7b93dce96,Lipika Natarajan,31,Motorcycle,2026-06-10,4.52
1867,DP-7bd1f593-1a23-5a4f-92c7-e1ffb0cd57bf,Aarna Lanka,40,Motorcycle,2024-07-25,3.85
1868,DP-ad6aa74d-dc5a-5f94-a818-f20d28fc55ec,Ridhi Boase,3,Motorcycle,2023-11-13,4.38
1869,DP-3e016abf-39c9-55ab-ac3e-cb4f0aa87fe3,Sai Ramaswamy,10,Motorcycle,2025-08-11,4.72
1870,DP-811e2e27-676b-5f85-8f08-67eb600fcf46,Vyanjana Chopra,27,Electric Scooter,2023-04-07,4.46
1871,DP-2d4cc345-352c-5af2-b101-23c640e45930,Raagini Kamdar,5,Bicycle,2023-07-12,4.52
1872,DP-e567440e-8be8-590e-87c0-e0ddb3b9823f,Riya Lad,7,Motorcycle,2024-12-18,4.14
1873,DP-4d50c3e3-15e0-59cf-8e63-705b3c6ee8e9,Bakhshi Bora,48,Motorcycle,2026-06-17,4.37
1874,DP-269f9c57-868f-51b0-b37e-26ea19380df3,Zashil Sehgal,48,Electric Scooter,2024-02-24,4.74
1875,DP-f2aa673d-99c5-5d15-9c68-1de6acbfd918,Widisha Dixit,36,Motorcycle,2024-07-19,4.36
1876,DP-69fa6a39-7a1a-58b9-bee4-57d0c45848e4,Baljiwan Ramakrishnan,24,Motorcycle,2024-02-16,4.93
1877,DP-d678db5e-7772-5b91-a106-5afa4621d66e,Max Narayan,4,Motorcycle,2024-07-16,4.53
1878,DP-71550ba3-3e97-50d8-a6d4-ae632073c4e1,Aarush Varma,5,Motorcycle,2023-01-10,4.66
1879,DP-07467389-f2bb-522e-9ca6-3a9e86a35000,Vanya Sarin,10,Motorcycle,2025-01-28,4.73
1880,DP-0be06a74-08c8-5cd8-9bf0-fa4682fd716e,Ekaraj Zachariah,11,Electric Scooter,2025-01-30,4.71
1881,DP-b5ce17fe-ab5e-5712-84af-a4e33628445e,Aarush Rajagopalan,9,Motorcycle,2024-02-07,4.19
1882,DP-d2264379-61e9-5cff-b26b-0a04d3608e64,Jairaj Wason,14,Electric Scooter,2023-12-03,4.25
1883,DP-189e0c75-4870-5e6d-879b-271c996442e1,Gauri Mitter,7,Motorcycle,2025-08-29,3.84
1884,DP-0bc76c35-6f77-55cf-a291-232b88644238,Christopher Chana,20,Motorcycle,2023-08-28,4.41
1885,DP-b1353020-89a0-585a-ba58-306f0d2c5cb3,Harini Buch,5,Electric Scooter,2023-03-02,4.22
1886,DP-10144b3c-085a-5556-a716-613806782fa7,Bimala Jain,5,Motorcycle,2023-02-21,4.35
1887,DP-6e207cb4-a587-5faa-8a16-c77058e186f8,Balveer Rajagopalan,2,Electric Scooter,2026-01-30,4.44
1888,DP-7d650ffe-35e5-5289-8c3e-8b2212ee6f5b,Chandani Ramakrishnan,3,Electric Scooter,2024-04-09,4.57
1889,DP-dc61358e-e30a-54db-8e49-ef4135584337,Jagrati Sur,29,Motorcycle,2023-05-10,4.47
1890,DP-1bb1588f-2d4f-5334-9d8b-3a54c130c7cd,Raksha Gupta,7,Electric Scooter,2026-01-26,4.46
1891,DP-4b7fd198-ab76-5bf3-9e71-660d17089b55,Balendra Hans,3,Motorcycle,2023-07-09,4.63
1892,DP-fa44b77c-e0de-50b0-9bd5-58e09a041ef2,William Suresh,21,Motorcycle,2024-03-05,4.51
1893,DP-3369bbda-45c7-5e66-9b81-9ae02d5bbd3a,Dev Zachariah,10,Motorcycle,2023-01-27,4.82
1894,DP-837fdc1e-3a14-561d-8aea-fc5675b5df43,Xalak Walla,1,Motorcycle,2025-05-16,4.51
1895,DP-9766a4f7-687a-5b08-ba13-a72700e66126,Amol Bansal,5,Motorcycle,2025-06-11,5.0
1896,DP-329c8f43-2039-567f-b48a-cecbb2076312,Daksh Nazareth,3,Motorcycle,2025-08-23,4.18
1897,DP-3b3a270e-8971-5405-aa90-32a31150954a,Nidra Dani,15,Motorcycle,2023-12-02,4.4
1898,DP-e11d6f80-92c2-53bf-86a4-7864d88c03a2,Tara Yadav,4,Bicycle,2024-02-23,4.3
1899,DP-beceb7c8-87f9-50ed-a93c-613997ed9978,Viraj Bora,1,Motorcycle,2026-04-12,4.58
1900,DP-fb2de588-32f7-5b9a-b83a-5e8bebdb58e7,Lohit Suresh,1,Motorcycle,2025-11-14,4.18
1901,DP-d604b5c0-d396-5942-adc3-0d869b10c227,Urishilla Bath,11,Motorcycle,2023-02-17,4.82
1902,DP-19002701-e35c-5a80-9db0-0d522280bd3a,Kalpit Atwal,1,Electric Scooter,2025-06-01,4.04
1903,DP-7a7feef5-dcde-5721-8a64-2000c57f61ed,Chandresh Mohanty,29,Motorcycle,2025-11-03,4.24
1904,DP-913875fc-be1c-594a-83a2-5a6dbed53367,Tanmayi Garde,2,Electric Scooter,2024-12-14,4.06
1905,DP-f269e3e2-1cb3-5c4d-ac71-2237a841c03b,Hitesh Comar,12,Motorcycle,2025-03-27,4.45
1906,DP-d74e2891-284d-50c1-8ebc-a0c1065707d2,Thomas Bhatnagar,7,Motorcycle,2023-01-02,4.57
1907,DP-f3ae76b5-ca02-5f77-99fb-6f8ac3b84a18,Pooja Nazareth,7,Motorcycle,2023-02-08,3.99
1908,DP-902ebf1a-3d17-551b-8d03-a27b235e2338,Ekta Dara,1,Motorcycle,2023-02-14,4.38
1909,DP-dd0031ba-554c-5c11-93b6-cf4efd485527,Ekanta Kala,25,Motorcycle,2023-07-22,4.87
1910,DP-8180054f-183f-5e43-8f4d-4ab2e945070d,Oscar Nayak,35,Motorcycle,2026-06-18,4.97
1911,DP-14c20c8e-5b05-5d02-a872-9fe59a5088f7,Jai Mahal,1,Motorcycle,2025-03-20,4.76
1912,DP-270a64fd-e281-5d80-bc45-4640748abdf1,Ojasvi Ganguly,3,Motorcycle,2025-09-25,3.73
1913,DP-03ac0da8-49b6-5d94-84f1-e315b85789fe,Nitesh Sarna,36,Motorcycle,2024-01-13,4.54
1914,DP-9b799750-319e-5526-a82c-f28667fc56bf,Banjeet Deol,10,Motorcycle,2026-04-11,4.91
1915,DP-a7a59ecb-1583-5ae0-a3d2-d716d81f6f06,Krisha Dugar,2,Electric Scooter,2023-09-11,4.35
1916,DP-9ebc9439-fe87-5747-b983-86349a39d789,Vidhi Buch,3,Motorcycle,2026-02-25,4.11
1917,DP-a44c8335-d38e-544f-bf40-d315af7f81a7,Abhimanyu Gola,15,Motorcycle,2023-02-09,4.88
1918,DP-3341d6bf-7917-53ad-812a-d1d3fb466ec9,Bhanumati Saha,19,Electric Scooter,2023-01-27,4.94
1919,DP-77eaabd1-a6e3-5986-a175-84cf5e3fbcd1,Jonathan Jhaveri,12,Motorcycle,2023-04-11,4.5
1920,DP-a720a9e0-4d2e-5564-a4a4-4b8d9c91c19f,Anika Virk,43,Motorcycle,2025-10-07,4.11
1921,DP-836b3ebd-79c0-518e-bf6a-42416346a865,Nisha Khare,9,Motorcycle,2023-11-25,3.96
1922,DP-7ed312cf-93c7-5e2c-837c-6c4322b3d05c,Baljiwan Gole,5,Motorcycle,2024-07-29,4.62
1923,DP-5654468d-d414-5d5a-9c54-57fc8c11a508,Gaurang Mitra,8,Motorcycle,2024-08-24,4.3
1924,DP-aebfcad0-8d7e-5875-86e4-420ce942af1b,Omya Agrawal,6,Motorcycle,2025-10-04,4.48
1925,DP-44392bca-5671-5dc8-8324-7e4deb91bbac,Rehaan Dalal,3,Motorcycle,2024-03-20,4.45
1926,DP-7fecd056-744b-5935-9430-d3fa2b5898d2,Janaki Zacharia,1,Motorcycle,2023-01-09,4.22
1927,DP-8e610c72-801d-5038-b655-f6e11bf95a08,Ucchal Joshi,5,Bicycle,2024-05-08,3.94
1928,DP-8c250f90-0a2d-5077-8e37-ec6b24c6c703,Chatresh Hari,18,Motorcycle,2024-01-03,4.36
1929,DP-9027bebd-8024-5569-8a6f-39ec095aa07f,Manthan Som,1,Motorcycle,2025-07-21,4.55
1930,DP-55d87642-c773-511a-80a9-fcd1538be830,Patrick Dutta,7,Bicycle,2025-08-16,4.57
1931,DP-91af17c6-7069-52be-bf35-eaa7472d5943,Chatura Patla,14,Motorcycle,2023-04-28,4.28
1932,DP-cd75bd78-e9a1-5b51-9cc5-9ddb504376ea,Shaurya Saran,13,Motorcycle,2025-10-08,4.93
1933,DP-6bd7212d-e933-5d94-a2be-af4c4955e31a,Gaurika Setty,22,Motorcycle,2023-03-31,4.14
1934,DP-9ceb9292-92d9-5cba-87ac-00bbbc4c0de1,Hemang Ben,25,Motorcycle,2025-03-01,3.67
1935,DP-22a15b88-150b-563c-b236-065e2556239e,Nakul Balakrishnan,18,Motorcycle,2024-05-11,4.84
1936,DP-548d47c4-7edc-5c52-9bbf-d1d58043bbe0,Yutika D’Alia,2,Motorcycle,2024-01-20,4.54
1937,DP-1f22e4b4-17cd-59cd-aa91-3a6b072fdac0,Wahab Saxena,8,Electric Scooter,2024-09-08,4.36
1938,DP-f168904b-d626-5a05-af00-32463eecb5d5,Oni Issac,12,Electric Scooter,2024-02-01,4.66
1939,DP-ce1b1996-03de-5bfb-8bc8-cd6218927b8d,Victor Choudhary,4,Motorcycle,2025-10-09,4.43
1940,DP-ad8b4bfc-c385-5afd-83d1-10ba42ccfb4d,Vedant Chaudhari,1,Motorcycle,2026-05-18,4.03
1941,DP-9cf223a6-1a58-5c8b-95d3-569848fc2c20,Nitara Iyengar,3,Electric Scooter,2025-11-06,4.06
1942,DP-43ecb95a-1f6c-5af4-ab35-a59b5f8ebf1b,Thomas Borah,8,Electric Scooter,2024-07-14,4.12
1943,DP-154fb3b2-0515-5654-9d0e-990242194543,Vedhika Bhagat,7,Motorcycle,2024-10-04,4.41
1944,DP-512194e9-a5dd-5b42-bba1-2757a44a2425,Maanav Kalita,3,Motorcycle,2024-07-24,4.32
1945,DP-3844cf97-8a39-58f4-9e0a-1bdf14076c01,Pranav Ram,26,Motorcycle,2025-10-09,4.83
1946,DP-e37ea83f-3493-5102-98b9-74cf68d6e9f6,Laban Shankar,39,Motorcycle,2024-12-05,4.31
1947,DP-1e771d7a-110b-574c-a760-38134ef784ea,Jagrati Madan,3,Motorcycle,2024-08-20,4.29
1948,DP-49520c21-fdb4-5fb9-b828-55a0af9edcaa,Gautami Datta,40,Motorcycle,2024-06-06,4.25
1949,DP-94c7a5a5-53a4-57fd-be36-cb429cb8db45,Darpan Mand,1,Motorcycle,2024-04-23,4.22
1950,DP-92b9dc55-f992-595e-b9a0-c55dadf5e394,Indrajit Shroff,39,Motorcycle,2024-12-06,4.23
1951,DP-99f1bc98-0372-583f-8ddf-38433b7268e3,Omya Garg,43,Motorcycle,2025-05-29,4.08
1952,DP-71a866fc-830c-566f-a2b3-96604721c1a4,Thomas Merchant,1,Motorcycle,2024-07-05,4.56
1953,DP-d058c905-a446-577a-842a-fcb127834a64,Onkar Karpe,21,Motorcycle,2025-10-26,4.45
1954,DP-c87f63b0-c264-5f29-8e2f-5ff45aecea58,Nisha Vig,46,Motorcycle,2025-11-20,4.44
1955,DP-63272b1e-146b-5a32-8bd8-af023a31d289,Tarak Solanki,36,Motorcycle,2024-07-01,3.97
1956,DP-2f8db0b4-2e58-5d12-8cc0-23d152b96702,Arya Atwal,46,Motorcycle,2026-03-05,4.63
1957,DP-df2190b9-d797-5370-82f3-5d71aa1e2709,Yatin Kota,10,Motorcycle,2023-08-09,4.67
1958,DP-9ac70090-5cf7-5d99-a7ed-f4d39be4d3df,Radha Kapadia,1,Motorcycle,2026-04-04,5.0
1959,DP-80d5350f-0593-5e8b-937e-76b2dcd422f1,Abdul Sahni,29,Motorcycle,2024-01-11,4.65
1960,DP-742051aa-58a5-55ba-91e7-a788196a6aef,Banjeet Singhal,13,Motorcycle,2024-12-21,5.0
1961,DP-d85bd362-867e-51cf-b872-7e8943032cfd,Pavani Wali,13,Motorcycle,2023-12-28,4.27
1962,DP-9afbc1ed-eaec-511f-8a25-9a7b13a3ec59,Varenya Chaudhari,7,Motorcycle,2024-07-18,5.0
1963,DP-5f824bc0-d9ec-5b1a-89e2-d447d24423f3,Warhi Khosla,11,Motorcycle,2024-03-09,4.66
1964,DP-7114970e-344f-5a80-b7fb-fff5f7f0dd37,Advik Ray,2,Bicycle,2025-06-18,4.61
1965,DP-561e3940-8f58-59bb-9e33-1b0f0d101f7f,Kevin Parmer,20,Motorcycle,2023-04-14,4.43
1966,DP-1ec58b63-b48f-5b3b-89fd-831a23b26609,William Chana,1,Motorcycle,2025-12-05,4.36
1967,DP-45a415b2-eea8-5c59-b16f-3e0bc8f3d1b6,Varsha Mody,19,Motorcycle,2026-02-27,4.29
1968,DP-034dbc7c-6596-51c1-86b2-f46cc91f5318,Tripti Bajwa,29,Motorcycle,2024-12-19,5.0
1969,DP-9485e042-b3c9-52d1-90e2-3a63762e101f,Ubika Devi,8,Bicycle,2024-11-29,4.42
1970,DP-8ea61e21-9368-5cec-a27e-a70550a40a26,Qasim Prabhakar,9,Motorcycle,2025-06-12,4.66
1971,DP-883c1bdb-084e-5995-8968-99bf2b2ff5fc,Aarav Bobal,5,Motorcycle,2023-09-12,4.74
1972,DP-2e01aa54-ea56-5ea0-9f27-65a75f13e753,Gaurangi Wali,46,Motorcycle,2025-08-14,4.73
1973,DP-560b2844-6ce9-5161-b6a6-2e3dd394314c,Chaman Sandhu,19,Bicycle,2023-10-07,4.56
1974,DP-f04c977b-3f6e-5596-a582-67f611efec0b,Sarthak Buch,6,Bicycle,2025-05-13,5.0
1975,DP-8000f92f-0cb8-59f5-9099-e90630a8db78,Christopher Varma,3,Motorcycle,2024-01-25,4.64
1976,DP-7e7939c4-90f2-5d50-9a80-314b0eddbabb,Charan Choudhry,3,Motorcycle,2025-08-10,4.29
1977,DP-c8f5fa95-c2d0-520d-81b2-5b64d15f35c6,Jasmit Shroff,8,Bicycle,2025-10-06,4.38
1978,DP-91dcfded-ea87-54fb-9c00-5b164a7bb61b,Jasmit Peri,41,Electric Scooter,2023-09-24,3.99
1979,DP-3c1dcf39-2851-528f-9f4e-3eec7a0589b5,Ekalinga Jayaraman,19,Motorcycle,2025-02-26,4.59
1980,DP-4c280346-c6f7-5c88-8248-11ce6d1f05ec,Gaurika Khare,3,Motorcycle,2024-09-27,4.69
1981,DP-c01c4377-143e-5784-9a32-dd848cffb638,Vanya Kadakia,30,Motorcycle,2024-01-11,4.72
1982,DP-3e19037d-0ef4-520c-8299-39d30405cec0,Ekani Pandit,6,Motorcycle,2025-01-20,4.66
1983,DP-84ea6059-8ebe-5ec2-8264-f0e782b00e37,Yahvi Sampath,30,Motorcycle,2026-06-20,4.43
1984,DP-436c9271-c04b-5d51-a5b2-ecdbb06bfae5,Chatura Bhatnagar,4,Motorcycle,2023-01-04,4.49
1985,DP-c66e3555-dae6-5fdc-a959-0a350a9c3b5c,Hemani Sethi,13,Motorcycle,2026-05-05,4.49
1986,DP-ff71ee82-dbd3-5fb1-b482-64d19a00856d,Yachana Vyas,39,Electric Scooter,2025-12-28,4.83
1987,DP-1adaaa05-e063-5edc-98ba-496b46390412,Upma Wali,4,Motorcycle,2024-11-06,3.87
1988,DP-46cac263-60fc-5837-bdba-b492a38755d7,Siya Pillai,17,Motorcycle,2025-02-17,4.34
1989,DP-c08b2577-2ccc-5d31-829a-bd6ae121b7a8,Raghav Shankar,48,Motorcycle,2024-04-16,4.16
1990,DP-9c919bc5-89bd-505e-99be-62405ba07591,Faris Raman,2,Motorcycle,2023-06-14,5.0
1991,DP-e29f563e-165c-552c-aebf-d3416fc9e04d,Bhavya Bose,2,Motorcycle,2024-12-30,4.9
1992,DP-41a8eb94-ad14-5cd1-8b24-a0300c9a2f2d,Nitesh Majumdar,16,Motorcycle,2025-11-07,4.35
1993,DP-e19e9846-9274-5507-a09a-9a488f31fcb1,Manbir Taneja,5,Motorcycle,2023-10-22,4.04
1994,DP-177042a9-0fa7-5cc9-b1bc-63ff54738b74,Samarth Verma,1,Motorcycle,2025-07-03,4.12
1995,DP-9932a0a4-8054-52d9-87db-17e684c5b3aa,Chaaya Saha,8,Motorcycle,2025-08-12,4.82
1996,DP-f676b5de-968e-56ce-beda-9a75d815755e,Urvi Palan,21,Motorcycle,2025-08-25,3.98
1997,DP-5bee46ac-e398-58f1-9d12-4f1c435b8c92,Sachi Bail,4,Motorcycle,2024-03-09,4.5
1998,DP-03efb301-216a-5c30-8cfc-73055a89a0b6,Ranbir Bhatnagar,5,Motorcycle,2024-05-15,4.76
1999,DP-7c643da1-cb0c-5a49-8280-46ad1b06dc85,Vincent Venkatesh,29,Motorcycle,2024-06-15,4.09
2000,DP-5788443d-ea87-59bb-8cd4-f7ac237e958b,Nisha Oza,9,Motorcycle,2025-12-25,4.49
2001,DP-0ca98d9a-1a99-5e96-b7a3-98d69c706959,Vedika Wagle,28,Motorcycle,2026-02-22,4.36
2002,DP-c61d4f54-262a-572c-9deb-912f44a86454,Tanvi Modi,7,Motorcycle,2024-06-12,4.32
2003,DP-3009b033-0c5e-5e81-8902-a1766735b681,Damini Garg,43,Motorcycle,2026-05-22,4.26
2004,DP-940cc258-3e28-5568-bfde-ad37a09da745,Utkarsh Sule,14,Motorcycle,2024-12-28,4.79
2005,DP-0f355e71-069b-5579-8760-71a97b7bd10d,Bhavya Batta,2,Bicycle,2024-05-06,4.98
2006,DP-a25e14b4-22f9-51be-b366-4fe031c72bb9,Ira Mane,34,Electric Scooter,2023-01-01,4.41
2007,DP-c57fa5cb-dc3a-5799-823f-b7e2553fddbb,Ojas Dyal,9,Motorcycle,2025-02-18,4.62
2008,DP-82953fa1-2bae-5b29-b8be-96d089aece66,Qabil Gill,2,Motorcycle,2025-04-02,4.5
2009,DP-058b8b7f-0aa7-54d5-9ebc-88e41f8eaf07,Neel Khanna,2,Motorcycle,2026-05-20,3.91
2010,DP-8fdbcb17-166e-5dbc-8390-99a72122410e,Benjamin Nadig,16,Motorcycle,2025-07-05,4.39
2011,DP-193d33cb-e9f9-5284-a90f-0d3e80b198f4,Ridhi Lad,1,Electric Scooter,2023-02-07,3.85
2012,DP-1b96c90d-0f14-5b7e-af54-1b76e62f3112,Qarin Jha,4,Motorcycle,2024-12-24,4.33
2013,DP-b1e336cd-306b-5561-9792-5ff9bf766806,Edhitha Padmanabhan,2,Motorcycle,2025-08-05,4.48
2014,DP-c6120603-60fe-563c-9ef9-ae23c2459fbd,Kashish Sen,7,Electric Scooter,2024-09-25,4.73
2015,DP-02f23260-0561-5d69-8519-8a5877f204ea,Charvi Dara,7,Bicycle,2024-07-01,4.58
2016,DP-12bd8b5f-5c6b-57c7-a4cd-9bab9e7c0bd2,Nidhi Tata,9,Bicycle,2025-10-30,4.8
2017,DP-b42d493e-0123-59e3-8470-d1b1e7d811b4,Tara Nagarajan,4,Electric Scooter,2025-02-19,4.21
2018,DP-2ae13c9c-dc4d-58b2-aca5-efad52e32ef4,Aayush Tripathi,1,Motorcycle,2025-05-19,4.93
2019,DP-990d1c81-627b-5799-a654-30e14ba6daa6,Chakrika Som,13,Motorcycle,2024-08-15,4.98
2020,DP-dc12670c-ae97-5587-9d10-f236f035c0fa,Manan Sathe,6,Motorcycle,2023-12-21,3.84
2021,DP-05e3882d-1122-5836-8d3c-53d90a08fb9d,Isaiah Srinivas,15,Motorcycle,2024-10-24,3.96
2022,DP-6b69c202-4ed0-5084-992c-28931d2a7438,Liam Dada,2,Bicycle,2026-05-08,4.48
2023,DP-c255fb5d-6372-50e1-ae39-0e93949282bb,Aryan Ratti,1,Motorcycle,2025-02-08,4.31
2024,DP-3a0bad78-9f31-56a2-8a7d-632919ac0c9e,Sanaya Parikh,4,Motorcycle,2025-06-21,4.36
2025,DP-027502f0-3022-5bcd-a6cb-c3f2dc50cb21,Eta Bhakta,8,Motorcycle,2023-06-08,4.58
2026,DP-6064e2fe-75b1-594f-8f10-407a56c62a93,Tristan Mall,6,Motorcycle,2026-06-14,4.82
2027,DP-8cc3b5c3-6029-5163-a5bc-d228dddca21f,Arin Chacko,25,Motorcycle,2023-11-09,4.2
2028,DP-dab4e1d3-6c2e-5393-b3f1-e97bf93e1784,Gagan Vala,6,Motorcycle,2026-05-24,4.88
2029,DP-6941d4dc-09a4-5a14-9dfa-31575cbd82d2,Robert Swaminathan,10,Motorcycle,2024-07-22,4.26
2030,DP-706403f4-22c0-5321-8ad6-d7a5b8641bfb,Yasti Bhalla,12,Motorcycle,2026-03-18,5.0
2031,DP-7239b772-55f5-54ca-8fe3-54d24d0401cf,Mitali Divan,1,Bicycle,2026-02-11,4.93
2032,DP-5995fec1-2e9f-57e8-9211-4de672ded6cd,Kala Raju,9,Motorcycle,2025-08-21,4.29
2033,DP-a4e7705f-91b5-5566-8438-e92a28493d32,Advik Mane,5,Motorcycle,2026-03-15,4.05
2034,DP-cc86113f-ce9c-5ac3-90a6-208da34f1eaa,Indali Morar,7,Motorcycle,2025-02-16,4.28
2035,DP-a263748a-c1c3-5acc-8278-eaaab908b9b9,Gagan Kale,2,Motorcycle,2025-12-19,4.24
2036,DP-98e6ccfe-4a1a-5973-8d8d-4ee7082e8d0c,Ojasvi Savant,23,Motorcycle,2023-08-08,4.69
2037,DP-f4e99e64-a2a3-52ce-a7ee-1a09af575c2b,Nihal Samra,41,Motorcycle,2023-03-31,3.85
2038,DP-756e99d9-3ad9-5c52-9766-8e60a3ff3a94,Liam Chadha,1,Motorcycle,2024-11-24,3.97
2039,DP-e298d346-90d0-5f2e-a7f8-44a18c69d1a4,Sarthak Mitter,12,Motorcycle,2025-10-30,4.68
2040,DP-a0eb61c4-b4b6-5171-ae24-7e1125ab2737,Gautami Bhatti,21,Electric Scooter,2025-09-03,4.22
2041,DP-e0532ad6-9d30-54d0-8520-55102975ddc9,Gaurang Ahuja,4,Motorcycle,2024-11-04,4.34
2042,DP-b2d35e3c-bd74-57cc-8684-86e0746d96a2,Anjali Sachdeva,23,Motorcycle,2024-10-26,4.76
2043,DP-a31c7eb9-ddb2-57da-b58d-52eb14c3a56c,Turvi Devan,14,Motorcycle,2025-02-17,4.83
2044,DP-151712af-3f29-543a-82e7-b6b6d93dbaa7,Quincy Raj,39,Motorcycle,2026-01-12,4.91
2045,DP-2b99f721-8788-5452-9ae3-938ff583e72c,Vritti Basak,47,Motorcycle,2025-12-10,4.73
2046,DP-b1d7e664-09ae-5ae3-8383-36763ef67fc2,Daksha Tak,1,Motorcycle,2023-05-20,4.42
2047,DP-16425204-d8ba-5298-9049-b83dd88a09ae,Udarsh Bala,7,Motorcycle,2025-01-30,4.39
2048,DP-0d0e5be5-8534-5ac5-a28f-c162259e447d,Mitesh Lala,10,Motorcycle,2024-05-01,4.36
2049,DP-d01aa5fe-f65c-555c-9dcc-b999034f4d06,Urmi Dash,2,Motorcycle,2025-10-17,4.09
2050,DP-bfd0ce25-c76c-5b6f-b7cb-a7eab1c13a97,Omisha Gola,5,Electric Scooter,2024-10-07,4.18
2051,DP-683360cc-28eb-5fc0-a142-cc00b78e0099,Yash Balakrishnan,48,Motorcycle,2026-06-18,4.86
2052,DP-f37d1bd5-b549-5743-8799-28f2ef4e52b2,Aradhana Tailor,1,Electric Scooter,2024-07-05,4.25
2053,DP-e9fd5793-6856-53f6-b87a-880f48f278bd,Janaki Srivastava,8,Electric Scooter,2025-05-16,4.1
2054,DP-497b90fe-abb0-551d-b425-c0f6da39962a,Aarna Soni,28,Motorcycle,2023-05-19,4.89
2055,DP-5abdc6cb-d570-5e18-911f-3630a45452e8,Kashvi Vala,5,Motorcycle,2026-04-04,4.01
2056,DP-cdc5962b-f4f9-53c6-bd69-f2824f6f4196,Aashi Gaba,8,Electric Scooter,2023-07-15,4.56
2057,DP-91b4d327-5ef0-56d2-bb66-1b9835439507,Madhav Nagarajan,47,Motorcycle,2024-04-27,3.78
2058,DP-4160026a-3359-5d24-8afb-fb74f2837bd6,Krishna Parikh,8,Electric Scooter,2025-12-04,5.0
2059,DP-8d8ff95a-0f08-5ae8-a8dd-2c9f2e1fe308,Chatresh Mahajan,2,Electric Scooter,2026-05-19,5.0
2060,DP-4d15d4ec-863d-549c-bd92-678944f9bf3b,Oni Parekh,1,Electric Scooter,2024-09-10,4.12
2061,DP-80ae39e0-0772-50d5-ae04-f32e596f14b9,Bimala Manne,42,Motorcycle,2024-09-10,4.45
2062,DP-3a5d130d-750d-5153-ba84-f0b4879d1008,Yoshita Hari,4,Bicycle,2023-03-04,4.16
2063,DP-0153e51d-22b2-51ce-998b-2272aca98451,Girindra Ganesh,9,Bicycle,2026-06-03,4.16
2064,DP-bc078dff-1b54-56ce-a0d9-bb4fddeff438,Diya Mitra,2,Motorcycle,2023-01-22,4.35
2065,DP-8a33bd31-9318-51aa-baaa-6a53d0da5870,Janani Char,7,Motorcycle,2023-02-03,4.7
2066,DP-ac14ad85-5fd6-5fc8-8cf2-343eefc6b7a9,Maanas Arya,40,Motorcycle,2024-08-27,4.7
2067,DP-eac50d18-b552-5a70-906c-d595e5996553,Zarna Manda,9,Motorcycle,2023-01-05,4.65
2068,DP-6988c4cf-2eb3-5bd9-8c2e-0da0ee2c88ac,Vedhika Sabharwal,46,Motorcycle,2023-07-29,4.42
2069,DP-e3574f2e-dea6-5769-89fb-c09746990f9b,Nicholas Chaudry,4,Motorcycle,2025-03-11,4.72
2070,DP-b39367bc-eb80-531b-a59e-e42cbc9a62e4,Mohammed Thakur,9,Motorcycle,2025-06-18,4.09
2071,DP-f8a921f2-070f-5960-9417-2cbe95d12acc,Raghav Vora,30,Motorcycle,2024-01-16,4.57
2072,DP-889abb57-f76a-5c0f-b4da-ae02fd040381,Omisha Sharma,8,Motorcycle,2025-10-11,4.5
2073,DP-bb36af75-88db-522e-a2f6-99ad581765c7,Jackson Deep,4,Electric Scooter,2025-02-14,4.4
2074,DP-faaf5f69-7421-549d-a344-2c71cade220b,Varsha Pall,30,Motorcycle,2023-10-19,4.58
2075,DP-219cba1e-1b9d-5801-8a66-8913fd4a07cb,Janani Dewan,6,Motorcycle,2025-06-28,3.82
2076,DP-97c41f0d-0a59-5fd7-893d-d80c0dbc3103,Hema Gera,10,Electric Scooter,2025-01-25,4.17
2077,DP-45924dd4-e537-5cee-a8f2-5951858aa7e5,Ayush Dani,46,Bicycle,2025-11-02,4.67
2078,DP-221e8015-c52b-5573-b55d-575ebb69a217,Kabir Dhar,3,Motorcycle,2023-07-17,4.49
2079,DP-a723f36b-6014-5214-904b-570f2d40bfc7,Damyanti Dass,5,Motorcycle,2023-10-22,3.99
2080,DP-8ba64f37-a338-5dee-9b1b-96c900f560d9,Kalpit Brar,1,Motorcycle,2024-01-23,4.48
2081,DP-86b41e06-9862-53ec-931e-c2deb612641f,Isaac Brahmbhatt,6,Motorcycle,2024-03-11,4.31
2082,DP-3e4fd85b-bf60-5107-aac8-ad351618d83a,Veda Sankar,3,Motorcycle,2026-02-08,4.87
2083,DP-1054f0e5-010d-5cf5-ab56-3c9f62def7b8,Ronith Chokshi,16,Motorcycle,2025-07-23,4.11
2084,DP-f2085183-2685-59a9-9100-d3d27ad4b1f7,Yochana Bhargava,3,Motorcycle,2024-11-25,4.12
2085,DP-36898c81-f041-57fb-8d23-f94f1c618fd7,Jagat Kulkarni,16,Motorcycle,2024-11-20,4.62
2086,DP-4ad017e2-7115-5426-a2ff-1adc8d90c848,Dominic Mitra,4,Motorcycle,2026-02-04,4.43
2087,DP-c6a58dbc-167f-56c9-bdd9-48654093c0b4,Gopal Dasgupta,6,Motorcycle,2024-07-24,4.42
2088,DP-fce2acfe-1b1b-5860-b2c0-d70773dd5ffd,Ryan Goyal,5,Bicycle,2023-10-15,5.0
2089,DP-2ea5ce26-bf7f-5330-9336-08216a24c1ae,Ayush Chana,18,Electric Scooter,2023-06-24,4.71
2090,DP-003a5848-e9c9-5ace-879f-fca365d86d77,Arunima Pall,8,Motorcycle,2024-02-26,4.38
2091,DP-b7d38472-d833-5b8c-8ce1-38078cb747fd,Naveen Tella,6,Electric Scooter,2025-04-13,3.96
2092,DP-92679218-1470-5f58-9e20-a5e2029a2c4d,Yashasvi Bir,30,Motorcycle,2024-08-23,4.36
2093,DP-4b881b18-72f5-56c1-aa50-92648301430a,Akshay Wadhwa,11,Electric Scooter,2024-06-22,4.08
2094,DP-5282b001-602e-5466-bf22-5b3898ec96a1,Rehaan Manda,3,Motorcycle,2024-09-04,4.19
2095,DP-bd653826-1633-5d69-a435-1519d5b151e6,Aayush Chaudhary,36,Motorcycle,2026-05-28,4.2
2096,DP-1f596c2f-fc19-5621-9a02-3c51d94e6938,Yamini Soman,5,Motorcycle,2026-06-26,4.84
2097,DP-71a09013-a651-59da-83b2-5dcbef245bfe,Qasim Sarraf,1,Motorcycle,2023-07-25,4.02
2098,DP-ceb6d494-39ad-52de-84af-f0abac4aac8a,Pratyush Pant,9,Motorcycle,2023-05-27,4.8
2099,DP-07c782c2-8ab9-523e-b230-10f683905476,Panini Kala,2,Motorcycle,2023-11-08,4.64
2100,DP-b3257c86-7912-5475-9560-bd0934c367ac,Nikita Chowdhury,4,Motorcycle,2025-12-23,4.63
2101,DP-fd045167-f75e-5aa5-82c2-28d79be51b39,Jatin Shukla,20,Motorcycle,2024-08-09,4.17
2102,DP-645daa95-1f21-5001-82c7-203dc220fb3d,Zinal Deshpande,2,Motorcycle,2026-01-07,4.75
2103,DP-4005f054-69bf-5afc-8b7f-a327d2d1deb1,Jalsa Mani,25,Bicycle,2025-04-05,3.54
2104,DP-40163408-5be1-5bc0-a52f-e419dcb63a52,Fitan Narang,41,Electric Scooter,2024-12-06,4.14
2105,DP-a462978c-c654-5ec2-8998-db1d619b3d90,Jack Rajan,12,Motorcycle,2023-12-26,4.99
2106,DP-3b59ab8d-6a71-5021-9278-e6d2031c808b,Tanmayi Muni,18,Motorcycle,2024-03-14,4.85
2107,DP-fdb2bd65-9138-5683-a3a2-a834520997bd,Upkaar Reddy,18,Motorcycle,2023-07-08,5.0
2108,DP-557fa4f3-f35d-5b3b-a7c7-d92fa434630b,Priya Gulati,49,Motorcycle,2024-10-24,4.5
2109,DP-cb8f4fb6-4f3c-5f38-9019-9cc07fa47cee,Vamakshi Pillai,5,Motorcycle,2023-12-24,4.43
2110,DP-5e201b23-13e6-584b-beb1-090a423ca7ed,Agastya Swamy,3,Electric Scooter,2024-01-09,4.35
2111,DP-0fe6a9b6-db51-5aac-8a5a-834af9207ae4,Meghana Sarma,9,Motorcycle,2023-02-20,5.0
2112,DP-29febc62-9492-5c1d-9208-14a0daaaa10e,Jagdish Dhar,10,Motorcycle,2025-10-16,4.69
2113,DP-596cc16b-aa1b-5261-81a9-e38ff0ffd1be,Nandini Chaudry,3,Electric Scooter,2026-04-13,4.08
2114,DP-706bb004-e17a-5e18-908a-8e61b636c0c2,Dhruv Patla,13,Motorcycle,2024-09-27,4.94
2115,DP-46629456-0d22-5284-ab4f-84ff535d44da,Hamsini Iyer,1,Motorcycle,2024-11-14,4.42
2116,DP-98758b37-6f8f-5cd3-bdc6-a9ee2fbf7c0f,Jason Kaul,39,Motorcycle,2026-03-27,3.66
2117,DP-e14ecf53-9f6b-532f-8a96-fb8a95845c9d,Xalak Mallick,4,Motorcycle,2024-10-14,4.24
2118,DP-1968521b-4063-5142-9590-54ea23c19214,Mugdha Parekh,1,Motorcycle,2025-03-05,4.85
2119,DP-e9c44d58-4025-5cba-b78f-92aac39e3ad8,Nidhi Sundaram,2,Motorcycle,2024-06-30,4.64
2120,DP-02f9d890-7657-5497-857e-a37bb1a3f6ba,Manan Sha,4,Bicycle,2024-10-18,4.71
2121,DP-a12dfbc2-2d6e-5582-b329-cc96aa4bc295,Jason Krishna,4,Electric Scooter,2024-10-27,4.94
2122,DP-5bcd102a-a9ff-5888-8e12-b24c9d875b07,Widisha Kashyap,1,Motorcycle,2025-06-26,3.91
2123,DP-3bd8d6c8-220a-5037-b3ce-650644014d85,Ayushman Chaudhary,4,Motorcycle,2025-02-09,4.24
2124,DP-dd26cd52-640b-56ee-b801-f41435a57e8e,Ekansh Tara,3,Motorcycle,2024-10-05,4.5
2125,DP-e89d1467-4594-5829-97de-8f075884de74,Praneel Raja,6,Electric Scooter,2023-04-07,4.86
2126,DP-024e11c6-bdb6-5f17-81d6-c8eec4ee0367,Michael Mitter,6,Electric Scooter,2026-02-28,4.14
2127,DP-c35830cd-f478-518d-bf2f-af188d4ede3c,Faraj Venkatesh,5,Motorcycle,2026-02-07,4.37
2128,DP-11130c30-018b-548e-88e5-bd83ff4d933f,Unnati Jaggi,5,Motorcycle,2023-08-24,4.48
2129,DP-5f294233-468f-52ec-9e7a-bf20ea86fb36,Widisha Swaminathan,2,Motorcycle,2024-01-10,4.22
2130,DP-907727ef-6c3e-5a43-91f4-21f7564bf447,Hemal Zachariah,1,Motorcycle,2026-05-26,4.48
2131,DP-742748ba-d4ac-57b3-a439-82017282b988,Azad Sani,3,Electric Scooter,2024-02-14,4.43
2132,DP-2c0307ba-48dd-5571-936a-387d2f91b746,Leela Sengupta,21,Motorcycle,2025-11-02,4.3
2133,DP-491ceb9e-7f81-5ffe-9d9c-2e116b2cbfa7,Krisha Savant,49,Motorcycle,2025-09-29,4.75
2134,DP-f1b24844-2163-5360-b4c4-ead52c713714,Balendra Bali,39,Motorcycle,2026-01-03,4.68
2135,DP-c6eb6595-7f00-5d3d-a371-0428ae4c519c,Chavvi Gala,9,Motorcycle,2023-01-21,4.77
2136,DP-c4855bea-1636-5c8d-a24e-d2d22ef9eca6,Raagini Desai,10,Electric Scooter,2024-09-08,4.8
2137,DP-2bfc0f6b-b7f4-5d53-85ab-672f88164847,Lopa Sura,5,Motorcycle,2024-12-22,5.0
2138,DP-c66f169b-9842-5d92-a4c4-0dc58c31f981,Vritti Zacharia,22,Electric Scooter,2025-12-04,3.98
2139,DP-fe99559e-5067-5162-a046-c921ad760179,Vamakshi Dugar,22,Motorcycle,2023-10-14,4.02
2140,DP-a97f9ab9-ab32-58a5-9746-98e873a6a01f,Mahika Lall,29,Motorcycle,2024-01-27,4.72
2141,DP-cde9af5d-3ab8-5532-8b22-efedf917913f,Krishna Pandit,35,Motorcycle,2023-08-18,4.33
2142,DP-d5e7c4ed-9ed5-50c4-a3f2-55b4215b1fe4,Ekani Bhat,7,Electric Scooter,2025-08-30,4.29
2143,DP-f728d9d7-c805-58a6-8d5c-ca2fb814825c,Chakradev Dave,22,Motorcycle,2026-06-28,4.24
2144,DP-774106c1-b823-506c-8bec-67ed00ec9ab2,Ikshita Bala,25,Motorcycle,2023-06-29,4.78
2145,DP-0f4d10de-caf1-5394-bd86-db5e70f5826d,Lajita Chatterjee,5,Motorcycle,2023-10-25,5.0
2146,DP-26113e6a-0114-5e82-80a4-bdb70d0a5b40,Hemani Parikh,39,Motorcycle,2024-01-27,4.8
2147,DP-52938377-70da-557b-8170-eb9f5c77f37a,Indali Bhalla,2,Motorcycle,2026-02-08,4.32
2148,DP-f812ebec-99d1-52d5-82c4-bdcf86ad0e7d,Yug Keer,50,Motorcycle,2024-07-22,4.76
2149,DP-bda7fe1e-7d3f-5e6a-863d-ad2bf8ca007a,Frado Bhatti,22,Motorcycle,2023-12-26,4.01
2150,DP-172f1464-8953-551f-8982-03dfe12ea7b5,Ishwar Nazareth,2,Motorcycle,2024-02-16,3.61
2151,DP-52bb1173-8eb3-5ff5-9aff-aacd21c300c1,Anmol Yohannan,15,Motorcycle,2025-02-02,4.41
2152,DP-7b07a174-247d-59af-975f-7af8c6c4028e,Baljiwan Sharma,1,Motorcycle,2024-05-08,3.91
2153,DP-d8f8e620-eb9e-5963-8191-6f51d677d217,Yutika Sama,22,Motorcycle,2023-06-29,4.33
2154,DP-402a2965-2b33-564e-a7b2-0152d8f492ce,Anmol Singh,24,Motorcycle,2025-11-12,4.54
2155,DP-ff0017db-def0-521c-85d5-a9d9005c93df,Edhitha Purohit,12,Electric Scooter,2024-06-22,5.0
2156,DP-c71bec81-67f4-5c01-8faa-6e6787404a13,Ekantika Chaudhari,30,Motorcycle,2023-11-24,4.89
2157,DP-573726b6-3c6e-5518-b99e-6e8d9c9931e7,Harish Jha,2,Motorcycle,2025-07-18,3.91
2158,DP-971a2a6a-04c1-597e-ba67-bf288337e275,Watika Thakkar,4,Motorcycle,2025-08-08,3.94
2159,DP-057ae2c1-ddf0-5f8c-a6d0-fd0b30580f6f,Ojas Mistry,7,Motorcycle,2023-07-17,4.23
2160,DP-6b6d76c8-ddd3-5558-b898-aa5a1494f248,Rajata Jaggi,1,Motorcycle,2023-04-05,5.0
2161,DP-29d4088a-7916-5d32-884e-a67579857ff6,Faqid Wason,8,Electric Scooter,2023-02-27,3.93
2162,DP-ed75da80-3794-5d7a-89df-a6d79f6a5610,Bhavna Lanka,4,Motorcycle,2025-09-04,4.24
2163,DP-33fa8d4f-dae8-5251-b87c-e003930a5a9b,Chameli Ratti,6,Motorcycle,2025-03-09,4.24
2164,DP-c4b8dba1-47b5-5eb3-a029-193fc1e3ddef,George Chandran,7,Motorcycle,2025-10-07,4.62
2165,DP-ad82200e-9e1e-5a90-9569-b9a7b4c1ccd4,Anjali Bhavsar,33,Bicycle,2025-03-10,4.77
2166,DP-c43a3b41-e4e3-5ab1-b29a-bbd951332119,Prisha Kadakia,4,Motorcycle,2024-05-27,4.69
2167,DP-e61d16d1-0375-584c-9e2b-61cc8bcf040a,Faraj Mittal,35,Motorcycle,2025-01-22,4.57
2168,DP-9dbd162b-8769-57e6-9001-e884cf3f30b1,Rachita Zacharia,7,Motorcycle,2025-07-10,3.99
2169,DP-0d028de8-8cc6-5b5b-9190-8b99332b8200,Ryan Sachdeva,5,Motorcycle,2024-05-23,4.51
2170,DP-914e2453-3b72-5fb6-ae07-6220e8ce23a4,Zayan Varma,9,Motorcycle,2026-03-13,4.95
2171,DP-53711fbf-41b0-57c1-a165-a9454dc077de,Pranit Bahl,7,Motorcycle,2026-02-21,5.0
2172,DP-03088dbe-89be-50f8-9fbc-16066b92b8de,Xalak Kala,4,Motorcycle,2025-10-18,4.61
2173,DP-320a9d77-1349-5b91-9895-93ab19d27b82,Amrita Walia,9,Bicycle,2026-06-20,3.92
2174,DP-ef418a61-505e-531d-ba7c-10fc0eb0d597,Darpan Vig,2,Motorcycle,2024-05-13,4.62
2175,DP-5779880b-0879-535b-b9e0-4630ca77c92a,Janya Shere,5,Motorcycle,2023-05-26,4.43
2176,DP-9ec48620-950e-544c-bb0a-2fe2ac964c2d,Wridesh Dora,11,Motorcycle,2024-09-09,3.96
2177,DP-0ba112b1-543d-547f-959c-96436b98082b,Radhika Roy,7,Bicycle,2025-08-09,4.12
2178,DP-b7dabc59-ce1a-5de9-905d-3573de1ef4a3,Devansh Jani,26,Motorcycle,2025-09-21,4.17
2179,DP-0836542d-9b98-54ae-aee1-59903624a54d,Amara Mangat,4,Motorcycle,2024-05-10,4.72
2180,DP-51096bfe-5a59-577d-b74d-6b98321d337c,Aahana Keer,46,Motorcycle,2024-01-09,5.0
2181,DP-12f918ff-c43d-5607-b5b9-9f605dc9f97c,William Comar,23,Motorcycle,2024-07-22,4.66
2182,DP-59806a63-4629-54ef-ba0b-1364915e2b69,Rehaan Bala,45,Motorcycle,2025-10-22,4.73
2183,DP-30bb7b5b-9a4c-5824-bc02-d88c44d5ead1,Dayita Shetty,28,Motorcycle,2023-03-19,4.45
2184,DP-9118fdd0-05b2-5ede-bedd-6f377217bb0d,Rajata Sami,2,Electric Scooter,2024-02-23,4.29
2185,DP-266604ab-b5bf-5dad-8e09-9c29fa1c4a2b,Saksham Dutta,9,Motorcycle,2023-10-21,4.67
2186,DP-31aa65d1-8072-5b0c-a89f-2103567cefcc,Laban Balakrishnan,3,Motorcycle,2025-10-25,4.57
2187,DP-3bdd8480-516d-5078-be5b-c2eb6f82648a,Arunima Goda,26,Motorcycle,2024-08-22,4.2
2188,DP-a309c2c6-7fc7-5753-9fbc-8662a6219afb,Vedika Bahri,11,Motorcycle,2023-04-21,4.55
2189,DP-34a0b457-cd3e-530b-b272-514cd9f748c2,Fiyaz Murthy,4,Motorcycle,2023-12-01,4.48
2190,DP-2ec1586e-ea31-50be-b028-138bd0fb8116,Devansh Ray,40,Motorcycle,2023-02-26,4.37
2191,DP-f19a0ad7-72fa-5d6a-be77-d5c3e4f3a686,Gautam Ranganathan,2,Motorcycle,2024-08-29,4.27
2192,DP-784a3258-3f28-5e04-9c08-37882043d99f,Warinder Choudhury,11,Motorcycle,2026-06-27,4.61
2193,DP-4b2dded2-130c-5413-8f0a-1f36ab35b6c0,Zayan Taneja,18,Motorcycle,2024-12-24,4.3
2194,DP-5da04a06-1241-575d-a67c-17eb1dfa6212,Wazir Das,1,Motorcycle,2026-01-14,5.0
2195,DP-63f9193b-09da-5513-a83f-e60c3926543c,Forum Ramakrishnan,12,Motorcycle,2025-08-05,4.65
2196,DP-ad522ed3-b37b-528a-9b73-710acff0b1e5,Pallavi Kamdar,26,Electric Scooter,2026-01-31,4.62
2197,DP-eaddaf18-5edc-5999-a064-f0183bc2704f,Hredhaan Gill,1,Motorcycle,2024-02-01,4.42
2198,DP-263eda7f-9dd4-5eb9-9ff0-749bd5177747,Anvi Sarraf,9,Motorcycle,2026-04-28,4.34
2199,DP-fd8b4b04-fcaa-57a9-87c0-206cdc87a2df,Aachal Bhalla,4,Motorcycle,2023-11-01,3.85
2200,DP-9035cd3b-fe00-53bf-9996-ed79bd1d8867,Kavya Chowdhury,15,Motorcycle,2024-07-13,4.22
2201,DP-53f2b2b8-d19a-5aa7-9076-5ac5807c00a4,Pallavi Soman,2,Motorcycle,2025-05-19,3.91
2202,DP-35099771-75a7-58ce-ab3b-cc55c18ef5aa,Arunima Dhillon,41,Motorcycle,2024-01-02,3.91
2203,DP-17f37376-515a-59e5-9f42-4c093a3c8009,Vaishnavi Pillai,35,Motorcycle,2023-12-04,4.07
2204,DP-e9aebfc4-f8b6-543b-9467-e194ee880d93,Ansh Banerjee,3,Motorcycle,2023-06-15,4.9
2205,DP-62d1c888-9d8d-56a0-9e41-bcb9c0ab9cd6,Wriddhish Kulkarni,5,Motorcycle,2023-01-06,4.9
2206,DP-d9b89690-5ad7-5456-bf3c-c300a181ca15,Dayamai Patil,12,Motorcycle,2024-10-01,4.23
2207,DP-5e51a910-eb9b-5d12-b1db-945b6d5fe531,Warjas Savant,18,Bicycle,2026-06-13,3.99
2208,DP-2492d96b-3447-5016-be51-82634e6bf138,Abhiram Ramaswamy,7,Motorcycle,2023-10-08,4.33
2209,DP-5c993b1c-2da2-5642-beff-b0482457cbdd,Charvi Chana,2,Motorcycle,2024-07-15,4.72
2210,DP-2782ac34-ebef-5003-870e-c3467ac0b138,Chameli Kade,2,Motorcycle,2026-04-08,4.82
2211,DP-90451a2a-9543-5b33-8b1c-71d36463f425,Reva Nadig,50,Motorcycle,2025-09-12,4.55
2212,DP-62469635-35a4-5d12-83d5-362cb44d8833,Bahadurjit Mahal,8,Motorcycle,2023-01-06,4.61
2213,DP-e41d95a0-fb78-561a-970c-e18a739e7af3,Vyanjana Sinha,32,Electric Scooter,2024-09-30,4.57
2214,DP-63d72417-73af-5ee2-96e0-46c7dbba6e6c,Gaurangi Sami,8,Motorcycle,2023-07-02,3.93
2215,DP-4ea273d4-3aa2-5e7d-94e1-e46eeb4cf526,Naveen Lal,39,Electric Scooter,2023-11-12,4.02
2216,DP-c5c57c96-9f6a-50d1-b7e7-67d9dc3dae04,Indira Salvi,2,Electric Scooter,2023-11-11,5.0
2217,DP-8caaebd9-b498-5418-b8bd-9bcf9d92eaa3,Sudiksha Bala,2,Electric Scooter,2025-02-20,4.54
2218,DP-74394423-aec5-5ed6-bb21-176e16dde1f0,Qarin Sawhney,40,Motorcycle,2023-09-11,3.78
2219,DP-06ba8751-f216-5dd5-919e-c579d528fc5b,Aarush Rattan,42,Motorcycle,2023-11-18,4.63
2220,DP-7fc26f2c-20dc-54b6-b046-0919bed47dff,Dalaja Murthy,5,Electric Scooter,2023-10-16,4.16
2221,DP-44466e67-e447-5bd7-a0c6-d2ef0a204fc9,Indrajit Dugar,6,Electric Scooter,2024-03-31,4.85
2222,DP-b9e56de9-1e41-5248-ac75-f18f2dd45488,Zaitra De,8,Motorcycle,2025-04-17,4.81
2223,DP-81bdaddc-89bf-5fe7-922d-809e956b475e,Ekaja Seth,7,Motorcycle,2024-05-25,4.69
2224,DP-8ee3fc86-5092-555e-961d-ab67d82d9156,Kiaan Lad,3,Motorcycle,2024-02-22,4.54
2225,DP-66d5386b-196b-5010-a45c-ffa6e78fc89f,Falak Manda,35,Motorcycle,2024-10-22,4.94
2226,DP-784d5890-836e-5930-9bb3-6b5f817e8eec,Frado Sachdeva,4,Motorcycle,2025-02-23,4.98
2227,DP-b7c6841d-dba1-5618-b43a-616a513a0932,Qabil Ramaswamy,18,Motorcycle,2023-01-20,4.17
2228,DP-69fc767f-0b62-5e4f-828a-97f609158885,Udarsh Bail,1,Motorcycle,2026-02-09,4.69
2229,DP-063d0053-c8eb-5982-bc6b-f2fd0a25b20d,Veer Chakraborty,1,Bicycle,2026-03-15,4.28
2230,DP-a7fc4103-ef26-56cc-be62-62b9d3174455,Rushil Lala,15,Motorcycle,2025-02-07,4.12
2231,DP-4b61ad65-cf70-5bfb-a400-c8b4d730af43,Chandran Rattan,5,Electric Scooter,2025-01-03,4.98
2232,DP-93ecebda-3b39-54b9-9bfb-2a04c0366f9f,Abha Dixit,15,Motorcycle,2025-06-05,4.75
2233,DP-34eebeb6-417d-5b63-9abf-579cd9b635a1,Jhalak Garde,2,Motorcycle,2024-07-16,4.57
2234,DP-92bf48cf-f95d-59b8-9e4c-f5c55b614f76,Akshay Vora,43,Electric Scooter,2024-04-11,4.2
2235,DP-49bb6d91-8d1b-52a3-b731-9a242c27a14b,Sudiksha Talwar,20,Motorcycle,2024-03-26,4.99
2236,DP-ddc2ad0b-43a7-5d87-a4e7-d255b19ec4cb,Udarsh Jani,32,Motorcycle,2023-07-23,5.0
2237,DP-71248607-e825-547e-a642-eaa3c17025d0,Amaira Mani,2,Electric Scooter,2025-12-09,4.15
2238,DP-9df60ea1-4ae7-5a66-84c2-bfae35fb28d1,Lavanya De,5,Motorcycle,2024-02-14,4.08
2239,DP-6c34d119-8db4-5df9-a571-7263e0a8f522,Samuel Kale,6,Motorcycle,2023-12-29,4.48
2240,DP-439af9be-bb70-50f0-aebe-768e1dbc75c6,Ranbir Sahota,10,Motorcycle,2026-05-15,4.71
2241,DP-4fdad0fb-ba30-55dd-a52b-f2dfeb3e39d7,Nilima Dhingra,4,Motorcycle,2024-10-08,4.36
2242,DP-6004ee0d-c174-5bfb-907e-e11852176df6,Bina Lala,1,Motorcycle,2025-03-04,5.0
2243,DP-2a1bb27c-05ba-5764-81c7-7d3c32c7fc4a,Shravya Kothari,6,Motorcycle,2023-11-10,4.53
2244,DP-98b96a66-ce85-5a2d-901d-e36c414603d6,Tara Chada,4,Motorcycle,2023-12-21,4.28
2245,DP-9e4d1746-d8cb-558e-afbf-cb88c3ba0708,Upasna Deol,6,Motorcycle,2025-07-18,4.31
2246,DP-a7d22d8b-9e57-50f6-88ec-22ba29e3f3e2,Mitali Kala,3,Motorcycle,2024-07-29,5.0
2247,DP-c8b1ff33-d0e4-515b-b77b-69c5e53cc25d,Pallavi Kunda,4,Motorcycle,2023-07-08,4.44
2248,DP-77fd4784-f2ad-5479-a67e-83e24a91bc19,Girish Bhargava,13,Motorcycle,2025-12-02,4.97
2249,DP-ae51f975-6d52-5f04-92b5-d72a6cdd52ca,Gaurangi Keer,6,Motorcycle,2024-05-28,3.9
2250,DP-e2541ca8-fa3c-5282-ae35-537293d89c28,Irya Bath,5,Motorcycle,2025-05-02,4.86
2251,DP-ba65c403-9e41-5fad-9100-ec8eec0f4626,Zehaan Thaman,10,Motorcycle,2024-03-11,4.21
2252,DP-21940029-5fb9-5eae-8e1c-32a634ea7f4d,Chasmum Rana,22,Electric Scooter,2024-12-16,4.76
2253,DP-c5f8f2c2-218b-5b9f-bb95-cde99593de34,Kevin Barman,6,Motorcycle,2025-09-16,4.21
2254,DP-0618da8b-5414-5ce2-9898-c8cbb4b07fd4,Abha Gara,12,Motorcycle,2026-02-03,4.34
2255,DP-7de3e74b-fe2d-5481-869b-feb937c604f7,Harinakshi Sidhu,45,Electric Scooter,2023-09-22,4.11
2256,DP-18bba3bf-7b66-539d-a51a-fe944c488fc1,Gaurav Nadig,9,Motorcycle,2025-05-08,4.76
2257,DP-c0fabff3-71d5-5c01-8971-e10cc8bae1fc,Lucky Lad,37,Motorcycle,2026-03-13,4.82
2258,DP-d0bcb55b-ac4f-5d94-8ee1-143d57138b48,Dhriti Basu,24,Motorcycle,2025-03-31,4.22
2259,DP-01d5cede-cac0-54cf-af18-5307efde7824,Xalak Mand,1,Bicycle,2023-07-02,3.97
2260,DP-3df6b2a3-b1c3-54b8-bbc5-c1d4923c62c6,Qushi Mandal,7,Motorcycle,2023-08-31,4.96
2261,DP-c38dc968-9129-5023-b986-783a283f4e02,Aishani Varughese,17,Bicycle,2023-09-16,4.26
2262,DP-5d8b8614-e882-52cd-b9a1-c3afd85a2cae,Rajata Gala,48,Motorcycle,2023-05-16,4.43
2263,DP-271c0d54-25b2-5b24-8e3a-05c4113a9b9b,Vyanjana Dora,8,Motorcycle,2025-08-19,4.16
2264,DP-72e6b10e-248d-5468-95f7-e0030448d44e,Chatresh Gulati,2,Motorcycle,2026-05-16,4.73
2265,DP-4035937c-5a57-536a-ad14-f70d3471f5ba,Chatura Karpe,11,Bicycle,2024-10-21,4.74
2266,DP-1f6a197f-e198-5366-ad67-84b654929785,Balendra Singhal,2,Motorcycle,2025-02-03,5.0
2267,DP-3c0b093e-59e1-56ca-b705-75f84f6fa4e0,Nihal Sibal,21,Motorcycle,2025-09-14,4.87
2268,DP-5d693515-c45c-589c-908a-1cda751862b4,Jack Talwar,9,Motorcycle,2024-06-14,4.84
2269,DP-5fe56542-f13f-5016-8b65-6d97e420666a,Riya Parikh,19,Bicycle,2024-08-25,4.46
2270,DP-f08e0be0-e8ae-537a-a7eb-06ac4f28539f,Tanvi Tailor,32,Motorcycle,2025-01-21,4.41
2271,DP-ba06c055-cb3c-5ba7-bb0e-d2e63cb19c5b,Manbir Dasgupta,13,Motorcycle,2024-01-24,4.72
2272,DP-592cb7b3-95d6-5048-bc42-5ef606d543c1,Girik Jani,13,Electric Scooter,2023-03-20,4.44
2273,DP-47d3d37a-4681-55c8-9b62-fe9ba5f4f366,Pranit Ganguly,21,Bicycle,2024-12-25,4.88
2274,DP-37c9c025-4a9e-5270-94ee-a2f7f3e82a09,Simon Agrawal,28,Motorcycle,2025-11-15,4.14
2275,DP-65351e58-7c29-5a86-96bb-e5560fbddbf4,Omaja Bose,32,Motorcycle,2023-04-04,3.89
2276,DP-1fe17409-3db3-537c-8179-17f053b4ad1c,Wishi Chandra,1,Electric Scooter,2023-10-04,4.68
2277,DP-38762fe7-7ad1-5d33-9824-48d99b553a83,Atharv Mane,10,Motorcycle,2023-12-02,4.3
2278,DP-92907baa-51f2-5521-9b4a-e9b177bf01e0,Meera Prakash,3,Motorcycle,2025-10-23,4.1
2279,DP-4a7e47df-4611-52c1-808f-6b67577ae5d1,Ekiya Dube,31,Motorcycle,2024-10-05,5.0
2280,DP-08fda837-e665-58fc-abad-c7c53653ab96,Finn Sharma,14,Motorcycle,2024-11-12,4.49
2281,DP-c1bf5a77-4349-5b43-93b3-8a0552ca23f0,Sudiksha Luthra,7,Motorcycle,2025-04-03,4.02
2282,DP-8096300d-2ae9-5968-8748-08b844b63a47,Forum Bassi,3,Motorcycle,2023-12-19,4.26
2283,DP-d06d6e3c-92e6-5b1d-9bc3-e1f42db7479b,Ekta Dayal,5,Motorcycle,2025-06-29,4.39
2284,DP-00bb6aa1-94c2-5e63-bd9e-47b867a95f0e,Chanakya Mandal,17,Motorcycle,2023-02-08,4.67
2285,DP-edb1c145-8e7d-5d83-8b06-e2204cf8e5fd,Christopher Bobal,3,Motorcycle,2023-05-26,4.26
2286,DP-f1e98df9-5472-5f06-a8ec-faec5288451e,George Rastogi,2,Motorcycle,2025-11-07,4.43
2287,DP-ff3b8229-7509-5272-906b-cba87e0bd6ed,Pranav Khatri,34,Motorcycle,2025-04-19,4.58
2288,DP-92cec9c2-f7d7-5027-86f4-34f09f25d152,Gaurav Bail,21,Motorcycle,2023-08-14,4.65
2289,DP-0bc28e90-2990-5d13-ad06-13bad69b8e22,Nicholas Rama,3,Motorcycle,2024-07-13,4.46
2290,DP-53d6e2c9-57a2-5e75-84d1-f3a9ae7f3e04,Bhavani Dube,4,Electric Scooter,2023-03-08,5.0
2291,DP-626abb05-de53-5587-9149-2d539f543564,Chanchal Swaminathan,46,Motorcycle,2025-05-07,4.73
2292,DP-9a0d0323-b084-5d03-b9a6-1255a4b03de5,Dayita Deep,18,Motorcycle,2025-08-22,4.71
2293,DP-99feba9e-867a-5ec6-9a7d-a71d3f76e3a6,Gopal Pillai,13,Motorcycle,2023-12-22,4.7
2294,DP-735d7279-8d71-53a8-b3a1-831d25388d12,Vrishti Sehgal,5,Motorcycle,2024-03-22,4.89
2295,DP-0b83e805-249f-587e-9d2f-039e50aa9289,Vamakshi Loyal,5,Motorcycle,2023-10-30,4.56
2296,DP-d1f576aa-8c84-536a-825b-8c3437d115f8,Gautam Sami,1,Electric Scooter,2024-05-11,4.14
2297,DP-135730ad-72f7-5a01-8ec7-fd6ec98f51c2,Quincy Saraf,19,Motorcycle,2023-12-14,4.63
2298,DP-8c2430f2-6c64-51c0-b26e-b1c48aa45cb6,Girik Baria,1,Motorcycle,2023-11-12,4.67
2299,DP-8d9cfe0b-8afc-5d9e-b9af-910cb939a10a,Ubika Kapur,1,Electric Scooter,2024-07-02,4.95
2300,DP-fea130f8-25fc-5034-a58e-3ac004a0cd43,Warhi Vyas,19,Motorcycle,2026-01-01,4.11
2301,DP-ba3f0318-164c-54d8-b56c-e0f336b45126,Bina Sidhu,42,Electric Scooter,2025-08-31,4.18
2302,DP-ad71fb49-ce79-59eb-a9b3-8155bfbc891c,Fariq Sridhar,21,Motorcycle,2024-01-15,4.5
2303,DP-27e8f3a8-6109-5b4f-bb99-7de322817ccc,Manthan Datta,8,Motorcycle,2026-04-18,4.71
2304,DP-4aa6cd22-f5a6-506e-9ea4-3417b80bcef4,Yuvraj Virk,8,Motorcycle,2023-09-26,4.05
2305,DP-812971ea-ff7f-556f-9c67-e5c1baf9b48e,Chakrika Batta,7,Electric Scooter,2026-03-08,4.12
2306,DP-33a0d218-103d-5138-9c43-d20c5d104171,Chakradev Varghese,5,Motorcycle,2024-01-30,4.79
2307,DP-50f2c2a1-83e9-51a7-9fcc-adf699a08efe,Yashvi Sandal,9,Motorcycle,2024-11-20,4.06
2308,DP-f06b5548-601a-5cf3-9d1b-dc08dedf4ce5,Girindra Shetty,7,Motorcycle,2023-09-17,4.18
2309,DP-48f55cb6-ef45-5b26-91e1-452b9704c678,Isha Kumar,12,Motorcycle,2025-08-30,4.82
2310,DP-be3f75a3-b3b1-56d7-aeda-26b4a40c43e6,Yahvi Babu,35,Bicycle,2024-02-10,4.7
2311,DP-019bb53c-55d3-5a9c-bcd8-ffffd0b1b331,Turvi Gola,50,Electric Scooter,2026-01-18,4.26
2312,DP-42b7a86e-c752-5e7c-b370-5afd104898b7,Maya Bath,1,Motorcycle,2023-04-16,4.66
2313,DP-45fdff37-f23a-558e-a034-65302a68a4fd,Omaja Mishra,6,Electric Scooter,2024-10-02,4.59
2314,DP-7b73b699-0fa2-5507-9070-80d4852ca332,Suhani Sengupta,3,Motorcycle,2023-07-22,4.44
2315,DP-1338c4ff-220e-5d4d-af78-ad52a223f3cb,Harita Grover,5,Motorcycle,2026-02-08,4.35
2316,DP-847e92f3-b2f8-53ed-80e2-834ca494c611,Qasim Brar,4,Electric Scooter,2024-06-16,4.64
2317,DP-b02d9557-a99a-5383-b58f-44eba798503f,Hitesh Saraf,3,Motorcycle,2025-05-10,4.09
2318,DP-ccd3a2ac-ebb2-5413-86e6-e3d922bd19cd,Abdul Rana,21,Motorcycle,2026-01-27,4.64
2319,DP-9c69acab-59c9-59a4-890e-1f383535c8c3,Agastya Garg,9,Bicycle,2024-11-14,4.55
2320,DP-34a08ed7-a78a-590f-9bfe-aace42d4e9f1,Triveni Ravel,38,Motorcycle,2023-03-15,4.58
2321,DP-9111788b-fd1c-5621-8948-33fafa484056,Chavvi Patel,1,Motorcycle,2023-10-09,4.17
2322,DP-dcae7be7-aae1-53b7-b1a6-198ab7731c3c,Chasmum Chahal,1,Electric Scooter,2023-09-29,4.96
2323,DP-0ffdda94-a545-5eec-9d10-3fa2297e497d,Krishna Atwal,7,Motorcycle,2026-03-12,4.27
2324,DP-d28fedb7-a6d3-510b-a5ea-b5175df1d633,Isaac Babu,1,Motorcycle,2026-03-05,4.32
2325,DP-26a8078a-743a-53b6-8b12-e4624e59813b,Avi Kadakia,4,Electric Scooter,2024-08-31,4.43
2326,DP-5c1a9d32-6789-5acf-9628-2ac221492fcb,Maanav Khurana,48,Motorcycle,2026-02-09,4.7
2327,DP-c98c7928-cbfa-5983-bd47-45c374e1403d,Rayaan Chadha,3,Electric Scooter,2023-11-10,4.57
2328,DP-e10697ef-9504-5ad9-b1a6-ebf66eb8f211,Ubika Divan,3,Motorcycle,2025-05-16,3.96
2329,DP-57eee965-b895-5e8f-aec4-3336cfe7fef0,Pahal Bains,11,Motorcycle,2024-05-15,4.48
2330,DP-8ce1fa8b-6f62-55c0-b6f4-ea2309671785,Ojas Dua,9,Motorcycle,2023-11-03,4.51
2331,DP-bafae81c-97cf-5d6a-870d-23a76de32010,Vedhika Sinha,11,Motorcycle,2023-11-16,4.97
2332,DP-02c61775-92dc-54dd-8e21-dae55aecd6d2,Shivani Kibe,6,Motorcycle,2024-06-19,4.38
2333,DP-bddb2378-bf9b-552c-a167-1de794086444,Chaitaly Ramanathan,27,Motorcycle,2024-03-09,4.67
2334,DP-32ab20fe-53cf-5856-802a-8c6fb6537175,Gauri Anand,2,Motorcycle,2023-09-27,5.0
2335,DP-91f19c23-157d-5dd6-a40c-22e2184acbcc,Rachana Sagar,7,Bicycle,2024-03-02,4.9
2336,DP-b20b4003-98d8-5d68-9ab3-ead6801ab65d,Bina Bansal,17,Motorcycle,2023-06-14,4.15
2337,DP-bbf22bb5-6600-566b-92e2-92f985d15662,Mugdha Sunder,32,Motorcycle,2026-05-22,4.75
2338,DP-264c3f46-980d-5a9a-97dd-b2e128933543,Vincent Bhat,6,Bicycle,2024-04-29,4.64
2339,DP-62dd928c-4f71-5958-9e25-f4fe7c60def3,Pahal Mutti,11,Motorcycle,2023-05-18,4.37
2340,DP-0cbce86a-0073-5d8c-a7c2-f5f513bb9d02,Amrita Sahni,1,Electric Scooter,2025-01-04,4.75
2341,DP-a171e74b-8946-553e-9bab-500f314be1ca,Jackson Talwar,3,Bicycle,2026-01-31,4.15
2342,DP-62647c21-d701-57fd-830d-7edd464b2ba9,Saumya Sarin,1,Motorcycle,2024-04-04,4.27
2343,DP-abcd127a-d91e-59c0-a1c2-edbffc0ceab3,Neel Mani,19,Motorcycle,2025-12-14,4.43
2344,DP-470684fc-bd76-5d4e-979a-38f66387b83c,Upasna Padmanabhan,4,Motorcycle,2025-02-18,4.35
2345,DP-f3b68bb3-1481-57b3-98c3-784d1063cb1c,Vincent Tripathi,19,Motorcycle,2025-08-01,4.71
2346,DP-9e839932-3ed1-544b-a535-83972737cbdc,Harinakshi Sidhu,1,Motorcycle,2024-01-14,4.47
2347,DP-9a47cfc7-8dbb-5985-8eec-d08a9278a1d5,Chaaya Ramakrishnan,31,Motorcycle,2023-02-17,4.32
2348,DP-7965155d-a4d9-518a-9520-add4c619c3e5,Jagvi Sodhi,28,Motorcycle,2024-03-17,4.89
2349,DP-644dc4af-747c-5c5c-a6d1-1efe1bf0a07a,Sarthak Mandal,2,Motorcycle,2026-03-25,4.7
2350,DP-6c424bf8-6559-504d-9c2a-667a6fa45f03,Vasudha Dayal,1,Motorcycle,2025-10-05,4.01
2351,DP-13ebd577-6e80-527f-85ba-3eef7430daa1,Ryan Dugar,1,Electric Scooter,2025-09-27,4.01
2352,DP-56ce13ea-8de1-58cf-89f4-04ebfc51e154,Harrison Sagar,30,Motorcycle,2026-01-25,4.32
2353,DP-d1768b56-9cdc-5fd8-a25d-245ccd2fba12,Chavvi Keer,3,Motorcycle,2024-04-21,4.05
2354,DP-edb9c15b-7ee6-562e-8fd5-68938041d20e,Champak Badami,10,Motorcycle,2024-02-15,4.82
2355,DP-6fbc31c3-b185-568f-9b6b-063d1039f2f8,Advika Parikh,7,Electric Scooter,2026-03-26,4.29
2356,DP-1251358a-5417-56b6-a75f-c941f7c49eaa,Owen Thakur,24,Motorcycle,2024-12-30,4.67
2357,DP-2ee3d24c-5d02-5b68-90ef-dbf2a4691c25,Devansh Nazareth,8,Motorcycle,2024-01-16,5.0
2358,DP-cc0ff953-fbf9-5720-9c99-3e134fd759fe,Ishaan Karan,9,Electric Scooter,2023-12-21,4.74
2359,DP-64df9fcd-effb-554f-b1d7-4f2399761b7c,Udarsh Sur,49,Motorcycle,2026-01-24,3.85
2360,DP-2848714c-dc19-551c-9feb-b11228d93c34,Harini Pant,2,Bicycle,2023-03-10,4.3
2361,DP-31860eb1-fa5b-52d2-a4ad-3b1c869b899b,Amara Dora,27,Motorcycle,2023-03-20,4.42
2362,DP-e11ebf63-698f-5145-98d5-56c5ae682a83,Chandresh Sarma,1,Motorcycle,2025-07-30,4.58
2363,DP-4a7183ef-027d-5374-8a9d-2b6def4ef50a,Indrajit Cherian,8,Motorcycle,2023-01-02,4.8
2364,DP-2179e47b-c5d8-50b4-9e12-8f3c72e4c824,Benjamin Tripathi,34,Motorcycle,2023-08-07,5.0
2365,DP-64101fa8-6470-50b7-9b6a-279c050546df,Oliver Dalal,15,Motorcycle,2026-06-18,5.0
2366,DP-56103b1d-46d9-5eee-a674-f9e32b763071,Janaki Dugar,16,Motorcycle,2024-06-27,4.47
2367,DP-c99c183d-88bd-59f2-817f-e2287bfc4916,Riya Toor,4,Motorcycle,2025-07-17,4.47
2368,DP-2107d4c7-b7d3-58dc-b2e3-ad243755e32b,Hardik Dube,7,Motorcycle,2024-09-13,5.0
2369,DP-016b9692-4a5e-5d26-af5e-07076932802f,Gaurika Devi,6,Motorcycle,2023-04-26,4.49
2370,DP-bbf5e465-5744-58d7-b0ee-7d72c9da7141,Saksham Sarna,9,Motorcycle,2023-08-24,4.29
2371,DP-8374ef78-9f1a-55e2-b133-b437e1e03852,Abeer Korpal,8,Motorcycle,2025-08-29,4.83
2372,DP-b911b5a1-ca0a-5c48-9b47-749ff0bff340,Harita Mangat,5,Motorcycle,2023-05-01,4.6
2373,DP-b7009166-6f02-587e-89e2-b06f8cf08f7f,Frederick Lata,5,Bicycle,2025-01-28,4.0
2374,DP-7e70f7d9-c676-52c4-b9d8-cbb8c9e01f0d,Oeshi Patel,4,Bicycle,2024-03-20,4.38
2375,DP-cc4183da-ea60-522f-ae4d-1749b7499557,Max Wagle,6,Motorcycle,2024-04-17,4.06
2376,DP-97d9b261-65f9-569d-9b63-7708d553627a,Vedant Devi,2,Motorcycle,2026-04-30,3.66
2377,DP-c5a0197c-959d-58a0-8418-8a7c1b0f0d44,Odika Rout,32,Motorcycle,2025-02-12,5.0
2378,DP-da8c48af-1242-573f-bb32-5734bd92139e,Zaitra Pathak,12,Motorcycle,2025-02-23,4.53
2379,DP-dc7ba720-f378-56c3-ac68-854a762865fb,Saanvi Dhingra,2,Motorcycle,2024-03-23,4.4
2380,DP-8376b68e-4f80-55b0-afa1-ad23ef98dbe8,Zansi Boase,17,Motorcycle,2024-05-01,4.32
2381,DP-9dd4a357-1056-5a8e-bb24-f85d0861bc73,Hamsini Murty,29,Bicycle,2025-05-25,4.5
2382,DP-1e0bfa41-43f1-5bdd-9511-f9eaf1b34b02,Nitesh Saraf,4,Electric Scooter,2023-02-19,4.32
2383,DP-6c88d2a2-e8db-5469-a932-65d7578d9fe5,Maya Bansal,2,Motorcycle,2023-10-30,4.16
2384,DP-7dc46b87-2177-53c8-a5d7-5169b5bc306f,Dalbir Venkatesh,1,Motorcycle,2025-02-04,4.33
2385,DP-d032912f-47d6-5d33-a1a5-9ce48988b598,Oni Ratti,1,Motorcycle,2025-03-06,4.98
2386,DP-3661a248-d255-5bf8-bdcb-8207554c84de,Dipta Padmanabhan,21,Motorcycle,2023-04-28,4.82
2387,DP-15343f3e-6014-5f04-aebd-0e61948388d5,Ati Wable,48,Motorcycle,2025-10-02,4.34
2388,DP-3c931b2a-582a-55d9-9344-8eb6be4be089,Netra Sehgal,1,Motorcycle,2024-11-23,5.0
2389,DP-7465120e-dcd0-596b-9cd8-8a44da501d11,Riya Pai,20,Motorcycle,2023-10-31,4.47
2390,DP-87443edb-1806-57e6-bd8b-df211105efbe,Rudra Mitra,1,Motorcycle,2025-08-17,4.23
2391,DP-912b0576-c79a-59b5-868d-3d682061414a,Balhaar Yogi,12,Motorcycle,2026-06-18,4.62
2392,DP-19fbb98c-4c3a-5fec-b759-ffd872a7d6f1,Madhavi Date,21,Motorcycle,2024-06-24,5.0
2393,DP-25cefd1e-1964-5d56-abeb-b15fc6111465,Tanay Chander,6,Motorcycle,2023-12-28,4.96
2394,DP-35e96ff3-dbba-595f-9263-5cc25f4e5f86,Harini Dutta,1,Motorcycle,2024-01-18,4.24
2395,DP-0dd0c5c1-fe2b-5758-981a-327937d97f28,Ayaan Zacharia,12,Motorcycle,2025-01-26,4.09
2396,DP-e2250078-3395-5dba-bdd8-0eefd301b47a,Wyatt Modi,49,Motorcycle,2023-03-02,4.36
2397,DP-7d379988-9de8-58e1-9946-70475c69a59c,Yashasvi Choudhry,4,Motorcycle,2024-09-08,4.67
2398,DP-989576db-544a-5446-ac48-4370d210ada1,Kashish Lad,3,Electric Scooter,2023-02-01,4.77
2399,DP-cfc87fda-c2fd-53ee-925e-5cf59c92a57a,Jatin Batta,2,Motorcycle,2023-02-19,4.91
2400,DP-a09c26ae-399a-5ecd-98b7-9bfbdf97e7be,Saumya Misra,10,Motorcycle,2024-07-02,4.55
2401,DP-ffbb0355-a38a-51b0-a4c7-fed943a899c0,Sudiksha Nori,12,Motorcycle,2025-08-09,4.56
2402,DP-05cae886-337f-579d-9bcb-8900add1adbc,Vivaan Palla,24,Motorcycle,2026-02-01,4.54
2403,DP-82b9ba9d-90f8-561f-bd39-048880921596,Bhavani Dey,21,Motorcycle,2023-04-22,4.85
2404,DP-2e0fb880-c4f6-53b0-902d-97b37239dd0b,Zinal Kota,35,Motorcycle,2023-11-08,4.78
2405,DP-8e45a618-bf90-5dd1-b8bb-fb61b55d6b03,Falak Varty,25,Motorcycle,2024-06-22,4.23
2406,DP-40ed8f9d-8b29-5af1-9435-b29f9ef5b4e6,Jalsa Sha,4,Motorcycle,2025-01-02,4.73
2407,DP-b31522b6-f4b4-53db-ad5c-5f440b0ef0eb,Manan Sandal,10,Motorcycle,2026-06-13,4.83
2408,DP-8132314c-c948-58a8-96f1-75d43dd38a13,Finn Chanda,4,Motorcycle,2025-05-23,4.86
2409,DP-4a5e64a5-8685-5f24-913f-d834283c3de8,Pavani De,5,Motorcycle,2024-11-17,4.6
2410,DP-cbe66f11-3a69-5f78-a1c7-e853e904a3dd,Tanish Sehgal,40,Electric Scooter,2023-03-19,4.58
2411,DP-060e9b46-5183-54e1-8c92-a59f808dcb4a,Kala Vora,16,Bicycle,2023-04-14,4.48
2412,DP-b1bf0fb5-f420-5e5f-8a1a-62da242855e2,Zilmil Rana,46,Motorcycle,2023-07-15,4.52
2413,DP-fd8490bf-7362-50a9-ab10-87e58a8cd3d5,Wishi Sampath,7,Motorcycle,2025-04-23,5.0
2414,DP-e700514c-4b41-5dd5-8dc1-ef3be3286388,Vrishti Saha,10,Motorcycle,2024-02-27,4.53
2415,DP-791a6edc-9271-572f-b929-87a659cf62f9,Maanas Tiwari,8,Motorcycle,2023-11-04,4.25
2416,DP-53748328-afad-5df5-a87e-53bcaacfd55c,Vedhika Shankar,2,Motorcycle,2025-05-05,4.61
2417,DP-cd41816b-ef54-5b68-be12-63f0f25ea5b4,Yochana Wadhwa,4,Electric Scooter,2025-11-06,4.76
2418,DP-b711d1ec-b73b-511b-addd-3e836c706870,Simon Shah,10,Motorcycle,2024-07-14,4.84
2419,DP-8c65ac2b-3e5e-539f-a0d7-de73af79f106,Bachittar Dugar,1,Motorcycle,2026-01-30,4.15
2420,DP-24b6acca-af93-5f56-a058-844ca5643a51,Jagat Rege,40,Motorcycle,2025-07-25,5.0
2421,DP-d03f53ad-2558-5525-bba6-2c2c7b208d87,Jai Pingle,2,Motorcycle,2025-07-02,4.75
2422,DP-9e6fa3d1-cf6c-5481-966b-c81116a603a2,Banjeet Virk,3,Electric Scooter,2026-01-12,4.99
2423,DP-399f26f1-d2cf-5538-8c63-ac92ecb98813,Jacob Prabhu,22,Motorcycle,2023-08-23,4.04
2424,DP-d3bcff98-3d20-573d-82a6-614d28324724,Kavya Mitter,2,Motorcycle,2025-08-25,4.87
2425,DP-24aff448-a8eb-562f-82f1-9d2a91a3ee9e,Vedika Bala,36,Motorcycle,2026-05-07,4.14
2426,DP-d47e231c-62d2-5434-8a96-a3d9aae080ae,Lucky Sama,19,Motorcycle,2026-06-20,4.4
2427,DP-8b837d13-dfd4-58c7-aaa7-38f7b3ddad85,Dalaja Mander,1,Motorcycle,2025-01-07,4.76
2428,DP-180109ae-aa40-560e-8224-024390ff6b7f,Qadim Suresh,17,Electric Scooter,2025-08-20,4.11
2429,DP-c809b60b-080c-516d-af34-7fc000911b44,Jason Palla,14,Motorcycle,2026-02-07,4.31
2430,DP-20d0dfb5-db11-505f-b031-6171a0cc2d6b,Chaitanya Sahni,21,Motorcycle,2025-12-23,4.03
2431,DP-d985e493-ad56-5e4c-873c-3a11c842f19f,Dayita Sethi,27,Electric Scooter,2026-02-19,4.75
2432,DP-1d2e1e81-c83f-56d6-a1d0-00b87c4f793b,Krishna Soman,18,Motorcycle,2025-11-28,4.22
2433,DP-98dc7ad9-7893-5c56-95fc-7b92d508990f,Lakshit Thaman,11,Motorcycle,2024-05-01,4.51
2434,DP-3aaf30c8-980c-528e-9ae7-b1c37b9a5fbb,Shivani Sen,5,Motorcycle,2025-07-20,4.64
2435,DP-a0e8c86f-f2c3-5bcd-acb0-9eada2d10dff,Eshana Chakraborty,17,Motorcycle,2024-06-07,4.6
2436,DP-4aa56e5b-75b8-516a-b91a-93817ab39db2,Lila Kaul,44,Motorcycle,2025-10-20,4.57
2437,DP-7932bdab-c7f1-56df-b532-ffa20d38a360,Harinakshi Zachariah,12,Motorcycle,2025-10-30,4.57
2438,DP-b69cc57d-d9ae-5eb4-aa9c-08b814117dc7,Saanvi Mall,15,Bicycle,2026-04-07,4.05
2439,DP-6d03aef2-35ae-5bc5-9aa8-159678ec08b7,Noah Bakshi,7,Motorcycle,2025-01-20,4.42
2440,DP-1587362b-837d-53c8-91bb-58ca0b05d592,Jatin Chada,21,Motorcycle,2024-08-29,4.57
2441,DP-46fa2768-de09-5d42-b028-a8ba2ec158f7,Chatresh Vig,50,Bicycle,2023-07-31,4.53
2442,DP-abe1362e-077a-517c-9b3a-e964eebfcb20,Vamakshi Thakkar,2,Motorcycle,2025-03-25,4.46
2443,DP-10f8e7e9-099b-5602-8d9c-ede0623917d2,Jai Wali,3,Motorcycle,2024-12-23,4.27
2444,DP-dd2094db-bb07-5b36-9b2f-f7e611553726,Anirudh Maharaj,10,Motorcycle,2024-10-19,4.6
2445,DP-a5fcb367-8c80-5f53-a557-8fb56a0db00f,Yatan Sawhney,8,Motorcycle,2025-05-12,4.66
2446,DP-c52d3525-3b6c-58a8-a38e-91e5874de3e7,Ekani Ratti,11,Motorcycle,2025-12-21,4.36
2447,DP-8bbd9df9-d1a3-5712-be18-043148807607,Vyanjana Bajaj,1,Motorcycle,2023-07-09,4.84
2448,DP-77b55938-2240-5c6e-a67a-138def924d6f,Rajeshri Gole,7,Motorcycle,2024-07-04,5.0
2449,DP-e473b0cc-ce59-58e1-bc38-6c5b84f9dbc7,Arjun Wable,11,Motorcycle,2025-07-10,4.51
2450,DP-fd93e97d-2bce-58e6-97b7-9fcb26c285c9,Lavanya Kurian,11,Motorcycle,2025-11-11,4.24
2451,DP-d50a5de3-368b-54d2-a9d6-b8dc1bfea16d,Ishwar Chaudhary,15,Motorcycle,2025-09-20,4.11
2452,DP-e0fd4f1e-6103-5664-9e50-0a315e22ded1,Bhavika Dhawan,18,Motorcycle,2025-10-16,4.4
2453,DP-18e04bad-1169-5752-a50d-1b54cca7d491,Aadhya Chakraborty,14,Motorcycle,2025-12-27,4.49
2454,DP-1a59c9f6-32af-56d9-83f9-01e79e63a51e,Damyanti Reddy,24,Motorcycle,2026-05-12,4.09
2455,DP-a647e51c-bf2c-57d0-a042-de0706fb79a8,Daniel Nanda,13,Motorcycle,2025-02-14,4.39
2456,DP-a8a4b7eb-2eb4-5836-b274-21866e55e6c1,Avi Bhardwaj,10,Motorcycle,2023-11-14,4.82
2457,DP-3e1cb4ee-2ac7-50e3-8bf2-699652356a28,Madhavi Chaudhary,12,Motorcycle,2024-12-20,3.8
2458,DP-0008bcde-eb8a-5361-a1eb-59c83b08861d,Lucky Sachar,2,Motorcycle,2025-06-24,4.53
2459,DP-0e616e71-2286-58e8-8721-14f0fdc5b19a,Aarna Prashad,4,Electric Scooter,2023-05-09,4.31
2460,DP-a01872e0-e888-5226-b17f-58df44ab3b5a,Charles Jain,10,Motorcycle,2025-08-23,4.5
2461,DP-39a2cac5-1f24-5687-ad2c-a1193cc5acdf,Warjas Tailor,32,Motorcycle,2024-11-25,5.0
2462,DP-6b2e1617-848d-5c64-a0bc-0a159d7d66cf,Ishwar Luthra,16,Motorcycle,2026-04-09,4.48
2463,DP-08e4396e-3e1f-5ac7-8c8d-880c437d8143,Eesha Shetty,2,Motorcycle,2023-09-28,4.43
2464,DP-268e705f-d107-5d11-a9b0-f492bc13e2eb,Dominic Sule,12,Motorcycle,2026-03-03,4.73
2465,DP-e9e09a39-2b5b-59fa-8bbf-d1f083b9f698,Nikita Kaur,3,Motorcycle,2024-07-25,4.6
2466,DP-a32548cc-2d9f-517e-a977-6b279669c819,Amruta Chaudhuri,19,Motorcycle,2025-01-01,4.54
2467,DP-0277907c-a167-5eb8-8fc6-17c35f0cad39,Jeremiah Modi,27,Motorcycle,2025-04-22,4.61
2468,DP-e12529bc-8ef3-597f-9f0f-feff5b580407,Sanaya Chacko,12,Motorcycle,2025-01-08,4.92
2469,DP-a4d4996a-4fe4-5876-bbd2-dd31719b5a2f,Lucky Prakash,12,Motorcycle,2026-02-27,4.8
2470,DP-0f190ba8-7f14-5f74-bf59-222e9defe5f7,Yatan Yogi,5,Bicycle,2023-08-02,4.41
2471,DP-8c48d5a2-2d6d-5edf-ad91-d5935c61693d,Siya Barman,7,Motorcycle,2025-07-20,5.0
2472,DP-cf12cdd5-8a54-5aaf-8ce2-7feed86b74c8,Ucchal Mann,31,Motorcycle,2026-05-29,4.33
2473,DP-cf20e503-0ec5-5b0d-b34d-7b26fdf3b22a,Aadi Bhasin,19,Bicycle,2023-10-08,4.53
2474,DP-fd23c1b9-54dd-57b8-8975-5af9b089cc17,Anjali Krishna,9,Motorcycle,2023-11-22,4.57
2475,DP-5bc5299e-0bf9-5364-9dcb-f0990a50a09d,Indali Kala,6,Motorcycle,2024-08-29,4.39
2476,DP-8f3c4d06-52ed-5890-a435-3ca9eb38df73,Chakradev Edwin,1,Motorcycle,2025-07-13,4.98
2477,DP-f7f40d08-7350-5bbd-a421-93f0533d01ad,Charita Chakraborty,2,Motorcycle,2026-05-08,4.38
2478,DP-8babf5ff-d542-5bd2-8dfb-054b0696ea0d,Jason Dey,3,Motorcycle,2025-10-12,4.45
2479,DP-8e6c4e8f-6554-5ba0-8ff8-2a38adbf3204,Rachana Kade,6,Motorcycle,2025-10-10,4.85
2480,DP-7104127f-398b-5bb0-ad2a-af54fb8fbac1,Hema Lal,42,Electric Scooter,2024-07-16,4.34
2481,DP-a16a1ce7-534f-5bc4-8fdf-79269ea1a956,Anjali Korpal,9,Motorcycle,2025-04-03,4.08
2482,DP-70af393d-252e-5a6d-a52f-4c8f37d988f0,Harita Kade,3,Electric Scooter,2023-09-27,4.54
2483,DP-f98325e0-006d-5961-ab90-3a79936a6060,Falguni Babu,2,Motorcycle,2024-08-13,4.16
2484,DP-56608e6f-bb66-54ee-846c-47ad10bee3f7,Aarnav Soni,5,Motorcycle,2023-08-30,4.13
2485,DP-48f79c70-c02e-5ff2-995c-5c5fe9b96bb6,Aditya Ghose,26,Bicycle,2023-02-04,3.81
2486,DP-1bd17fb7-fa2d-52fb-b2c9-8e52413c7d58,Vrinda Ramaswamy,6,Motorcycle,2025-12-28,3.85
2487,DP-98b9e3c8-679f-5a69-a1c9-606e9d2aaaea,Faras Yohannan,22,Motorcycle,2025-10-23,3.87
2488,DP-05d073e6-8fd6-57d1-8f82-7604368b364b,Sai Dasgupta,25,Motorcycle,2024-10-13,5.0
2489,DP-f21cd2fa-5948-5e26-9c39-eabbb0ba5729,Krisha Parmar,2,Motorcycle,2023-01-19,3.87
2490,DP-bdacfbdf-a294-5bbf-9b50-f5ad8f69196a,Peter Anand,12,Motorcycle,2023-04-26,4.15
2491,DP-458276c5-93bb-5a1c-8152-f1b8bb8bb6bf,Turvi Prabhakar,44,Bicycle,2023-05-23,4.46
2492,DP-684eecc3-f0c1-56b0-af25-d726ce34bc4f,Sai Andra,6,Bicycle,2025-07-03,4.71
2493,DP-24e5bc39-714e-5077-864c-c7f9e34fec60,Anmol Mand,1,Motorcycle,2023-09-17,4.75
2494,DP-2fa4ae39-e190-5bac-9c5a-d4662de3eb75,Rehaan Chana,39,Motorcycle,2023-11-16,4.24
2495,DP-1c52b91b-00de-5d99-b0be-871bb0ba9ff9,Timothy Kaur,33,Motorcycle,2026-01-03,4.53
2496,DP-55d881e6-98a8-5421-b513-7f44b5540d22,Janani Bansal,9,Motorcycle,2026-01-23,4.45
2497,DP-9d9a3d3b-14dd-5fc1-adad-9660703ef4f9,Waida Kadakia,10,Motorcycle,2025-08-31,4.51
2498,DP-d483ba35-850b-5018-9d8d-504377aea1d8,Rohan Randhawa,3,Motorcycle,2024-01-31,4.55
2499,DP-cf12532b-d35d-5241-b8eb-0f3516e53aef,Arunima Tella,26,Motorcycle,2025-01-10,4.64
2500,DP-ab3bce8f-b9c4-5b84-8577-62b97052f1a9,Onkar Hari,9,Bicycle,2023-09-13,4.31
